#
# There is insufficient memory for the Java Runtime Environment to continue.
# Native memory allocation (mmap) failed to map 65536 bytes. Error detail: Failed to commit metaspace.
# Possible reasons:
#   The system is out of physical RAM or swap space
#   This process is running with CompressedOops enabled, and the Java Heap may be blocking the growth of the native heap
# Possible solutions:
#   Reduce memory load on the system
#   Increase physical memory or swap space
#   Check if swap backing store is full
#   Decrease Java heap size (-Xmx/-Xms)
#   Decrease number of Java threads
#   Decrease Java thread stack sizes (-Xss)
#   Set larger code cache with -XX:ReservedCodeCacheSize=
#   JVM is running with Unscaled Compressed Oops mode in which the Java heap is
#     placed in the first 4GB address space. The Java Heap base address is the
#     maximum limit for the native heap growth. Please use -XX:HeapBaseMinAddress
#     to set the Java Heap base and to place the Java Heap above 4GB virtual address.
# This output file may be truncated or incomplete.
#
#  Out of Memory Error (virtualSpaceNode.cpp:113), pid=29728, tid=7680
#
# JRE version: OpenJDK Runtime Environment (21.0.6) (build 21.0.6+-13368085-b895.109)
# Java VM: OpenJDK 64-Bit Server VM (21.0.6+-13368085-b895.109, mixed mode, tiered, compressed oops, compressed class ptrs, g1 gc, windows-amd64)
# No core dump will be written. Minidumps are not enabled by default on client versions of Windows
#

---------------  S U M M A R Y ------------

Command Line: --add-opens=java.base/java.lang=ALL-UNNAMED --add-opens=java.base/java.lang.invoke=ALL-UNNAMED --add-opens=java.base/java.util=ALL-UNNAMED --add-opens=java.prefs/java.util.prefs=ALL-UNNAMED --add-exports=jdk.compiler/com.sun.tools.javac.api=ALL-UNNAMED --add-exports=jdk.compiler/com.sun.tools.javac.util=ALL-UNNAMED --add-opens=java.base/java.util=ALL-UNNAMED --add-opens=java.prefs/java.util.prefs=ALL-UNNAMED --add-opens=java.base/java.nio.charset=ALL-UNNAMED --add-opens=java.base/java.net=ALL-UNNAMED --add-opens=java.base/java.util.concurrent.atomic=ALL-UNNAMED --add-opens=java.xml/javax.xml.namespace=ALL-UNNAMED -XX:MaxMetaspaceSize=512m -Xmx2048m -Dfile.encoding=UTF-8 -Duser.country=IN -Duser.language=en -Duser.variant -javaagent:C:\Users\Romil\.gradle\wrapper\dists\gradle-8.13-bin\5xuhj0ry160q40clulazy9h7d\gradle-8.13\lib\agents\gradle-instrumentation-agent-8.13.jar org.gradle.launcher.daemon.bootstrap.GradleDaemon 8.13

Host: 11th Gen Intel(R) Core(TM) i5-1135G7 @ 2.40GHz, 8 cores, 7G,  Windows 11 , 64 bit Build 22621 (10.0.22621.5262)
Time: Fri Jun 13 16:18:09 2025 India Standard Time elapsed time: 5727.057412 seconds (0d 1h 35m 27s)

---------------  T H R E A D  ---------------

Current thread (0x0000025aa54e45d0):  JavaThread "WorkerExecutor Queue Thread 6"        [_thread_in_vm, id=7680, stack(0x0000009d15200000,0x0000009d15300000) (1024K)]

Stack: [0x0000009d15200000,0x0000009d15300000]
Native frames: (J=compiled Java code, j=interpreted, Vv=VM code, C=native code)
V  [jvm.dll+0x6d0639]
V  [jvm.dll+0x85eb03]
V  [jvm.dll+0x86105e]
V  [jvm.dll+0x861743]
V  [jvm.dll+0x27e6e6]
V  [jvm.dll+0x8599de]
V  [jvm.dll+0x674055]
V  [jvm.dll+0x1e3131]
V  [jvm.dll+0x1e2efe]
V  [jvm.dll+0x6769a8]
V  [jvm.dll+0x6767e2]
V  [jvm.dll+0x674a4e]
V  [jvm.dll+0x269a6f]
V  [jvm.dll+0x67ea35]
V  [jvm.dll+0x214ecc]
V  [jvm.dll+0x215415]
V  [jvm.dll+0x215df6]
V  [jvm.dll+0x20ae49]
V  [jvm.dll+0x5b1ff3]
V  [jvm.dll+0x7d6ac0]
V  [jvm.dll+0x7d6bee]
V  [jvm.dll+0x46eddd]
V  [jvm.dll+0x474728]
C  [java.dll+0x17ec]

Java frames: (J=compiled Java code, j=interpreted, Vv=VM code)
J 839  java.lang.ClassLoader.defineClass1(Ljava/lang/ClassLoader;Ljava/lang/String;[BIILjava/security/ProtectionDomain;Ljava/lang/String;)Ljava/lang/Class; java.base@21.0.6 (0 bytes) @ 0x0000025a8bfc5089 [0x0000025a8bfc4fc0+0x00000000000000c9]
J 87174 c2 java.lang.ClassLoader.defineClass(Ljava/lang/String;[BIILjava/security/ProtectionDomain;)Ljava/lang/Class; java.base@21.0.6 (43 bytes) @ 0x0000025a8c547400 [0x0000025a8c547120+0x00000000000002e0]
J 45541 c2 java.net.URLClassLoader.defineClass(Ljava/lang/String;Ljdk/internal/loader/Resource;)Ljava/lang/Class; java.base@21.0.6 (224 bytes) @ 0x0000025a8c664d3c [0x0000025a8c663be0+0x000000000000115c]
J 13482 c2 java.net.URLClassLoader.findClass(Ljava/lang/String;)Ljava/lang/Class; java.base@21.0.6 (47 bytes) @ 0x0000025a8c86c2e0 [0x0000025a8c86bc40+0x00000000000006a0]
J 85501 c2 java.lang.ClassLoader.loadClass(Ljava/lang/String;Z)Ljava/lang/Class; java.base@21.0.6 (121 bytes) @ 0x0000025a8c139e4c [0x0000025a8c139560+0x00000000000008ec]
J 3732 c2 java.lang.ClassLoader.loadClass(Ljava/lang/String;)Ljava/lang/Class; java.base@21.0.6 (7 bytes) @ 0x0000025a8c14f0ec [0x0000025a8c14f0a0+0x000000000000004c]
v  ~StubRoutines::call_stub 0x0000025a8b9d10e7
j  org.jetbrains.kotlin.fir.resolve.dfa.FirLocalVariableAssignmentAnalyzer.enterFunction(Lorg/jetbrains/kotlin/fir/declarations/FirFunction;)Ljava/util/Set;+27
j  org.jetbrains.kotlin.fir.resolve.dfa.FirDataFlowAnalyzer.enterFunction(Lorg/jetbrains/kotlin/fir/declarations/FirFunction;)V+22
j  org.jetbrains.kotlin.fir.resolve.transformers.body.resolve.FirDeclarationsResolveTransformer.transformFunction(Lorg/jetbrains/kotlin/fir/declarations/FirFunction;Lorg/jetbrains/kotlin/fir/resolve/ResolutionMode;Z)Lorg/jetbrains/kotlin/fir/declarations/FirFunction;+38
j  org.jetbrains.kotlin.fir.resolve.transformers.body.resolve.FirDeclarationsResolveTransformer.transformFunctionWithGivenSignature(Lorg/jetbrains/kotlin/fir/declarations/FirFunction;Z)Lorg/jetbrains/kotlin/fir/declarations/FirFunction;+9
j  org.jetbrains.kotlin.fir.resolve.transformers.body.resolve.FirDeclarationsResolveTransformer.access$transformFunctionWithGivenSignature(Lorg/jetbrains/kotlin/fir/resolve/transformers/body/resolve/FirDeclarationsResolveTransformer;Lorg/jetbrains/kotlin/fir/declarations/FirFunction;Z)Lorg/jetbrains/kotlin/fir/declarations/FirFunction;+3
j  org.jetbrains.kotlin.fir.resolve.transformers.body.resolve.FirDeclarationsResolveTransformer.transformSimpleFunction$lambda$61$lambda$60$lambda$59(Lorg/jetbrains/kotlin/fir/resolve/transformers/body/resolve/FirDeclarationsResolveTransformer;Lorg/jetbrains/kotlin/fir/declarations/FirSimpleFunction;Z)Lorg/jetbrains/kotlin/fir/declarations/FirSimpleFunction;+34
j  org.jetbrains.kotlin.fir.resolve.transformers.body.resolve.FirDeclarationsResolveTransformer$$Lambda+0x00000001036e6910.invoke()Ljava/lang/Object;+12
j  org.jetbrains.kotlin.fir.resolve.transformers.body.resolve.BodyResolveContext.forFunctionBody(Lorg/jetbrains/kotlin/fir/declarations/FirFunction;Lorg/jetbrains/kotlin/fir/resolve/SessionHolder;Lkotlin/jvm/functions/Function0;)Ljava/lang/Object;+294
j  org.jetbrains.kotlin.fir.resolve.transformers.body.resolve.FirDeclarationsResolveTransformer.transformSimpleFunction(Lorg/jetbrains/kotlin/fir/declarations/FirSimpleFunction;Lorg/jetbrains/kotlin/fir/resolve/ResolutionMode;)Lorg/jetbrains/kotlin/fir/declarations/FirSimpleFunction;+392
j  org.jetbrains.kotlin.fir.resolve.transformers.body.resolve.FirAbstractBodyResolveTransformerDispatcher.transformSimpleFunction(Lorg/jetbrains/kotlin/fir/declarations/FirSimpleFunction;Lorg/jetbrains/kotlin/fir/resolve/ResolutionMode;)Lorg/jetbrains/kotlin/fir/declarations/FirSimpleFunction;+49
j  org.jetbrains.kotlin.fir.resolve.transformers.body.resolve.FirAbstractBodyResolveTransformerDispatcher.transformSimpleFunction(Lorg/jetbrains/kotlin/fir/declarations/FirSimpleFunction;Ljava/lang/Object;)Lorg/jetbrains/kotlin/fir/expressions/FirStatement;+6
j  org.jetbrains.kotlin.fir.declarations.FirSimpleFunction.transform(Lorg/jetbrains/kotlin/fir/visitors/FirTransformer;Ljava/lang/Object;)Lorg/jetbrains/kotlin/fir/FirElement;+9
j  org.jetbrains.kotlin.fir.visitors.FirTransformerUtilKt.transformSingle(Lorg/jetbrains/kotlin/fir/FirElement;Lorg/jetbrains/kotlin/fir/visitors/FirTransformer;Ljava/lang/Object;)Lorg/jetbrains/kotlin/fir/FirElement;+18
j  org.jetbrains.kotlin.analysis.low.level.api.fir.transformers.LLFirAbstractBodyTargetResolver.rawResolve(Lorg/jetbrains/kotlin/fir/FirElementWithResolveState;)V+20
j  org.jetbrains.kotlin.analysis.low.level.api.fir.transformers.LLFirBodyTargetResolver.rawResolve(Lorg/jetbrains/kotlin/fir/FirElementWithResolveState;)V+8
j  org.jetbrains.kotlin.analysis.low.level.api.fir.transformers.LLFirAbstractBodyTargetResolver.resolve(Lorg/jetbrains/kotlin/fir/FirElementWithResolveState;Lorg/jetbrains/kotlin/analysis/low/level/api/fir/transformers/StateKeeper;)V+66
j  org.jetbrains.kotlin.analysis.low.level.api.fir.transformers.LLFirBodyTargetResolver.doLazyResolveUnderLock(Lorg/jetbrains/kotlin/fir/FirElementWithResolveState;)V+104
J 88104 c1 org.jetbrains.kotlin.analysis.low.level.api.fir.transformers.LLFirTargetResolver.performResolve(Lorg/jetbrains/kotlin/fir/FirElementWithResolveState;)V (546 bytes) @ 0x0000025a86a113ec [0x0000025a86a0e4c0+0x0000000000002f2c]
j  org.jetbrains.kotlin.analysis.low.level.api.fir.transformers.LLFirTargetResolver.performAction(Lorg/jetbrains/kotlin/fir/FirElementWithResolveState;)V+9
J 88793 c1 org.jetbrains.kotlin.analysis.low.level.api.fir.api.targets.LLFirSingleResolveTarget.visitTargetElement(Lorg/jetbrains/kotlin/fir/FirElementWithResolveState;Lorg/jetbrains/kotlin/analysis/low/level/api/fir/api/targets/LLFirResolveTargetVisitor;)V (27 bytes) @ 0x0000025a8797bd3c [0x0000025a8797b640+0x00000000000006fc]
J 88230 c1 org.jetbrains.kotlin.analysis.low.level.api.fir.api.targets.LLFirResolveTarget.goToTarget(Ljava/util/Iterator;Lorg/jetbrains/kotlin/analysis/low/level/api/fir/api/targets/LLFirResolveTargetVisitor;)V (166 bytes) @ 0x0000025a85a777dc [0x0000025a85a75f80+0x000000000000185c]
J 87636 c1 org.jetbrains.kotlin.analysis.low.level.api.fir.api.targets.LLFirResolveTarget$$Lambda+0x0000000103326220.invoke()Ljava/lang/Object; (16 bytes) @ 0x0000025a874b950c [0x0000025a874b9440+0x00000000000000cc]
j  org.jetbrains.kotlin.analysis.low.level.api.fir.transformers.LLFirAbstractBodyTargetResolver.withContainingRegularClass$lambda$4$lambda$3(Lkotlin/jvm/functions/Function0;Lorg/jetbrains/kotlin/fir/declarations/FirRegularClass;)Lorg/jetbrains/kotlin/fir/declarations/FirRegularClass;+1
j  org.jetbrains.kotlin.analysis.low.level.api.fir.transformers.LLFirAbstractBodyTargetResolver$$Lambda+0x00000001036a7bc8.invoke()Ljava/lang/Object;+8
j  org.jetbrains.kotlin.fir.resolve.transformers.body.resolve.FirDeclarationsResolveTransformer.withRegularClass$lambda$54(Lkotlin/jvm/functions/Function0;)Lorg/jetbrains/kotlin/fir/declarations/FirRegularClass;+1
j  org.jetbrains.kotlin.fir.resolve.transformers.body.resolve.FirDeclarationsResolveTransformer$$Lambda+0x00000001036c21c8.invoke()Ljava/lang/Object;+4
j  org.jetbrains.kotlin.fir.resolve.transformers.body.resolve.BodyResolveContext.withRegularClass$lambda$16$lambda$15(Lorg/jetbrains/kotlin/fir/resolve/transformers/body/resolve/BodyResolveContext;Lorg/jetbrains/kotlin/fir/declarations/FirRegularClass;Lkotlin/jvm/functions/Function0;)Ljava/lang/Object;+27
j  org.jetbrains.kotlin.fir.resolve.transformers.body.resolve.BodyResolveContext$$Lambda+0x00000001036b8238.invoke()Ljava/lang/Object;+12
j  org.jetbrains.kotlin.fir.resolve.transformers.body.resolve.BodyResolveContext.withScopesForClass(Lorg/jetbrains/kotlin/fir/declarations/FirClass;Lorg/jetbrains/kotlin/fir/resolve/SessionHolder;Lkotlin/jvm/functions/Function0;)Ljava/lang/Object;+627
j  org.jetbrains.kotlin.fir.resolve.transformers.body.resolve.BodyResolveContext.withRegularClass(Lorg/jetbrains/kotlin/fir/declarations/FirRegularClass;Lorg/jetbrains/kotlin/fir/resolve/SessionHolder;Lkotlin/jvm/functions/Function0;)Ljava/lang/Object;+127
j  org.jetbrains.kotlin.fir.resolve.transformers.body.resolve.FirDeclarationsResolveTransformer.withRegularClass(Lorg/jetbrains/kotlin/fir/declarations/FirRegularClass;Lkotlin/jvm/functions/Function0;)Lorg/jetbrains/kotlin/fir/declarations/FirRegularClass;+87
j  org.jetbrains.kotlin.analysis.low.level.api.fir.transformers.LLFirAbstractBodyTargetResolver.withContainingRegularClass(Lorg/jetbrains/kotlin/fir/declarations/FirRegularClass;Lkotlin/jvm/functions/Function0;)V+80
J 89140 c1 org.jetbrains.kotlin.analysis.low.level.api.fir.transformers.LLFirTargetResolver.withRegularClass(Lorg/jetbrains/kotlin/fir/declarations/FirRegularClass;Lkotlin/jvm/functions/Function0;)V (351 bytes) @ 0x0000025a8603f8cc [0x0000025a8603f100+0x00000000000007cc]
J 88230 c1 org.jetbrains.kotlin.analysis.low.level.api.fir.api.targets.LLFirResolveTarget.goToTarget(Ljava/util/Iterator;Lorg/jetbrains/kotlin/analysis/low/level/api/fir/api/targets/LLFirResolveTargetVisitor;)V (166 bytes) @ 0x0000025a85a7769c [0x0000025a85a75f80+0x000000000000171c]
J 87820 c1 org.jetbrains.kotlin.analysis.low.level.api.fir.api.targets.LLFirResolveTarget$$Lambda+0x00000001032e6838.invoke()Ljava/lang/Object; (16 bytes) @ 0x0000025a8691fe8c [0x0000025a8691fdc0+0x00000000000000cc]
j  org.jetbrains.kotlin.analysis.low.level.api.fir.transformers.LLFirAbstractBodyTargetResolver.withContainingFile$lambda$1(Lkotlin/jvm/functions/Function0;Lorg/jetbrains/kotlin/fir/declarations/FirFile;)Lorg/jetbrains/kotlin/fir/declarations/FirFile;+1
j  org.jetbrains.kotlin.analysis.low.level.api.fir.transformers.LLFirAbstractBodyTargetResolver$$Lambda+0x000000010340b2e8.invoke()Ljava/lang/Object;+8
j  org.jetbrains.kotlin.fir.resolve.transformers.body.resolve.FirDeclarationsResolveTransformer.withFile(Lorg/jetbrains/kotlin/fir/declarations/FirFile;Lkotlin/jvm/functions/Function0;)Lorg/jetbrains/kotlin/fir/declarations/FirFile;+317
j  org.jetbrains.kotlin.analysis.low.level.api.fir.transformers.LLFirAbstractBodyTargetResolver.withContainingFile(Lorg/jetbrains/kotlin/fir/declarations/FirFile;Lkotlin/jvm/functions/Function0;)V+31
j  org.jetbrains.kotlin.analysis.low.level.api.fir.transformers.LLFirTargetResolver.withFile(Lorg/jetbrains/kotlin/fir/declarations/FirFile;Lkotlin/jvm/functions/Function0;)V+42
J 88230 c1 org.jetbrains.kotlin.analysis.low.level.api.fir.api.targets.LLFirResolveTarget.goToTarget(Ljava/util/Iterator;Lorg/jetbrains/kotlin/analysis/low/level/api/fir/api/targets/LLFirResolveTargetVisitor;)V (166 bytes) @ 0x0000025a85a76edc [0x0000025a85a75f80+0x0000000000000f5c]
J 87822 c1 org.jetbrains.kotlin.analysis.low.level.api.fir.api.targets.LLFirResolveTarget.visit(Lorg/jetbrains/kotlin/analysis/low/level/api/fir/api/targets/LLFirResolveTargetVisitor;)V (32 bytes) @ 0x0000025a8746305c [0x0000025a874629a0+0x00000000000006bc]
j  org.jetbrains.kotlin.analysis.low.level.api.fir.transformers.LLFirTargetResolver.resolveDesignation()V+12
j  org.jetbrains.kotlin.analysis.low.level.api.fir.transformers.LLFirLazyResolver.resolve(Lorg/jetbrains/kotlin/analysis/low/level/api/fir/api/targets/LLFirResolveTarget;)V+206
j  org.jetbrains.kotlin.analysis.low.level.api.fir.transformers.LLFirLazyResolverRunner.runLazyResolverByPhase(Lorg/jetbrains/kotlin/fir/declarations/FirResolvePhase;Lorg/jetbrains/kotlin/analysis/low/level/api/fir/api/targets/LLFirResolveTarget;)V+57
j  org.jetbrains.kotlin.analysis.low.level.api.fir.lazy.resolve.LLFirModuleLazyDeclarationResolver.lazyResolveTargets(Lorg/jetbrains/kotlin/analysis/low/level/api/fir/api/targets/LLFirResolveTarget;Lorg/jetbrains/kotlin/fir/declarations/FirResolvePhase;)V+61
J 87629 c1 org.jetbrains.kotlin.analysis.low.level.api.fir.lazy.resolve.LLFirModuleLazyDeclarationResolver.lazyResolve(Lorg/jetbrains/kotlin/fir/FirElementWithResolveState;Lorg/jetbrains/kotlin/fir/declarations/FirResolvePhase;)V (111 bytes) @ 0x0000025a868162e4 [0x0000025a86815380+0x0000000000000f64]
J 87630 c1 org.jetbrains.kotlin.analysis.low.level.api.fir.LLFirLazyDeclarationResolver.lazyResolveToPhase(Lorg/jetbrains/kotlin/fir/FirElementWithResolveState;Lorg/jetbrains/kotlin/fir/declarations/FirResolvePhase;)V (36 bytes) @ 0x0000025a86214bfc [0x0000025a86213b60+0x000000000000109c]
J 87266 c1 org.jetbrains.kotlin.fir.symbols.FirLazyDeclarationResolverKt$lazyResolveToPhase$1.invoke(Ljava/lang/Object;Ljava/lang/Object;Ljava/lang/Object;)Ljava/lang/Object; (20 bytes) @ 0x0000025a8603d07c [0x0000025a8603c540+0x0000000000000b3c]
J 87261 c1 org.jetbrains.kotlin.fir.symbols.FirLazyDeclarationResolverKt.invokeLazyResolveToPhase(Lorg/jetbrains/kotlin/fir/FirElementWithResolveState;Lorg/jetbrains/kotlin/fir/declarations/FirResolvePhase;Lkotlin/jvm/functions/Function3;)V (89 bytes) @ 0x0000025a85b0e08c [0x0000025a85b0d4e0+0x0000000000000bac]
J 87265 c1 org.jetbrains.kotlin.fir.symbols.FirLazyDeclarationResolverKt.lazyResolveToPhase(Lorg/jetbrains/kotlin/fir/FirElementWithResolveState;Lorg/jetbrains/kotlin/fir/declarations/FirResolvePhase;)V (24 bytes) @ 0x0000025a8824d6f4 [0x0000025a8824d1a0+0x0000000000000554]
j  org.jetbrains.kotlin.analysis.low.level.api.fir.file.structure.FileStructure.createDeclarationStructure(Lorg/jetbrains/kotlin/psi/KtDeclaration;)Lorg/jetbrains/kotlin/analysis/low/level/api/fir/file/structure/FileStructureElement;+20
j  org.jetbrains.kotlin.analysis.low.level.api.fir.file.structure.FileStructure.createStructureElement(Lorg/jetbrains/kotlin/psi/KtElement;)Lorg/jetbrains/kotlin/analysis/low/level/api/fir/file/structure/FileStructureElement;+113
j  org.jetbrains.kotlin.analysis.low.level.api.fir.file.structure.FileStructure.getStructureElementFor(Lorg/jetbrains/kotlin/psi/KtElement;Lorg/jetbrains/kotlin/psi/KtDeclaration;)Lorg/jetbrains/kotlin/analysis/low/level/api/fir/file/structure/FileStructureElement;+43
j  org.jetbrains.kotlin.analysis.low.level.api.fir.element.builder.FirElementBuilder.getFirForNonKtFileElement(Lorg/jetbrains/kotlin/psi/KtElement;)Lorg/jetbrains/kotlin/fir/FirElement;+170
j  org.jetbrains.kotlin.analysis.low.level.api.fir.element.builder.FirElementBuilder.getOrBuildFirFor(Lorg/jetbrains/kotlin/psi/KtElement;)Lorg/jetbrains/kotlin/fir/FirElement;+36
j  org.jetbrains.kotlin.analysis.low.level.api.fir.state.LLFirResolvableResolveSession.getOrBuildFirFor$low_level_api_fir(Lorg/jetbrains/kotlin/psi/KtElement;)Lorg/jetbrains/kotlin/fir/FirElement;+17
j  org.jetbrains.kotlin.analysis.low.level.api.fir.api.LowLevelFirApiFacadeKt.getOrBuildFir(Lorg/jetbrains/kotlin/psi/KtElement;Lorg/jetbrains/kotlin/analysis/low/level/api/fir/api/LLFirResolveSession;)Lorg/jetbrains/kotlin/fir/FirElement;+14
j  org.jetbrains.kotlin.analysis.api.fir.components.KaFirResolver.doResolveCall(Lorg/jetbrains/kotlin/psi/KtElement;)Lorg/jetbrains/kotlin/analysis/api/resolution/KaCallInfo;+183
j  org.jetbrains.kotlin.analysis.api.impl.base.components.KaAbstractResolver.resolveToCall(Lorg/jetbrains/kotlin/psi/KtElement;)Lorg/jetbrains/kotlin/analysis/api/resolution/KaCallInfo;+150
j  org.jetbrains.kotlin.analysis.api.impl.base.KaBaseSession.resolveToCall(Lorg/jetbrains/kotlin/psi/KtElement;)Lorg/jetbrains/kotlin/analysis/api/resolution/KaCallInfo;+12
j  org.jetbrains.uast.kotlin.FirKotlinUastResolveProviderService.resolveSyntheticJavaPropertyAccessorCall(Lorg/jetbrains/kotlin/psi/KtSimpleNameExpression;)Lcom/intellij/psi/PsiMethod;+1668
j  org.jetbrains.uast.kotlin.KotlinUSimpleReferenceExpression.visitAccessorCalls(Lorg/jetbrains/uast/visitor/UastVisitor;)V+8
j  org.jetbrains.uast.kotlin.KotlinUSimpleReferenceExpression.accept(Lorg/jetbrains/uast/visitor/UastVisitor;)V+50
j  org.jetbrains.uast.UReturnExpression.accept(Lorg/jetbrains/uast/visitor/UastVisitor;)V+38
J 89144 c1 org.jetbrains.uast.internal.ImplementationUtilsKt.acceptList(Ljava/util/List;Lorg/jetbrains/uast/visitor/UastVisitor;)V (49 bytes) @ 0x0000025a8792ba2c [0x0000025a8792b200+0x000000000000082c]
j  org.jetbrains.uast.UBlockExpression.accept(Lorg/jetbrains/uast/visitor/UastVisitor;)V+34
j  org.jetbrains.uast.UMethod.accept(Lorg/jetbrains/uast/visitor/UastVisitor;)V+48
J 89144 c1 org.jetbrains.uast.internal.ImplementationUtilsKt.acceptList(Ljava/util/List;Lorg/jetbrains/uast/visitor/UastVisitor;)V (49 bytes) @ 0x0000025a8792ba2c [0x0000025a8792b200+0x000000000000082c]
j  org.jetbrains.uast.kotlin.AbstractKotlinUClass.accept(Lorg/jetbrains/uast/visitor/UastVisitor;)V+42
j  org.jetbrains.uast.internal.ImplementationUtilsKt.acceptList(Ljava/util/List;Lorg/jetbrains/uast/visitor/UastVisitor;)V+40
j  org.jetbrains.uast.UFile.accept(Lorg/jetbrains/uast/visitor/UastVisitor;)V+44
j  com.android.tools.lint.detector.api.UastLintUtilsKt.acceptSourceFile(Lorg/jetbrains/uast/UFile;Lorg/jetbrains/uast/visitor/UastVisitor;)V+148
j  com.android.tools.lint.client.api.UElementVisitor.visitFile$lambda$4(Lcom/android/tools/lint/client/api/UElementVisitor;Lcom/android/tools/lint/detector/api/JavaContext;Lorg/jetbrains/uast/UFile;)V+15
j  com.android.tools.lint.client.api.UElementVisitor$$Lambda+0x000000010305cf10.run()V+12
j  com.android.tools.lint.client.api.LintClient.runReadAction(Ljava/lang/Runnable;)V+8
j  com.android.tools.lint.client.api.LintDriver$LintClientWrapper.runReadAction(Ljava/lang/Runnable;)V+12
j  com.android.tools.lint.client.api.UElementVisitor.visitFile(Lcom/android/tools/lint/detector/api/JavaContext;)V+95
j  com.android.tools.lint.client.api.LintDriver.visitUastDetectors$lambda$42(Lcom/android/tools/lint/client/api/UElementVisitor;Lcom/android/tools/lint/detector/api/JavaContext;)V+2
j  com.android.tools.lint.client.api.LintDriver$$Lambda+0x0000000103012bc0.run()V+8
j  com.android.tools.lint.client.api.LintClient.runReadAction(Ljava/lang/Runnable;)V+8
j  com.android.tools.lint.client.api.LintDriver$LintClientWrapper.runReadAction(Ljava/lang/Runnable;)V+12
j  com.android.tools.lint.client.api.LintDriver.visitUastDetectors(Ljava/util/List;Lcom/android/tools/lint/client/api/UElementVisitor;)Z+54
j  com.android.tools.lint.client.api.LintDriver.visitUast(Lcom/android/tools/lint/detector/api/Project;Lcom/android/tools/lint/detector/api/Project;Lcom/android/tools/lint/client/api/UastParser$UastSourceList;Ljava/util/List;)V+66
j  com.android.tools.lint.client.api.LintDriver.runFileDetectors(Lcom/android/tools/lint/detector/api/Project;Lcom/android/tools/lint/detector/api/Project;Ljava/util/List;)V+1065
j  com.android.tools.lint.client.api.LintDriver.checkProject(Lcom/android/tools/lint/detector/api/Project;Lcom/android/tools/lint/detector/api/Project;)V+393
j  com.android.tools.lint.client.api.LintDriver.checkProjectRoot(Lcom/android/tools/lint/detector/api/Project;)V+107
j  com.android.tools.lint.client.api.LintDriver.access$checkProjectRoot(Lcom/android/tools/lint/client/api/LintDriver;Lcom/android/tools/lint/detector/api/Project;)V+2
j  com.android.tools.lint.client.api.LintDriver$analyzeOnly$1.invoke(Ljava/util/Collection;)V+15
j  com.android.tools.lint.client.api.LintDriver$analyzeOnly$1.invoke(Ljava/lang/Object;)Ljava/lang/Object;+5
j  com.android.tools.lint.client.api.LintDriver.doAnalyze(ZLkotlin/jvm/functions/Function1;)V+123
j  com.android.tools.lint.client.api.LintDriver.analyzeOnly()V+78
j  com.android.tools.lint.LintCliClient$analyzeOnly$1.invoke()V+7
j  com.android.tools.lint.LintCliClient$analyzeOnly$1.invoke()Ljava/lang/Object;+1
j  com.android.tools.lint.LintCliClient.run(Lcom/android/tools/lint/client/api/IssueRegistry;Lcom/android/tools/lint/client/api/LintRequest;Lkotlin/jvm/functions/Function0;Lkotlin/jvm/functions/Function0;)I+85
j  com.android.tools.lint.LintCliClient.analyzeOnly(Lcom/android/tools/lint/client/api/IssueRegistry;Lcom/android/tools/lint/client/api/LintRequest;)I+69
j  com.android.tools.lint.Main.run(Lcom/android/tools/lint/LintCliClient;Lcom/android/tools/lint/client/api/LintRequest;Lcom/android/tools/lint/Main$ArgumentState;)I+56
j  com.android.tools.lint.Main.run([Ljava/lang/String;)I+105
j  java.lang.invoke.LambdaForm$DMH+0x00000001002e8000.invokeVirtual(Ljava/lang/Object;Ljava/lang/Object;Ljava/lang/Object;)I+11 java.base@21.0.6
j  java.lang.invoke.LambdaForm$MH+0x0000000102848c00.invoke(Ljava/lang/Object;Ljava/lang/Object;Ljava/lang/Object;)Ljava/lang/Object;+52 java.base@21.0.6
J 32786 c2 java.lang.reflect.Method.invoke(Ljava/lang/Object;[Ljava/lang/Object;)Ljava/lang/Object; java.base@21.0.6 (108 bytes) @ 0x0000025a8d359b74 [0x0000025a8d359780+0x00000000000003f4]
j  com.android.build.gradle.internal.lint.AndroidLintWorkAction.invokeLintMainRunMethod(Ljava/lang/ClassLoader;Ljava/util/List;)I+104
j  com.android.build.gradle.internal.lint.AndroidLintWorkAction.runLint(Ljava/util/List;Z)I+60
j  com.android.build.gradle.internal.lint.AndroidLintWorkAction.execute()V+148
j  org.gradle.workers.internal.DefaultWorkerServer.execute(Lorg/gradle/workers/internal/SimpleActionExecutionSpec;)Lorg/gradle/workers/internal/DefaultWorkResult;+128
j  org.gradle.workers.internal.NoIsolationWorkerFactory$1$1.create()Lorg/gradle/workers/internal/DefaultWorkResult;+29
j  org.gradle.workers.internal.NoIsolationWorkerFactory$1$1.create()Ljava/lang/Object;+1
j  org.gradle.internal.classloader.ClassLoaderUtils.executeInClassloader(Ljava/lang/ClassLoader;Lorg/gradle/internal/Factory;)Ljava/lang/Object;+15
j  org.gradle.workers.internal.NoIsolationWorkerFactory$1.lambda$execute$0(Ljava/lang/ClassLoader;Lorg/gradle/workers/WorkerExecutor;Lorg/gradle/workers/internal/IsolatedParametersActionExecutionSpec;)Lorg/gradle/workers/internal/DefaultWorkResult;+10
j  org.gradle.workers.internal.NoIsolationWorkerFactory$1$$Lambda+0x0000000101853ae8.execute(Lorg/gradle/workers/internal/IsolatedParametersActionExecutionSpec;)Lorg/gradle/workers/internal/DefaultWorkResult;+13
j  org.gradle.workers.internal.AbstractWorker$1.call(Lorg/gradle/internal/operations/BuildOperationContext;)Lorg/gradle/workers/internal/DefaultWorkResult;+8
j  org.gradle.workers.internal.AbstractWorker$1.call(Lorg/gradle/internal/operations/BuildOperationContext;)Ljava/lang/Object;+2
J 38063 c2 org.gradle.internal.operations.DefaultBuildOperationRunner$CallableBuildOperationWorker.execute(Lorg/gradle/internal/operations/BuildOperation;Lorg/gradle/internal/operations/BuildOperationContext;)V (10 bytes) @ 0x0000025a8d46e794 [0x0000025a8d46e720+0x0000000000000074]
J 82891 c1 org.gradle.internal.operations.DefaultBuildOperationRunner$2.execute(Lorg/gradle/internal/operations/BuildOperationDescriptor;Lorg/gradle/internal/operations/BuildOperationState;Lorg/gradle/internal/operations/BuildOperationState;Lorg/gradle/internal/operations/DefaultBuildOperationRunner$ReadableBuildOperationContext;Lorg/gradle/internal/operations/DefaultBuildOperationRunner$BuildOperationExecutionListener;)Lorg/gradle/internal/operations/BuildOperation; (110 bytes) @ 0x0000025a86467334 [0x0000025a86467140+0x00000000000001f4]
J 82894 c1 org.gradle.internal.operations.DefaultBuildOperationRunner$2.execute(Lorg/gradle/internal/operations/BuildOperationDescriptor;Lorg/gradle/internal/operations/BuildOperationState;Lorg/gradle/internal/operations/BuildOperationState;Lorg/gradle/internal/operations/DefaultBuildOperationRunner$ReadableBuildOperationContext;Lorg/gradle/internal/operations/DefaultBuildOperationRunner$BuildOperationExecutionListener;)Ljava/lang/Object; (12 bytes) @ 0x0000025a8868823c [0x0000025a886881c0+0x000000000000007c]
J 52887 c2 org.gradle.internal.operations.DefaultBuildOperationRunner.execute(Lorg/gradle/internal/operations/BuildOperationDescriptor$Builder;Lorg/gradle/internal/operations/BuildOperationState;Lorg/gradle/internal/operations/DefaultBuildOperationRunner$BuildOperationExecution;)Ljava/lang/Object; (147 bytes) @ 0x0000025a8d74a4b0 [0x0000025a8d749ce0+0x00000000000007d0]
J 36551 c2 org.gradle.internal.operations.DefaultBuildOperationRunner.call(Lorg/gradle/internal/operations/CallableBuildOperation;)Ljava/lang/Object; (24 bytes) @ 0x0000025a8d063e4c [0x0000025a8d063c80+0x00000000000001cc]
j  org.gradle.workers.internal.AbstractWorker.executeWrappedInBuildOperation(Lorg/gradle/workers/internal/IsolatedParametersActionExecutionSpec;Lorg/gradle/internal/operations/BuildOperationRef;Lorg/gradle/workers/internal/AbstractWorker$Work;)Lorg/gradle/workers/internal/DefaultWorkResult;+15
j  org.gradle.workers.internal.NoIsolationWorkerFactory$1.execute(Lorg/gradle/workers/internal/IsolatedParametersActionExecutionSpec;Lorg/gradle/internal/operations/BuildOperationRef;)Lorg/gradle/workers/internal/DefaultWorkResult;+17
j  org.gradle.workers.internal.DefaultWorkerExecutor.lambda$submitWork$0(Lorg/gradle/workers/internal/WorkerFactory;Lorg/gradle/workers/internal/WorkerRequirement;Lorg/gradle/workers/internal/IsolatedParametersActionExecutionSpec;Lorg/gradle/internal/operations/BuildOperationRef;)Lorg/gradle/workers/internal/DefaultWorkResult;+13
j  org.gradle.workers.internal.DefaultWorkerExecutor$$Lambda+0x00000001017efcf0.call()Ljava/lang/Object;+16
J 54940 c2 java.util.concurrent.FutureTask.run()V java.base@21.0.6 (123 bytes) @ 0x0000025a8c4395cc [0x0000025a8c439320+0x00000000000002ac]
j  org.gradle.internal.work.DefaultConditionalExecutionQueue$ExecutionRunner.runExecution(Lorg/gradle/internal/work/ConditionalExecution;)V+6
j  org.gradle.internal.work.DefaultConditionalExecutionQueue$ExecutionRunner.access$700(Lorg/gradle/internal/work/DefaultConditionalExecutionQueue$ExecutionRunner;Lorg/gradle/internal/work/ConditionalExecution;)V+2
j  org.gradle.internal.work.DefaultConditionalExecutionQueue$ExecutionRunner$1.run()V+14
J 62149 c1 org.gradle.internal.Factories$1.create()Ljava/lang/Object; (11 bytes) @ 0x0000025a876643c4 [0x0000025a876642c0+0x0000000000000104]
J 38280 c1 org.gradle.internal.work.DefaultWorkerLeaseService.withLocks(Ljava/util/Collection;Lorg/gradle/internal/Factory;)Ljava/lang/Object; (53 bytes) @ 0x0000025a84bc2414 [0x0000025a84bc1fc0+0x0000000000000454]
J 33118 c1 org.gradle.internal.work.DefaultWorkerLeaseService.runAsWorkerThread(Lorg/gradle/internal/Factory;)Ljava/lang/Object; (37 bytes) @ 0x0000025a88277284 [0x0000025a88276ce0+0x00000000000005a4]
j  org.gradle.internal.work.DefaultWorkerLeaseService.runAsWorkerThread(Ljava/lang/Runnable;)V+5
j  org.gradle.internal.work.DefaultConditionalExecutionQueue$ExecutionRunner.runBatch(Lorg/gradle/internal/work/ConditionalExecution;)V+16
j  org.gradle.internal.work.DefaultConditionalExecutionQueue$ExecutionRunner.run()V+11
J 62275 c2 java.util.concurrent.Executors$RunnableAdapter.call()Ljava/lang/Object; java.base@21.0.6 (14 bytes) @ 0x0000025a8dec12bc [0x0000025a8dec0ce0+0x00000000000005dc]
J 54940 c2 java.util.concurrent.FutureTask.run()V java.base@21.0.6 (123 bytes) @ 0x0000025a8c4395cc [0x0000025a8c439320+0x00000000000002ac]
J 62594 c2 org.gradle.internal.concurrent.AbstractManagedExecutor$1.run()V (57 bytes) @ 0x0000025a8df6782c [0x0000025a8df674e0+0x000000000000034c]
J 50873 c1 java.util.concurrent.ThreadPoolExecutor.runWorker(Ljava/util/concurrent/ThreadPoolExecutor$Worker;)V java.base@21.0.6 (187 bytes) @ 0x0000025a86427314 [0x0000025a864269c0+0x0000000000000954]
J 51514 c1 java.util.concurrent.ThreadPoolExecutor$Worker.run()V java.base@21.0.6 (9 bytes) @ 0x0000025a85e56fcc [0x0000025a85e56f40+0x000000000000008c]
J 51215 c1 java.lang.Thread.run()V java.base@21.0.6 (23 bytes) @ 0x0000025a856cce5c [0x0000025a856ccc60+0x00000000000001fc]
v  ~StubRoutines::call_stub 0x0000025a8b9d10e7

Compiled method (n/a) 5727926  839     n 0       java.lang.ClassLoader::defineClass1 (native)
 total in heap  [0x0000025a8bfc4e10,0x0000025a8bfc5568] = 1880
 relocation     [0x0000025a8bfc4f70,0x0000025a8bfc4fb0] = 64
 main code      [0x0000025a8bfc4fc0,0x0000025a8bfc5567] = 1447
 stub code      [0x0000025a8bfc5567,0x0000025a8bfc5568] = 1

[Constant Pool (empty)]

[MachCode]
[Entry Point]
  # {method} {0x0000025a99025018} 'defineClass1' '(Ljava/lang/ClassLoader;Ljava/lang/String;[BIILjava/security/ProtectionDomain;Ljava/lang/String;)Ljava/lang/Class;' in 'java/lang/ClassLoader'
  # parm0:    rdx:rdx   = 'java/lang/ClassLoader'
  # parm1:    r8:r8     = 'java/lang/String'
  # parm2:    r9:r9     = '[B'
  # parm3:    rdi       = int
  # parm4:    rsi       = int
  # parm5:    rcx:rcx   = 'java/security/ProtectionDomain'
  # parm6:    [sp+0xa0]   = 'java/lang/String'  (sp of caller)
  0x0000025a8bfc4fc0: 448b 5208 | 49c1 e203 | 493b c20f | 8407 0000 

  0x0000025a8bfc4fd0: ;   {runtime_call ic_miss_stub}
  0x0000025a8bfc4fd0: 00e9 aa99 | a5ff 6690 
[Verified Entry Point]
  0x0000025a8bfc4fd8: 8984 2400 | 80ff ff55 | 488b ec48 | 81ec 9000 | 0000 6690 | 4181 7f20 | 5400 0000 

  0x0000025a8bfc4ff4: ;   {runtime_call StubRoutines (final stubs)}
  0x0000025a8bfc4ff4: 7405 e805 | 60a4 ff48 | 837d 1000 | 488d 4510 | 480f 4445 | 1048 8944 | 2440 4889 | 4c24 7048 
  0x0000025a8bfc5014: 83f9 0048 | 8d44 2470 | 480f 4444 | 2470 4889 | 4424 3848 | 8974 2430 | 4889 7c24 | 284c 894c 
  0x0000025a8bfc5034: 2458 4983 | f900 488d | 4424 5848 | 0f44 4424 | 5848 8944 | 2420 4c89 | 4424 5049 | 83f8 004c 
  0x0000025a8bfc5054: 8d4c 2450 | 4c0f 444c | 2450 4889 | 5424 4848 | 83fa 004c | 8d44 2448 | 4c0f 4444 

  0x0000025a8bfc5070: ;   {oop(a 'java/lang/Class'{0x0000000080813c10} = 'java/lang/ClassLoader')}
  0x0000025a8bfc5070: 2448 49be | 103c 8180 | 0000 0000 | 4c89 7424 | 784c 8d74 | 2478 498b | d6c5 f877 

  0x0000025a8bfc508c: ;   {internal_word}
  0x0000025a8bfc508c: 49ba 8950 | fc8b 5a02 | 0000 4d89 | 97a0 0300 | 0049 89a7 | 9803 0000 

  0x0000025a8bfc50a4: ;   {external_word}
  0x0000025a8bfc50a4: 49ba 8057 | ea06 ff7f | 0000 4180 | 3a00 0f84 | 4e00 0000 | 5241 5041 

  0x0000025a8bfc50bc: ;   {metadata({method} {0x0000025a99025018} 'defineClass1' '(Ljava/lang/ClassLoader;Ljava/lang/String;[BIILjava/security/ProtectionDomain;Ljava/lang/String;)Ljava/lang/Class;' in 'java/lang/ClassLoader')}
  0x0000025a8bfc50bc: 5148 ba10 | 5002 995a | 0200 0049 | 8bcf 4883 | ec20 40f6 | c40f 0f84 | 1900 0000 | 4883 ec08 
  0x0000025a8bfc50dc: ;   {runtime_call}
  0x0000025a8bfc50dc: 48b8 5077 | a406 ff7f | 0000 ffd0 | 4883 c408 | e90c 0000 

  0x0000025a8bfc50f0: ;   {runtime_call}
  0x0000025a8bfc50f0: 0048 b850 | 77a4 06ff | 7f00 00ff | d048 83c4 | 2041 5941 | 585a 498d | 8fb8 0300 | 0041 c787 
  0x0000025a8bfc5110: 4404 0000 | 0400 0000 

  0x0000025a8bfc5118: ;   {runtime_call}
  0x0000025a8bfc5118: 48b8 ac16 | 8c41 ff7f | 0000 ffd0 | c5f8 7741 | c787 4404 | 0000 0500 | 0000 f083 | 4424 c000 
  0x0000025a8bfc5138: 493b af48 | 0400 000f | 870e 0000 | 0041 83bf | 4004 0000 | 000f 842b | 0000 00c5 | f877 4889 
  0x0000025a8bfc5158: 45f8 498b | cf4c 8be4 | 4883 ec20 | 4883 e4f0 

  0x0000025a8bfc5168: ;   {runtime_call}
  0x0000025a8bfc5168: 48b8 20dc | 6f06 ff7f | 0000 ffd0 | 498b e44d | 33e4 488b | 45f8 41c7 | 8744 0400 | 0008 0000 
  0x0000025a8bfc5188: 0041 83bf | c004 0000 | 020f 84a3 

  0x0000025a8bfc5194: ;   {external_word}
  0x0000025a8bfc5194: 0300 0049 | ba80 57ea | 06ff 7f00 | 0041 803a | 000f 844c | 0000 0048 

  0x0000025a8bfc51ac: ;   {metadata({method} {0x0000025a99025018} 'defineClass1' '(Ljava/lang/ClassLoader;Ljava/lang/String;[BIILjava/security/ProtectionDomain;Ljava/lang/String;)Ljava/lang/Class;' in 'java/lang/ClassLoader')}
  0x0000025a8bfc51ac: 8945 f848 | ba10 5002 | 995a 0200 | 0049 8bcf | 4883 ec20 | 40f6 c40f | 0f84 1900 | 0000 4883 
  0x0000025a8bfc51cc: ;   {runtime_call}
  0x0000025a8bfc51cc: ec08 48b8 | 5077 a406 | ff7f 0000 | ffd0 4883 | c408 e90c 

  0x0000025a8bfc51e0: ;   {runtime_call}
  0x0000025a8bfc51e0: 0000 0048 | b850 77a4 | 06ff 7f00 | 00ff d048 | 83c4 2048 | 8b45 f849 | c787 9803 | 0000 0000 
  0x0000025a8bfc5200: 0000 49c7 | 87a0 0300 | 0000 0000 | 00c5 f877 | 4885 c00f | 84fe 0200 | 00a8 030f | 8508 0000 
  0x0000025a8bfc5220: 0048 8b00 | e9ee 0200 | 00a8 010f | 8509 0000 | 0048 8b40 | fee9 dd02 | 0000 488b | 40ff 4180 
  0x0000025a8bfc5240: 7f40 000f | 84ce 0200 | 0048 83f8 | 000f 84c4 | 0200 0049 | 8b4f 2848 | 83f9 000f | 8414 0000 
  0x0000025a8bfc5260: 0048 83e9 | 0849 894f | 2849 034f | 3848 8901 | e9a2 0200 | 0048 81ec | 5001 0000 | 4889 0424 
  0x0000025a8bfc5280: 4889 4c24 | 0848 8954 | 2410 4889 | 7424 1848 | 897c 2420 | 4c89 4424 | 284c 894c | 2430 4c89 
  0x0000025a8bfc52a0: 5424 384c | 895c 2440 | c5fb 1144 | 2450 c5fb | 114c 2458 | c5fb 1154 | 2460 c5fb | 115c 2468 
  0x0000025a8bfc52c0: c5fb 1164 | 2470 c5fb | 116c 2478 | c5fb 11b4 | 2480 0000 | 00c5 fb11 | bc24 8800 | 0000 c57b 
  0x0000025a8bfc52e0: ;   {no_reloc}
  0x0000025a8bfc52e0: 1184 2490 | 0000 00c5 | 7b11 8c24 | 9800 0000 | c57b 1194 | 24a0 0000 | 00c5 7b11 | 9c24 a800 
  0x0000025a8bfc5300: 0000 c57b | 11a4 24b0 | 0000 00c5 | 7b11 ac24 | b800 0000 | c57b 11b4 | 24c0 0000 | 00c5 7b11 
  0x0000025a8bfc5320: bc24 c800 | 0000 62e1 | ff08 1144 | 241a 62e1 | ff08 114c | 241b 62e1 | ff08 1154 | 241c 62e1 
  0x0000025a8bfc5340: ff08 115c | 241d 62e1 | ff08 1164 | 241e 62e1 | ff08 116c | 241f 62e1 | ff08 1174 | 2420 62e1 
  0x0000025a8bfc5360: ff08 117c | 2421 6261 | ff08 1144 | 2422 6261 | ff08 114c | 2423 6261 | ff08 1154 | 2424 6261 
  0x0000025a8bfc5380: ff08 115c | 2425 6261 | ff08 1164 | 2426 6261 | ff08 116c | 2427 6261 | ff08 1174 | 2428 6261 
  0x0000025a8bfc53a0: ff08 117c | 2429 498b | d748 8bc8 | 4883 ec20 | 40f6 c40f | 0f84 1900 | 0000 4883 

  0x0000025a8bfc53bc: ;   {runtime_call}
  0x0000025a8bfc53bc: ec08 48b8 | 70ee 6206 | ff7f 0000 | ffd0 4883 | c408 e90c 

  0x0000025a8bfc53d0: ;   {runtime_call}
  0x0000025a8bfc53d0: 0000 0048 | b870 ee62 | 06ff 7f00 | 00ff d048 | 83c4 2062 | 61ff 0810 | 7c24 2962 | 61ff 0810 
  0x0000025a8bfc53f0: 7424 2862 | 61ff 0810 | 6c24 2762 | 61ff 0810 | 6424 2662 | 61ff 0810 | 5c24 2562 | 61ff 0810 
  0x0000025a8bfc5410: 5424 2462 | 61ff 0810 | 4c24 2362 | 61ff 0810 | 4424 2262 | e1ff 0810 | 7c24 2162 | e1ff 0810 
  0x0000025a8bfc5430: 7424 2062 | e1ff 0810 | 6c24 1f62 | e1ff 0810 | 6424 1e62 | e1ff 0810 | 5c24 1d62 | e1ff 0810 
  0x0000025a8bfc5450: 5424 1c62 | e1ff 0810 | 4c24 1b62 | e1ff 0810 | 4424 1ac5 | 7b10 bc24 | c800 0000 | c57b 10b4 
  0x0000025a8bfc5470: 24c0 0000 | 00c5 7b10 | ac24 b800 | 0000 c57b | 10a4 24b0 | 0000 00c5 | 7b10 9c24 | a800 0000 
  0x0000025a8bfc5490: c57b 1094 | 24a0 0000 | 00c5 7b10 | 8c24 9800 | 0000 c57b | 1084 2490 | 0000 00c5 | fb10 bc24 
  0x0000025a8bfc54b0: 8800 0000 | c5fb 10b4 | 2480 0000 | 00c5 fb10 | 6c24 78c5 | fb10 6424 | 70c5 fb10 | 5c24 68c5 
  0x0000025a8bfc54d0: ;   {no_reloc}
  0x0000025a8bfc54d0: fb10 5424 | 60c5 fb10 | 4c24 58c5 | fb10 4424 | 504c 8b5c | 2440 4c8b | 5424 384c | 8b4c 2430 
  0x0000025a8bfc54f0: 4c8b 4424 | 2848 8b7c | 2420 488b | 7424 1848 | 8b54 2410 | 488b 4c24 | 0848 8b04 | 2448 81c4 
  0x0000025a8bfc5510: 5001 0000 | c5f8 7749 | 8b8f 2804 | 0000 c781 | 0001 0000 | 0000 0000 | c949 837f | 0800 0f85 
  0x0000025a8bfc5530: 0100 0000 

  0x0000025a8bfc5534: ;   {runtime_call StubRoutines (initial stubs)}
  0x0000025a8bfc5534: c3e9 c6b9 | a0ff c5f8 | 7748 8945 | f84c 8be4 | 4883 ec20 | 4883 e4f0 

  0x0000025a8bfc554c: ;   {runtime_call}
  0x0000025a8bfc554c: 48b8 f0ae | a406 ff7f | 0000 ffd0 | 498b e44d | 33e4 488b | 45f8 e930 | fcff fff4 
[/MachCode]


Compiled method (c2) 5727943 87174       4       java.lang.ClassLoader::defineClass (43 bytes)
 total in heap  [0x0000025a8c546f10,0x0000025a8c547e90] = 3968
 relocation     [0x0000025a8c547070,0x0000025a8c547120] = 176
 main code      [0x0000025a8c547120,0x0000025a8c547750] = 1584
 stub code      [0x0000025a8c547750,0x0000025a8c5477d0] = 128
 oops           [0x0000025a8c5477d0,0x0000025a8c5477e0] = 16
 metadata       [0x0000025a8c5477e0,0x0000025a8c5478b0] = 208
 scopes data    [0x0000025a8c5478b0,0x0000025a8c547c28] = 888
 scopes pcs     [0x0000025a8c547c28,0x0000025a8c547d88] = 352
 dependencies   [0x0000025a8c547d88,0x0000025a8c547dc0] = 56
 handler table  [0x0000025a8c547dc0,0x0000025a8c547e68] = 168
 nul chk table  [0x0000025a8c547e68,0x0000025a8c547e90] = 40

[Constant Pool (empty)]

[MachCode]
[Entry Point]
  # {method} {0x0000025a99024e38} 'defineClass' '(Ljava/lang/String;[BIILjava/security/ProtectionDomain;)Ljava/lang/Class;' in 'java/lang/ClassLoader'
  # this:     rdx:rdx   = 'java/lang/ClassLoader'
  # parm0:    r8:r8     = 'java/lang/String'
  # parm1:    r9:r9     = '[B'
  # parm2:    rdi       = int
  # parm3:    rsi       = int
  # parm4:    rcx:rcx   = 'java/security/ProtectionDomain'
  #           [sp+0x70]  (sp of caller)
  0x0000025a8c547120: 448b 5208 | 49c1 e203 

  0x0000025a8c547128: ;   {runtime_call ic_miss_stub}
  0x0000025a8c547128: 493b c20f | 854f 784d | ff66 6690 | 0f1f 8400 | 0000 0000 | 6666 6690 
[Verified Entry Point]
  0x0000025a8c547140: 8984 2400 | 80ff ff55 | 4883 ec60 | 4181 7f20 | 5400 0000 | 0f85 e905 | 0000 4889 | 4c24 3889 
  0x0000025a8c547160: 7424 2489 | 7c24 204c | 894c 2418 | 4889 5424 | 284c 8944 | 2440 418b | 6814 448b | 550c 4585 
  0x0000025a8c547180: d20f 86b5 | 0300 0045 | 0fbe 5810 | 4585 db0f | 85f7 0200 | 00c4 4222 | f7da 453b | da45 0f4f 
  0x0000025a8c5471a0: da45 85db | 0f8e b002 | 0000 453b | d30f 82d9 | 0300 004c | 8bd5 488d | 7d10 418b | d3b8 2f00 
  0x0000025a8c5471c0: 0000 488b | df83 fa10 | 0f8c 7900 | 0000 83fa | 200f 8c36 | 0000 00c5 | f96e d0c4 | e27d 78d2 
  0x0000025a8c5471e0: c5f5 efc9 | 8bca 83e1 | e083 e21f | c5fe 6f03 | c5fd 74c2 | c4e2 7d17 | c80f 8369 | 0000 0048 
  0x0000025a8c547200: 83c3 2083 | e920 75e4 | e90d 0000 | 00c5 f96e | d0c5 f1ef | c9c4 e269 | 00d1 83fa | 100f 8c24 
  0x0000025a8c547220: 0000 008b | ca83 e1f0 

  0x0000025a8c547228: ;   {no_reloc}
  0x0000025a8c547228: 83e2 0fc5 | fa6f 03c5 | f974 c2c4 | e279 17c8 | 0f83 2a00 | 0000 4883 | c310 83e9 | 1075 e485 
  0x0000025a8c547248: d20f 8412 | 0000 000f | b60b 3bc1 | 741c 4883 | c301 83ea | 0174 02eb | eebb ffff | ffff eb0d 
  0x0000025a8c547268: c5fd d7c8 | 0fbc c148 | 03d8 482b | df83 fbff | 0f85 4e03 | 0000 4c8b | 5424 4045 | 8b5a 1441 
  0x0000025a8c547288: 807a 1000 | 0f85 d201 | 0000 418b | 6b0c 85ed | 0f86 ca02 | 0000 450f | b65b 1041 | 83fb 5b0f 
  0x0000025a8c5472a8: 846f 0300 | 004c 8b54 | 2440 418b | 6a14 448b | 5d0c 450f | be52 10c4 | 422a f7cb | 4183 c1fb 
  0x0000025a8c5472c8: 4585 c90f | 8c8f 0000 | 0045 85d2 | 0f85 fc01 | 0000 4585 | db0f 86c9 | 0200 0041 | 83fb 040f 
  0x0000025a8c5472e8: 86bf 0200 | 0080 7d10 | 6a75 6d80 | 7d11 6175 | 6780 7d12 | 7675 6180 | 7d13 6175 | 5b80 7d14 
  0x0000025a8c547308: ;   {oop(a 'jdk/internal/loader/ClassLoaders$PlatformClassLoader'{0x00000000805b9538})}
  0x0000025a8c547308: 2e75 5548 | ba38 955b | 8000 0000 | 004c 8b54 | 2428 4c3b | d274 46ba | 3701 0000 | 498b ea48 
  0x0000025a8c547328: ff74 2440 | 488f 4424 | 084c 8b54 | 2418 4c89 | 5424 1044 | 8b5c 2420 | 4489 5c24 | 1844 8b54 
  0x0000025a8c547348: 2424 4489 | 5424 1c90 

  0x0000025a8c547350: ;   {runtime_call UncommonTrapBlob}
  0x0000025a8c547350: c5f8 77e8 

  0x0000025a8c547354: ; ImmutableOopMap {rbp=Oop [8]=Oop [16]=Oop }
                      ;*new {reexecute=0 rethrow=0 return_oop=0}
                      ; - java.lang.ClassLoader::preDefineClass@56
                      ; - java.lang.ClassLoader::defineClass@4
  0x0000025a8c547354: a809 4eff 

  0x0000025a8c547358: ;   {other}
  0x0000025a8c547358: 0f1f 8400 | 4804 0000 | 488b 5424 | 284c 8b54 | 2438 4d85 | d20f 84ce | 0000 004c | 8954 2408 
  0x0000025a8c547378: 458b 5a10 | 4d8b cb4c | 8b44 2440 

  0x0000025a8c547384: ;   {optimized virtual_call}
  0x0000025a8c547384: c5f8 77e8 

  0x0000025a8c547388: ; ImmutableOopMap {[8]=Oop [24]=Oop [40]=Oop [64]=Oop }
                      ;*invokevirtual checkCerts {reexecute=0 rethrow=0 return_oop=0}
                      ; - java.lang.ClassLoader::preDefineClass@113
                      ; - java.lang.ClassLoader::defineClass@4
  0x0000025a8c547388: d429 7800 

  0x0000025a8c54738c: ;   {other}
  0x0000025a8c54738c: 0f1f 8400 | 7c04 0001 | 4c8b 5424 | 0845 8b5a | 1045 85db | 0f84 2901 | 0000 418b | 6b0c 85ed 
  0x0000025a8c5473ac: 0f84 a100 | 0000 448b | 5d38 4585 | db0f 8467 | 0100 0049 | 8bd3 4c8b | c566 6690 

  0x0000025a8c5473c8: ;   {optimized virtual_call}
  0x0000025a8c5473c8: c5f8 77e8 

  0x0000025a8c5473cc: ; ImmutableOopMap {[8]=Oop [24]=Oop [40]=Oop [64]=Oop }
                      ;*invokevirtual toExternalForm {reexecute=0 rethrow=0 return_oop=1}
                      ; - java.net.URL::toExternalForm@5
                      ; - java.net.URL::toString@1
                      ; - java.lang.ClassLoader::defineClassSourceLocation@22
                      ; - java.lang.ClassLoader::defineClass@12
  0x0000025a8c5473cc: 500d a8ff 

  0x0000025a8c5473d0: ;   {other}
  0x0000025a8c5473d0: 0f1f 8400 | c004 0002 | 488b 5424 | 284c 8b44 | 2440 4c8b | 4c24 188b | 7c24 208b | 7424 2448 
  0x0000025a8c5473f0: 8b4c 2408 | 4889 0424 

  0x0000025a8c5473f8: ;   {static_call}
  0x0000025a8c5473f8: c5f8 77e8 

  0x0000025a8c5473fc: ; ImmutableOopMap {[8]=Oop [40]=Oop }
                      ;*invokestatic defineClass1 {reexecute=0 rethrow=0 return_oop=1}
                      ; - java.lang.ClassLoader::defineClass@27
  0x0000025a8c5473fc: d8db a7ff 

  0x0000025a8c547400: ;   {other}
  0x0000025a8c547400: 0f1f 8400 | f004 0003 | 488b e848 | 8b54 2428 | 4c8b c04c | 8b4c 2408 

  0x0000025a8c547418: ;   {optimized virtual_call}
  0x0000025a8c547418: c5f8 77e8 

  0x0000025a8c54741c: ; ImmutableOopMap {rbp=Oop }
                      ;*invokevirtual postDefineClass {reexecute=0 rethrow=0 return_oop=0}
                      ; - java.lang.ClassLoader::defineClass@37
  0x0000025a8c54741c: 602e e5ff 

  0x0000025a8c547420: ;   {other}
  0x0000025a8c547420: 0f1f 8400 | 1005 0004 | 488b c5c5 | f877 4883 

  0x0000025a8c547430: ;   {poll_return}
  0x0000025a8c547430: c460 5d49 | 3ba7 4804 | 0000 0f87 | ed02 0000 | c344 8b52 | 3445 85d2 | 0f84 2202 | 0000 e920 
  0x0000025a8c547450: ffff ff33 | c0e9 7eff | ffff bbff | ffff ffe9 | 11fe ffff | 498b d345 | 33c0 488b | 6c24 284c 
  0x0000025a8c547470: 8954 2408 

  0x0000025a8c547474: ;   {static_call}
  0x0000025a8c547474: c5f8 77e8 

  0x0000025a8c547478: ; ImmutableOopMap {rbp=Oop [8]=Oop [24]=Oop [40]=Oop [56]=Oop [64]=Oop }
                      ;*invokestatic charAt {reexecute=0 rethrow=0 return_oop=0}
                      ; - java.lang.String::charAt@21
                      ; - java.lang.ClassLoader::checkName@25
                      ; - java.lang.ClassLoader::preDefineClass@1
                      ; - java.lang.ClassLoader::defineClass@4
  0x0000025a8c547478: 0484 4dff 

  0x0000025a8c54747c: ;   {other}
  0x0000025a8c54747c: 0f1f 8400 | 6c05 0005 | 448b d8e9 | 17fe ffff | 498b d04c | 8944 2430 

  0x0000025a8c547494: ;   {optimized virtual_call}
  0x0000025a8c547494: c5f8 77e8 

  0x0000025a8c547498: ; ImmutableOopMap {rbp=NarrowOop [24]=Oop [40]=Oop [48]=Oop [56]=Oop [64]=Oop }
                      ;*invokevirtual length {reexecute=0 rethrow=0 return_oop=0}
                      ; - java.lang.String::indexOf@30
                      ; - java.lang.String::indexOf@3
                      ; - java.lang.ClassLoader::checkName@16
                      ; - java.lang.ClassLoader::preDefineClass@1
                      ; - java.lang.ClassLoader::defineClass@4
  0x0000025a8c547498: e479 4dff 

  0x0000025a8c54749c: ;   {other}
  0x0000025a8c54749c: 0f1f 8400 | 8c05 0006 | 488b d541 | b82f 0000 | 0045 33c9 | 8bf8 488b | 6c24 2890 

  0x0000025a8c5474b8: ;   {static_call}
  0x0000025a8c5474b8: c5f8 77e8 

  0x0000025a8c5474bc: ; ImmutableOopMap {rbp=Oop [24]=Oop [40]=Oop [48]=Oop [56]=Oop [64]=Oop }
                      ;*invokestatic indexOf {reexecute=0 rethrow=0 return_oop=0}
                      ; - java.lang.String::indexOf@33
                      ; - java.lang.String::indexOf@3
                      ; - java.lang.ClassLoader::checkName@16
                      ; - java.lang.ClassLoader::preDefineClass@1
                      ; - java.lang.ClassLoader::defineClass@4
  0x0000025a8c5474bc: c083 4dff 

  0x0000025a8c5474c0: ;   {other}
  0x0000025a8c5474c0: 0f1f 8400 | b005 0007 | 8bd8 e9a6 | fdff ff33 | c0e9 02ff | ffff 440f | b755 1041 | 83fa 6a0f 
  0x0000025a8c5474e0: 857b feff | ff44 0fb7 | 5512 4183 | fa61 0f85 | 6cfe ffff | 440f b755 | 1441 83fa | 760f 855d 
  0x0000025a8c547500: feff ff44 | 0fb7 5516 | 4183 fa61 | 0f85 4efe | ffff 440f | b755 1841 | 83fa 2e0f | 853f feff 
  0x0000025a8c547520: ffe9 e5fd | ffff baf6 | ffff ff90 

  0x0000025a8c54752c: ;   {runtime_call UncommonTrapBlob}
  0x0000025a8c54752c: c5f8 77e8 

  0x0000025a8c547530: ; ImmutableOopMap {rbp=NarrowOop }
                      ;*invokevirtual toExternalForm {reexecute=0 rethrow=0 return_oop=0}
                      ; - java.net.URL::toExternalForm@5
                      ; - java.net.URL::toString@1
                      ; - java.lang.ClassLoader::defineClassSourceLocation@22
                      ; - java.lang.ClassLoader::defineClass@12
  0x0000025a8c547530: cc07 4eff 

  0x0000025a8c547534: ;   {other}
  0x0000025a8c547534: 0f1f 8400 | 2406 0008 | ba45 ffff | ff48 8b6c | 2428 4c89 | 4c24 1089 | 7c24 1889 | 7424 1c4c 
  0x0000025a8c547554: 8944 2428 

  0x0000025a8c547558: ;   {runtime_call UncommonTrapBlob}
  0x0000025a8c547558: c5f8 77e8 

  0x0000025a8c54755c: ; ImmutableOopMap {rbp=Oop [16]=Oop [40]=Oop [56]=Oop [64]=Oop }
                      ;*ifeq {reexecute=1 rethrow=0 return_oop=0}
                      ; - (reexecute) java.lang.ClassLoader::checkName@8
                      ; - java.lang.ClassLoader::preDefineClass@1
                      ; - java.lang.ClassLoader::defineClass@4
  0x0000025a8c54755c: a007 4eff 

  0x0000025a8c547560: ;   {other}
  0x0000025a8c547560: 0f1f 8400 | 5006 0009 | bae4 ffff | ff48 ff74 | 2440 488f | 4424 1044 | 895c 2440 

  0x0000025a8c54757c: ;   {runtime_call UncommonTrapBlob}
  0x0000025a8c54757c: c5f8 77e8 

  0x0000025a8c547580: ; ImmutableOopMap {[16]=Oop [24]=Oop [40]=Oop [56]=Oop [64]=NarrowOop }
                      ;*invokestatic checkIndex {reexecute=0 rethrow=0 return_oop=0}
                      ; - java.lang.String::checkIndex@5
                      ; - java.lang.StringLatin1::charAt@3
                      ; - java.lang.String::charAt@12
                      ; - java.lang.ClassLoader::checkName@25
                      ; - java.lang.ClassLoader::preDefineClass@1
                      ; - java.lang.ClassLoader::defineClass@4
  0x0000025a8c547580: 7c07 4eff 

  0x0000025a8c547584: ;   {other}
  0x0000025a8c547584: 0f1f 8400 | 7406 000a | bace ffff | ff4c 8944 | 2430 4489 | 5c24 4890 

  0x0000025a8c54759c: ;   {runtime_call UncommonTrapBlob}
  0x0000025a8c54759c: c5f8 77e8 

  0x0000025a8c5475a0: ; ImmutableOopMap {rbp=NarrowOop [24]=Oop [40]=Oop [48]=Oop [56]=Oop [64]=Oop }
                      ;*invokestatic indexOfChar {reexecute=0 rethrow=0 return_oop=0}
                      ; - java.lang.StringLatin1::indexOf@33
                      ; - java.lang.String::indexOf@17
                      ; - java.lang.String::indexOf@3
                      ; - java.lang.ClassLoader::checkName@16
                      ; - java.lang.ClassLoader::preDefineClass@1
                      ; - java.lang.ClassLoader::defineClass@4
  0x0000025a8c5475a0: 5c07 4eff 

  0x0000025a8c5475a4: ;   {other}
  0x0000025a8c5475a4: 0f1f 8400 | 9406 000b | ba76 ffff | ff48 ff74 | 2440 488f | 4424 1090 

  0x0000025a8c5475bc: ;   {runtime_call UncommonTrapBlob}
  0x0000025a8c5475bc: c5f8 77e8 

  0x0000025a8c5475c0: ; ImmutableOopMap {rbp=NarrowOop [16]=Oop [24]=Oop [40]=Oop [56]=Oop }
                      ;*if_icmpge {reexecute=1 rethrow=0 return_oop=0}
                      ; - (reexecute) jdk.internal.util.ArraysSupport::mismatch@74
                      ; - java.lang.String::startsWith@70
                      ; - java.lang.String::startsWith@3
                      ; - java.lang.ClassLoader::preDefineClass@43
                      ; - java.lang.ClassLoader::defineClass@4
  0x0000025a8c5475c0: 3c07 4eff 

  0x0000025a8c5475c4: ;   {other}
  0x0000025a8c5475c4: 0f1f 8400 | b406 000c | ba45 ffff | ff48 8b6c | 2428 48ff | 7424 4048 | 8f44 2408 | 4c8b 5424 
  0x0000025a8c5475e4: 184c 8954 | 2410 448b | 5c24 2044 | 895c 2418 | 448b 5424 | 2444 8954 | 241c 4c8b | 5424 384c 
  0x0000025a8c547604: 8954 2430 | 895c 2438 

  0x0000025a8c54760c: ;   {runtime_call UncommonTrapBlob}
  0x0000025a8c54760c: c5f8 77e8 

  0x0000025a8c547610: ; ImmutableOopMap {rbp=Oop [8]=Oop [16]=Oop [48]=Oop }
                      ;*if_icmpne {reexecute=1 rethrow=0 return_oop=0}
                      ; - (reexecute) java.lang.ClassLoader::checkName@20
                      ; - java.lang.ClassLoader::preDefineClass@1
                      ; - java.lang.ClassLoader::defineClass@4
  0x0000025a8c547610: ec06 4eff 

  0x0000025a8c547614: ;   {other}
  0x0000025a8c547614: 0f1f 8400 | 0407 000d | ba45 ffff | ff48 8b6c | 2428 48ff | 7424 4048 | 8f44 2408 | 4c8b 5424 
  0x0000025a8c547634: 184c 8954 | 2410 448b | 4424 2044 | 8944 2418 | 448b 5424 | 2444 8954 | 241c 4c8b | 5424 384c 
  0x0000025a8c547654: 8954 2430 | 4489 5c24 | 3866 6690 

  0x0000025a8c547660: ;   {runtime_call UncommonTrapBlob}
  0x0000025a8c547660: c5f8 77e8 

  0x0000025a8c547664: ; ImmutableOopMap {rbp=Oop [8]=Oop [16]=Oop [48]=Oop }
                      ;*if_icmpne {reexecute=1 rethrow=0 return_oop=0}
                      ; - (reexecute) java.lang.ClassLoader::checkName@30
                      ; - java.lang.ClassLoader::preDefineClass@1
                      ; - java.lang.ClassLoader::defineClass@4
  0x0000025a8c547664: 9806 4eff 

  0x0000025a8c547668: ;   {other}
  0x0000025a8c547668: 0f1f 8400 | 5807 000e | baf6 ffff | ff66 6690 

  0x0000025a8c547678: ;   {runtime_call UncommonTrapBlob}
  0x0000025a8c547678: c5f8 77e8 

  0x0000025a8c54767c: ; ImmutableOopMap {}
                      ;*invokevirtual getCodeSource {reexecute=0 rethrow=0 return_oop=0}
                      ; - java.lang.ClassLoader::preDefineClass@110
                      ; - java.lang.ClassLoader::defineClass@4
  0x0000025a8c54767c: 8006 4eff 

  0x0000025a8c547680: ;   {other}
  0x0000025a8c547680: 0f1f 8400 | 7007 000f | baf6 ffff | ff66 6690 

  0x0000025a8c547690: ;   {runtime_call UncommonTrapBlob}
  0x0000025a8c547690: c5f8 77e8 

  0x0000025a8c547694: ; ImmutableOopMap {}
                      ;*arraylength {reexecute=0 rethrow=0 return_oop=0}
                      ; - java.lang.String::isEmpty@4
                      ; - java.lang.ClassLoader::checkName@5
                      ; - java.lang.ClassLoader::preDefineClass@1
                      ; - java.lang.ClassLoader::defineClass@4
  0x0000025a8c547694: 6806 4eff 

  0x0000025a8c547698: ;   {other}
  0x0000025a8c547698: 0f1f 8400 | 8807 0010 | baf6 ffff | ff66 6690 

  0x0000025a8c5476a8: ;   {runtime_call UncommonTrapBlob}
  0x0000025a8c5476a8: c5f8 77e8 

  0x0000025a8c5476ac: ; ImmutableOopMap {}
                      ;*arraylength {reexecute=0 rethrow=0 return_oop=0}
                      ; - java.lang.String::length@4
                      ; - java.lang.String::startsWith@6
                      ; - java.lang.String::startsWith@3
                      ; - java.lang.ClassLoader::preDefineClass@43
                      ; - java.lang.ClassLoader::defineClass@4
  0x0000025a8c5476ac: 5006 4eff 

  0x0000025a8c5476b0: ;   {other}
  0x0000025a8c5476b0: 0f1f 8400 | a007 0011 | baf6 ffff | ff66 6690 

  0x0000025a8c5476c0: ;   {runtime_call UncommonTrapBlob}
  0x0000025a8c5476c0: c5f8 77e8 

  0x0000025a8c5476c4: ; ImmutableOopMap {}
                      ;*arraylength {reexecute=0 rethrow=0 return_oop=0}
                      ; - java.lang.StringLatin1::charAt@2
                      ; - java.lang.String::charAt@12
                      ; - java.lang.ClassLoader::checkName@25
                      ; - java.lang.ClassLoader::preDefineClass@1
                      ; - java.lang.ClassLoader::defineClass@4
  0x0000025a8c5476c4: 3806 4eff 

  0x0000025a8c5476c8: ;   {other}
  0x0000025a8c5476c8: 0f1f 8400 | b807 0012 | ba45 ffff | ff48 8b6c | 2428 4c89 | 4c24 1089 | 7c24 1889 | 7424 1c4c 
  0x0000025a8c5476e8: 8944 2428 | 4889 4c24 | 304c 8944 | 2438 6690 

  0x0000025a8c5476f8: ;   {runtime_call UncommonTrapBlob}
  0x0000025a8c5476f8: c5f8 77e8 

  0x0000025a8c5476fc: ; ImmutableOopMap {rbp=Oop [16]=Oop [40]=Oop [48]=Oop [56]=Oop }
                      ;*ifnull {reexecute=1 rethrow=0 return_oop=0}
                      ; - (reexecute) java.lang.ClassLoader::checkName@1
                      ; - java.lang.ClassLoader::preDefineClass@1
                      ; - java.lang.ClassLoader::defineClass@4
  0x0000025a8c5476fc: 0006 4eff 

  0x0000025a8c547700: ;   {other}
  0x0000025a8c547700: 0f1f 8400 | f007 0013 | eb04 eb02 | eb00 488b | d0eb 0d48 | 8bd0 eb08 | 488b d0eb | 0348 8bd0 
  0x0000025a8c547720: c5f8 7748 | 83c4 605d 

  0x0000025a8c547728: ;   {runtime_call _rethrow_Java}
  0x0000025a8c547728: e9d3 0d5b 

  0x0000025a8c54772c: ;   {internal_word}
  0x0000025a8c54772c: ff49 ba33 | 7454 8c5a | 0200 004d | 8997 6004 

  0x0000025a8c54773c: ;   {runtime_call SafepointBlob}
  0x0000025a8c54773c: 0000 e93d 

  0x0000025a8c547740: ;   {runtime_call StubRoutines (final stubs)}
  0x0000025a8c547740: f44d ffe8 | b838 4cff | e90d faff | fff4 f4f4 
[Stub Code]
  0x0000025a8c547750: ;   {no_reloc}
  0x0000025a8c547750: 48bb 0000 | 0000 0000 

  0x0000025a8c547758: ;   {runtime_call nmethod}
  0x0000025a8c547758: 0000 e9fb 

  0x0000025a8c54775c: ;   {static_stub}
  0x0000025a8c54775c: ffff ff48 | bb00 0000 | 0000 0000 

  0x0000025a8c547768: ;   {runtime_call nmethod}
  0x0000025a8c547768: 00e9 fbff 

  0x0000025a8c54776c: ;   {static_stub}
  0x0000025a8c54776c: ffff 48bb | 0000 0000 | 0000 0000 

  0x0000025a8c547778: ;   {runtime_call nmethod}
  0x0000025a8c547778: e9fb ffff 

  0x0000025a8c54777c: ;   {static_stub}
  0x0000025a8c54777c: ff48 bb00 | 0000 0000 

  0x0000025a8c547784: ;   {runtime_call nmethod}
  0x0000025a8c547784: 0000 00e9 | fbff ffff 

  0x0000025a8c54778c: ;   {static_stub}
  0x0000025a8c54778c: 48bb 0000 | 0000 0000 

  0x0000025a8c547794: ;   {runtime_call nmethod}
  0x0000025a8c547794: 0000 e9fb 

  0x0000025a8c547798: ;   {static_stub}
  0x0000025a8c547798: ffff ff48 | bb00 0000 | 0000 0000 

  0x0000025a8c5477a4: ;   {runtime_call nmethod}
  0x0000025a8c5477a4: 00e9 fbff 

  0x0000025a8c5477a8: ;   {static_stub}
  0x0000025a8c5477a8: ffff 48bb | 0000 0000 | 0000 0000 

  0x0000025a8c5477b4: ;   {runtime_call nmethod}
  0x0000025a8c5477b4: e9fb ffff 

  0x0000025a8c5477b8: ;   {runtime_call ExceptionBlob}
  0x0000025a8c5477b8: ffe9 42c1 | 5aff e800 | 0000 0048 | 832c 2405 

  0x0000025a8c5477c8: ;   {runtime_call DeoptimizationBlob}
  0x0000025a8c5477c8: e953 084e | fff4 f4f4 
[/MachCode]


Compiled method (c2) 5727964 45541   !   4       java.net.URLClassLoader::defineClass (224 bytes)
 total in heap  [0x0000025a8c663610,0x0000025a8c66b0e8] = 31448
 relocation     [0x0000025a8c663770,0x0000025a8c663bd8] = 1128
 main code      [0x0000025a8c663be0,0x0000025a8c667fa0] = 17344
 stub code      [0x0000025a8c667fa0,0x0000025a8c668130] = 400
 oops           [0x0000025a8c668130,0x0000025a8c668170] = 64
 metadata       [0x0000025a8c668170,0x0000025a8c6685b0] = 1088
 scopes data    [0x0000025a8c6685b0,0x0000025a8c66a128] = 7032
 scopes pcs     [0x0000025a8c66a128,0x0000025a8c66aa48] = 2336
 dependencies   [0x0000025a8c66aa48,0x0000025a8c66ab80] = 312
 handler table  [0x0000025a8c66ab80,0x0000025a8c66afb8] = 1080
 nul chk table  [0x0000025a8c66afb8,0x0000025a8c66b0e8] = 304

[Constant Pool (empty)]

[MachCode]
[Entry Point]
  # {method} {0x0000025a990fa438} 'defineClass' '(Ljava/lang/String;Ljdk/internal/loader/Resource;)Ljava/lang/Class;' in 'java/net/URLClassLoader'
  # this:     rdx:rdx   = 'java/net/URLClassLoader'
  # parm0:    r8:r8     = 'java/lang/String'
  # parm1:    r9:r9     = 'jdk/internal/loader/Resource'
  #           [sp+0xe0]  (sp of caller)
  0x0000025a8c663be0: 448b 5208 | 49c1 e203 

  0x0000025a8c663be8: ;   {runtime_call ic_miss_stub}
  0x0000025a8c663be8: 493b c20f | 858f ad3b | ff66 6690 | 0f1f 8400 | 0000 0000 | 6666 6690 
[Verified Entry Point]
  0x0000025a8c663c00: 8984 2400 | 80ff ff55 | 4881 ecd0 | 0000 0090 | 4181 7f20 | 5400 0000 | 0f85 7743 | 0000 4c89 
  0x0000025a8c663c20: 4c24 4048 | 8954 2438 | 4c89 4424 | 30c5 f877 | 49ba 80b3 | 9d06 ff7f | 0000 41ff 

  0x0000025a8c663c3c: ;   {other}
  0x0000025a8c663c3c: d20f 1f84 | 0000 0000 | 0048 8944 | 2448 4c8b | 5424 3041 | 8b6a 1444 | 8b55 0c4c | 8b5c 2430 
  0x0000025a8c663c5c: 450f be43 | 10c4 423a | f7ca 41ff | c945 85c0 | 0f85 1323 | 0000 458d | 5aff 453b | d945 0f4f 
  0x0000025a8c663c7c: d945 85db | 7c31 4c8b | c566 6666 | 0f1f 8400 | 0000 0000 | 453b da0f | 831d 2100 | 0042 807c 
  0x0000025a8c663c9c: 1d10 2e74 | 184d 8b8f | 5004 0000 

  0x0000025a8c663ca8: ; ImmutableOopMap {r8=Oop rbp=NarrowOop [48]=Oop [56]=Oop [64]=Oop }
                      ;*goto {reexecute=1 rethrow=0 return_oop=0}
                      ; - (reexecute) java.lang.StringLatin1::lastIndexOf@35
                      ; - java.lang.String::lastIndexOf@13
                      ; - java.lang.String::lastIndexOf@8
                      ; - java.net.URLClassLoader::defineClass@7
                      ;   {poll}
  0x0000025a8c663ca8: 41ff cb41 | 8501 4585 | db7d dd41 | bbff ffff | ff4c 8b54 | 2440 458b 

  0x0000025a8c663cc0: ;   {metadata('jdk/internal/loader/URLClassPath$JarLoader$2')}
  0x0000025a8c663cc0: 5208 4181 | fa0e 1e01 | 200f 8537 | 1200 004c | 8b44 2440 | 458b 5020 

  0x0000025a8c663cd8: ; implicit exception: dispatches to 0x0000025a8c6673ec
  0x0000025a8c663cd8: 458b 521c | 4489 5424 | 504c 8b54 | 2438 4489 | 5424 2041 | 83fb ff0f | 8438 1200 | 004c 8b54 
  0x0000025a8c663cf8: 2430 418b | 7a14 448b | 570c 4c8b | 4424 3045 | 0fbe 4810 | c4c2 32f7 | ea45 85db | 0f8c 9e27 
  0x0000025a8c663d18: 0000 443b | dd0f 8f85 | 2800 0044 | 3bdd 0f84 | 8511 0000 | 4585 c90f | 85c2 1800 | 0045 85db 
  0x0000025a8c663d38: 0f84 0014 | 0000 498b | 9fb8 0100 | 004c 8bc3 | 4983 c018 | 4d3b 87c8 | 0100 000f | 8388 1b00 
  0x0000025a8c663d58: 004d 8987 | b801 0000 | 410f 0d88 | c000 0000 | 48c7 0301 | 0000 004c | 8bc3 4983 

  0x0000025a8c663d74: ;   {metadata('java/lang/String')}
  0x0000025a8c663d74: c010 c743 | 08d6 8300 | 2044 8963 | 0cc5 fdef | c0c4 c179 | d600 488b | ef4c 8d4f | 1045 3bda 
  0x0000025a8c663d94: 0f84 eb00 | 0000 4181 | fb00 0010 | 000f 872a | 2a00 0049 | 63cb 453b | d341 8bd2 | 410f 4fd3 
  0x0000025a8c663db4: 8954 245c | 443b d20f | 8288 2a00 | 0044 3bda | 0f82 7f2a | 0000 4883 | c117 4c8b | d149 83e2 
  0x0000025a8c663dd4: f841 81fb | 0000 1000 | 0f87 4020 | 0000 498b | b7b8 0100 | 004c 8bc6 | 4d03 c24d | 3b87 c801 
  0x0000025a8c663df4: 0000 0f83 | 2620 0000 | 4d89 87b8 | 0100 0041 | 0f0d 88c0 | 0000 0048 | c706 0100 | 0000 410f 
  0x0000025a8c663e14: 0d88 0001 

  0x0000025a8c663e18: ;   {metadata({type array byte})}
  0x0000025a8c663e18: 0000 c746 | 0845 8100 | 2044 895e | 0c41 0f0d | 8840 0100 | 0041 0f0d | 8880 0100 | 0048 8bd6 
  0x0000025a8c663e38: 4883 c210 | 48c1 e903 | 448b 4424 | 5c45 85c0 | 0f84 8b29 | 0000 418b | fb44 3bc7 | 0f8c cb16 
  0x0000025a8c663e58: 0000 4983 | c2f0 49c1 | ea03 498b | c94d 8bc2 | c5f8 7749 | ba80 70a0 | 8b5a 0200 | 0041 ffd2 
  0x0000025a8c663e78: ;   {other}
  0x0000025a8c663e78: 0f1f 8400 | 0000 0000 | e991 0000 | 004d 63c2 | 4181 fa00 | 0010 000f | 87f7 1b00 | 0049 8bb7 
  0x0000025a8c663e98: b801 0000 | 4d8d 5817 | 4983 e3f8 | 488b ce49 | 03cb 493b | 8fc8 0100 | 000f 83d5 | 1b00 0049 
  0x0000025a8c663eb8: 898f b801 | 0000 0f0d | 89c0 0000 | 0048 c706 | 0100 0000 | 0f0d 8900 

  0x0000025a8c663ed0: ;   {metadata({type array byte})}
  0x0000025a8c663ed0: 0100 00c7 | 4608 4581 | 0020 4489 | 560c 0f0d | 8940 0100 | 000f 0d89 | 8001 0000 | 488b d648 
  0x0000025a8c663ef0: 83c2 1049 | 83c0 0749 | c1e8 0349 | 8bc9 c5f8 | 7749 ba80 | 70a0 8b5a | 0200 0041 

  0x0000025a8c663f0c: ;   {other}
  0x0000025a8c663f0c: ffd2 0f1f | 8400 0000 | 0000 4180 | 7f40 000f | 85c2 1200 | 004c 8bd3 | 4c8b c644 | 8943 144c 
  0x0000025a8c663f2c: 8bde 4d33 | da49 c1eb | 144d 85db | 741a 49c1 | ea09 48b9 | 0000 b093 | 5a02 0000 | 4903 ca80 
  0x0000025a8c663f4c: 3902 0f85 | c212 0000 | 4488 6310 | 4889 9c24 | a000 0000 | 4c8b 5424 | 4045 8b52 

  0x0000025a8c663f68: ;   {metadata('jdk/internal/loader/URLClassPath$JarLoader$2')}
  0x0000025a8c663f68: 0841 81fa | 0e1e 0120 | 0f85 7a13 | 0000 488b 

  0x0000025a8c663f78: ;   {oop(a 'java/lang/Class'{0x0000000080c890a8} = 'jdk/internal/access/SharedSecrets')}
  0x0000025a8c663f78: 7c24 4049 | baa8 90c8 | 8000 0000 | 0045 8b82 | d400 0000 

  0x0000025a8c663f8c: ; implicit exception: dispatches to 0x0000025a8c66760c
  0x0000025a8c663f8c: 458b 5808 | 448b 4f20 

  0x0000025a8c663f94: ; implicit exception: dispatches to 0x0000025a8c667420
  0x0000025a8c663f94: 458b 5118 

  0x0000025a8c663f98: ;   {metadata('java/util/jar/JavaUtilJarAccessImpl')}
  0x0000025a8c663f98: 4181 fb54 | 0e00 200f | 85f3 2200 | 0041 8b52 | 084d 8bc2 | 488d 9c24 | b000 0000 | 498b 00a8 
  0x0000025a8c663fb8: 020f 8523 | 0000 0048 | 83c8 0148 | 8903 f049 | 0fb1 180f | 8437 0000 | 0048 2bc4 | 4825 07f0 
  0x0000025a8c663fd8: ffff 4889 | 03e9 2400 | 0000 4c8b | d848 33c0 | f04d 0fb1 | 7b3e 48c7 | 0303 0000 | 0074 114c 
  0x0000025a8c663ff8: 3bf8 7515 | 49ff 8386 | 0000 0048 | 33c0 7509 | 49ff 8748 | 0500 0033 | c00f 85c9 | 2200 0045 
  0x0000025a8c664018: 3b62 3075 | 0e45 0fb6 | 5a12 4585 | db0f 8511 | 0f00 0045 | 3b62 300f | 85d0 1200 | 0048 8d84 
  0x0000025a8c664038: 24b0 0000 | 0048 8338 | 000f 8479 | 0000 004d | 8b10 41f6 | c202 0f84 | 6200 0000 | 4983 ba86 
  0x0000025a8c664058: 0000 0000 | 7409 49ff | 8a86 0000 | 00eb 4b49 | 8b82 9600 | 0000 490b | 828e 0000 | 0075 0a49 
  0x0000025a8c664078: c742 3e00 | 0000 00eb | 3d49 83ba | 9e00 0000 | 0074 2248 | 33c0 49c7 | 423e 0000 

  0x0000025a8c664094: ;   {no_reloc}
  0x0000025a8c664094: 0000 f083 | 0424 0049 | 83ba 9e00 | 0000 0075 | 0df0 4d0f | b17a 3e75 | 0583 c801 | eb0c a800 
  0x0000025a8c6640b4: eb08 4c8b | 10f0 4d0f | b110 750a | 49ff 8f48 | 0500 0045 | 33d2 0f85 | 9f22 0000 | 448b 5f20 
  0x0000025a8c6640d4: ; implicit exception: dispatches to 0x0000025a8c667478
  0x0000025a8c6640d4: 418b 6b18 

  0x0000025a8c6640d8: ; implicit exception: dispatches to 0x0000025a8c6674a4
  0x0000025a8c6640d8: 448b 5508 

  0x0000025a8c6640dc: ;   {metadata('java/util/jar/JarFile')}
  0x0000025a8c6640dc: 4181 fab8 | 0d00 200f | 85b1 2200 | 0048 897c | 2428 488b | d566 6690 

  0x0000025a8c6640f4: ;   {optimized virtual_call}
  0x0000025a8c6640f4: c5f8 77e8 

  0x0000025a8c6640f8: ; ImmutableOopMap {[32]=NarrowOop [40]=Oop [48]=Oop [56]=Oop [64]=Oop [80]=NarrowOop [160]=Oop }
                      ;*invokevirtual getManifest {reexecute=0 rethrow=0 return_oop=1}
                      ; - jdk.internal.loader.URLClassPath$JarLoader$2::getManifest@22
                      ; - java.net.URLClassLoader::defineClass@34
  0x0000025a8c6640f8: e474 9301 

  0x0000025a8c6640fc: ;   {other}
  0x0000025a8c6640fc: 0f1f 8400 | ec0a 0001 | 4c8b c04c | 8b8c 24a0 | 0000 0041 | 8b41 0c4c | 8b54 2438 | 418b 6a38 
  0x0000025a8c66411c: ; implicit exception: dispatches to 0x0000025a8c6673a4
  0x0000025a8c66411c: 448b 5d08 

  0x0000025a8c664120: ;   {metadata('java/util/concurrent/ConcurrentHashMap')}
  0x0000025a8c664120: 4181 fb11 | ab00 200f | 8527 2100 | 0085 c075 | 5d45 0fb6 | 5911 4585 | db0f 85d0 | 1300 0045 
  0x0000025a8c664140: 8b59 1445 | 0fbe 5110 | 498b d345 | 85d2 0f85 | 3d18 0000 | 4c89 4424 | 5848 ffb4 | 24a0 0000 
  0x0000025a8c664160: 0048 8f44 | 2428 6690 

  0x0000025a8c664168: ;   {static_call}
  0x0000025a8c664168: c5f8 77e8 

  0x0000025a8c66416c: ; ImmutableOopMap {rbp=Oop [32]=NarrowOop [40]=Oop [48]=Oop [56]=Oop [64]=Oop [80]=NarrowOop [88]=Oop [160]=Oop }
                      ;*invokestatic hashCode {reexecute=0 rethrow=0 return_oop=0}
                      ; - java.lang.String::hashCode@27
                      ; - java.util.concurrent.ConcurrentHashMap::get@1
                      ; - java.lang.ClassLoader::getDefinedPackage@13
                      ; - java.net.URLClassLoader::getAndVerifyPackage@2
                      ; - java.net.URLClassLoader::defineClass@46
  0x0000025a8c66416c: 506e 93ff 

  0x0000025a8c664170: ;   {other}
  0x0000025a8c664170: 0f1f 8400 | 600b 0002 | 85c0 0f84 | fb17 0000 | 4c8b 4c24 | 2841 8941 | 0c4c 8b44 | 2458 448b 
  0x0000025a8c664190: 5d28 4585 | db0f 84b2 | 0f00 0041 | 8b6b 0c85 | ed0f 863d | 2300 0044 | 8bd0 41c1 | ea10 4433 
  0x0000025a8c6641b0: d0ff cd41 | 81e2 ffff | ff7f 4123 | ea48 63cd | 418b 7c8b | 1085 ff0f | 8590 0b00 | 0049 bd00 
  0x0000025a8c6641d0: 00b0 935a | 0200 0044 | 8b5c 2450 

  0x0000025a8c6641dc: ;   {metadata('java/lang/IllegalArgumentException')}
  0x0000025a8c6641dc: 4d8b d348 | bd10 9407 | 0001 0000 | 004d 85c0 | 0f84 760c | 0000 4c89 | 5424 684c | 8944 2460 
  0x0000025a8c6641fc: 4c89 4c24 | 584c 896c | 2428 488b | 5424 384d | 8bc1 4c8b | 4c24 6049 | 8bfa 6690 

  0x0000025a8c664218: ;   {optimized virtual_call}
  0x0000025a8c664218: c5f8 77e8 

  0x0000025a8c66421c: ; ImmutableOopMap {[32]=NarrowOop [48]=Oop [56]=Oop [64]=Oop [80]=NarrowOop [88]=Oop [96]=Oop [104]=Oop }
                      ;*invokevirtual definePackage {reexecute=0 rethrow=0 return_oop=1}
                      ; - java.net.URLClassLoader::defineClass@64
  0x0000025a8c66421c: 6005 14f8 

  0x0000025a8c664220: ;   {other}
  0x0000025a8c664220: 0f1f 8400 | 100c 0003 | 4c8b 6c24 | 28e9 c304 | 0000 8b6f | 104c 8bdd | 4d3b d90f | 847e 0000 
  0x0000025a8c664240: 0085 ed0f | 84d3 2800 | 0048 894c | 2470 897c | 246c 4489 | 5424 684c | 8944 2460 | 4c89 4c24 
  0x0000025a8c664260: 5844 8b5c | 2420 4489 | 5c24 544c | 8b54 2430 | 4c89 5424 | 204c 8bc5 | 498b d148 | 8b6c 2438 
  0x0000025a8c664280: ;   {optimized virtual_call}
  0x0000025a8c664280: c5f8 77e8 

  0x0000025a8c664284: ; ImmutableOopMap {rbp=Oop [32]=Oop [64]=Oop [80]=NarrowOop [84]=NarrowOop [88]=Oop [96]=Oop [108]=NarrowOop [112]=Oop }
                      ;*invokevirtual equals {reexecute=0 rethrow=0 return_oop=0}
                      ; - java.util.concurrent.ConcurrentHashMap::get@73
                      ; - java.lang.ClassLoader::getDefinedPackage@13
                      ; - java.net.URLClassLoader::getAndVerifyPackage@2
                      ; - java.net.URLClassLoader::defineClass@46
  0x0000025a8c664284: 38ff 9200 

  0x0000025a8c664288: ;   {other}
  0x0000025a8c664288: 0f1f 8400 | 780c 0004 | 85c0 0f84 | c217 0000 | 4c8b 5424 | 204c 8954 | 2430 4889 | 6c24 3844 
  0x0000025a8c6642a8: 8b54 2454 | 4489 5424 | 204c 8b4c | 2458 4c8b | 4424 608b | 7c24 6c8b | 6f14 85ed | 0f84 4c12 
  0x0000025a8c6642c8: 0000 418b | 410c 450f | b659 1149 | bd00 00b0 | 935a 0200 | 008b 4d08 

  0x0000025a8c6642e0: ;   {metadata('java/lang/Package')}
  0x0000025a8c6642e0: 81f9 a41e | 0120 0f85 | d42e 0000 | 418b 7914 

  0x0000025a8c6642f0: ; implicit exception: dispatches to 0x0000025a8c667650
  0x0000025a8c6642f0: 448b 570c | 488b cd8b | 5910 4585 | d20f 864d | 2300 004c | 8b54 2438 | 418b 6a38 

  0x0000025a8c66430c: ; implicit exception: dispatches to 0x0000025a8c667694
  0x0000025a8c66430c: 448b 5508 

  0x0000025a8c664310: ;   {metadata('java/util/concurrent/ConcurrentHashMap')}
  0x0000025a8c664310: 4181 fa11 | ab00 200f | 8583 2300 | 0085 c00f | 8598 0000 | 0045 85db | 0f85 fe14 | 0000 450f 
  0x0000025a8c664330: be59 1048 | 8bd7 4585 | db0f 850f | 1800 0089 | 5c24 704c | 8944 2468 | 4c89 4c24 | 604c 896c 
  0x0000025a8c664350: 2458 448b | 5424 2044 | 8954 2454 | 4c8b 5424 | 384c 8954 | 2428 4c8b | 5424 304c | 8954 2420 
  0x0000025a8c664370: ;   {static_call}
  0x0000025a8c664370: c5f8 77e8 

  0x0000025a8c664374: ; ImmutableOopMap {rbp=Oop [32]=Oop [40]=Oop [64]=Oop [80]=NarrowOop [84]=NarrowOop [96]=Oop [104]=Oop [112]=NarrowOop }
                      ;*invokestatic hashCode {reexecute=0 rethrow=0 return_oop=0}
                      ; - java.lang.String::hashCode@27
                      ; - java.util.concurrent.ConcurrentHashMap::get@1
                      ; - java.lang.ClassLoader::definePackage@47
                      ; - java.lang.ClassLoader::getDefinedPackage@32
                      ; - java.net.URLClassLoader::getAndVerifyPackage@2
                      ; - java.net.URLClassLoader::defineClass@46
  0x0000025a8c664374: 08b5 3bff 

  0x0000025a8c664378: ;   {other}
  0x0000025a8c664378: 0f1f 8400 | 680d 0005 | 85c0 0f84 | 8917 0000 | 4c8b 4c24 | 6041 8941 | 0c4c 8b54 | 2420 4c89 
  0x0000025a8c664398: 5424 304c | 8b54 2428 | 4c89 5424 | 3844 8b54 | 2454 4489 | 5424 204c | 8b6c 2458 | 4c8b 4424 
  0x0000025a8c6643b8: 688b 5c24 | 7044 8b5d | 2845 85db | 0f84 3001 | 0000 418b | 6b0c 85ed | 0f86 6a25 | 0000 448b 
  0x0000025a8c6643d8: d041 c1ea | 1044 33d0 | ffcd 4181 | e2ff ffff | 7f41 23ea | 4863 cd41 | 8b4c 8b10 | 85c9 0f84 
  0x0000025a8c6643f8: fe00 0000 | 448b 590c | 488b f945 | 3bda 0f84 | a101 0000 | 4585 db0f | 8ca4 1500 | 008b 4f18 
  0x0000025a8c664418: 85c9 0f84 | da00 0000 | 488b c149 | 8baf 5004 | 0000 8b50 

  0x0000025a8c66442c: ; ImmutableOopMap {r8=Oop r9=Oop rbx=NarrowOop rax=Oop [32]=NarrowOop [48]=Oop [56]=Oop [64]=Oop [80]=NarrowOop }
                      ;*if_icmpne {reexecute=1 rethrow=0 return_oop=0}
                      ; - (reexecute) java.util.concurrent.ConcurrentHashMap::get@127
                      ; - java.lang.ClassLoader::definePackage@47
                      ; - java.lang.ClassLoader::getDefinedPackage@32
                      ; - java.net.URLClassLoader::getAndVerifyPackage@2
                      ; - java.net.URLClassLoader::defineClass@46
                      ;   {poll}
  0x0000025a8c66442c: 0c85 4500 | 413b d274 | 1244 8b58 | 1845 85db | 0f84 b800 | 0000 498b | c3eb dc8b | 6810 4c8b 
  0x0000025a8c66444c: dd4d 3bd9 | 0f84 9900 | 0000 85ed | 0f84 de29 | 0000 4889 | 4424 7844 | 8954 2474 | 895c 2470 
  0x0000025a8c66446c: 4c89 4424 | 684c 894c | 2460 4c89 | 6c24 5844 | 8b54 2420 | 4489 5424 | 544c 8b54 | 2430 4c89 
  0x0000025a8c66448c: 5424 204c | 8bc5 498b | d148 8b6c | 2438 6690 

  0x0000025a8c66449c: ;   {optimized virtual_call}
  0x0000025a8c66449c: c5f8 77e8 

  0x0000025a8c6644a0: ; ImmutableOopMap {rbp=Oop [32]=Oop [64]=Oop [80]=NarrowOop [84]=NarrowOop [96]=Oop [104]=Oop [112]=NarrowOop [120]=Oop }
                      ;*invokevirtual equals {reexecute=0 rethrow=0 return_oop=0}
                      ; - java.util.concurrent.ConcurrentHashMap::get@149
                      ; - java.lang.ClassLoader::definePackage@47
                      ; - java.lang.ClassLoader::getDefinedPackage@32
                      ; - java.net.URLClassLoader::getAndVerifyPackage@2
                      ; - java.net.URLClassLoader::defineClass@46
  0x0000025a8c6644a0: 1cfd 9200 

  0x0000025a8c6644a4: ;   {other}
  0x0000025a8c6644a4: 0f1f 8400 | 940e 0007 | 4d8b 9750 

  0x0000025a8c6644b0: ; ImmutableOopMap {rbp=Oop [32]=Oop [64]=Oop [80]=NarrowOop [84]=NarrowOop [96]=Oop [104]=Oop [112]=NarrowOop [120]=Oop }
                      ;*ifeq {reexecute=1 rethrow=0 return_oop=0}
                      ; - (reexecute) java.util.concurrent.ConcurrentHashMap::get@152
                      ; - java.lang.ClassLoader::definePackage@47
                      ; - java.lang.ClassLoader::getDefinedPackage@32
                      ; - java.net.URLClassLoader::getAndVerifyPackage@2
                      ; - java.net.URLClassLoader::defineClass@46
                      ;   {poll}
  0x0000025a8c6644b0: 0400 0041 | 8502 85c0 | 0f84 251b | 0000 4c8b | 5424 204c | 8954 2430 | 4889 6c24 | 3844 8b5c 
  0x0000025a8c6644d0: 2454 4489 | 5c24 204c | 8b6c 2458 | 4c8b 4c24 | 604c 8b44 | 2468 8b5c | 2470 488b | 4424 788b 
  0x0000025a8c6644f0: 6814 85ed | 0f85 6101 | 0000 498b | 8fb8 0100 | 004c 8b54 | 2438 418b | 6a38 4c8b | d149 83c2 
  0x0000025a8c664510: 184d 3b97 | c801 0000 | 0f83 e219 | 0000 4d89 | 97b8 0100 | 0041 0f0d | 8ac0 0000 | 0048 c701 
  0x0000025a8c664530: 0100 0000 | 4c8b d149 

  0x0000025a8c664538: ;   {metadata('java/lang/ClassLoader$$Lambda+0x00000001001557c8')}
  0x0000025a8c664538: 83c2 10c7 | 4108 f9aa | 0220 c5fd | efc0 c4c1 | 79d6 0244 | 8b54 2420 | 4489 510c | 8959 1085 
  0x0000025a8c664558: ed0f 8435 | 2300 004c | 8944 2460 | 4c89 4c24 | 584c 896c | 2428 488b | d54d 8bc1 | 4c8b c990 
  0x0000025a8c664578: ;   {optimized virtual_call}
  0x0000025a8c664578: c5f8 77e8 

  0x0000025a8c66457c: ; ImmutableOopMap {[32]=NarrowOop [48]=Oop [56]=Oop [64]=Oop [80]=NarrowOop [88]=Oop [96]=Oop }
                      ;*invokevirtual compute {reexecute=0 rethrow=0 return_oop=1}
                      ; - java.lang.ClassLoader::definePackage@78
                      ; - java.lang.ClassLoader::getDefinedPackage@32
                      ; - java.net.URLClassLoader::getAndVerifyPackage@2
                      ; - java.net.URLClassLoader::defineClass@46
  0x0000025a8c66457c: 00a9 3bff 

  0x0000025a8c664580: ;   {other}
  0x0000025a8c664580: 0f1f 8400 | 700f 0009 

  0x0000025a8c664588: ; implicit exception: dispatches to 0x0000025a8c667768
  0x0000025a8c664588: 448b 5008 

  0x0000025a8c66458c: ;   {metadata('java/lang/Package')}
  0x0000025a8c66458c: 4181 faa4 | 1e01 200f | 8573 2c00 | 004c 8b6c | 2428 4c8b | 4c24 584c | 8b44 2460 | e9e4 0000 
  0x0000025a8c6645ac: 008b 6910 | 4c8b dd4d | 3bd9 0f84 | 9400 0000 | 85ed 0f84 | e826 0000 | 4889 bc24 | 8000 0000 
  0x0000025a8c6645cc: 894c 2478 | 4489 5424 | 7489 5c24 | 704c 8944 | 2468 4c89 | 4c24 604c | 896c 2458 | 448b 5c24 
  0x0000025a8c6645ec: 2044 895c | 2454 4c8b | 5424 304c | 8954 2420 | 4c8b c549 | 8bd1 488b | 6c24 3890 

  0x0000025a8c664608: ;   {optimized virtual_call}
  0x0000025a8c664608: c5f8 77e8 

  0x0000025a8c66460c: ; ImmutableOopMap {rbp=Oop [32]=Oop [64]=Oop [80]=NarrowOop [84]=NarrowOop [96]=Oop [104]=Oop [112]=NarrowOop [120]=NarrowOop [128]=Oop }
                      ;*invokevirtual equals {reexecute=0 rethrow=0 return_oop=0}
                      ; - java.util.concurrent.ConcurrentHashMap::get@73
                      ; - java.lang.ClassLoader::definePackage@47
                      ; - java.lang.ClassLoader::getDefinedPackage@32
                      ; - java.net.URLClassLoader::getAndVerifyPackage@2
                      ; - java.net.URLClassLoader::defineClass@46
  0x0000025a8c66460c: b0fb 9200 

  0x0000025a8c664610: ;   {other}
  0x0000025a8c664610: 0f1f 8400 | 0010 000a | 85c0 0f84 | c417 0000 | 4c8b 5424 | 204c 8954 | 2430 4889 | 6c24 3844 
  0x0000025a8c664630: 8b54 2454 | 4489 5424 | 204c 8b6c | 2458 4c8b | 4c24 604c | 8b44 2468 | 8b5c 2470 | 8b4c 2478 
  0x0000025a8c664650: 8b69 1485 | ed0f 849f | feff ff44 

  0x0000025a8c66465c: ;   {metadata('java/lang/NamedPackage')}
  0x0000025a8c66465c: 8b55 0849 | bbe8 f208 | 0001 0000 | 0048 33c9 | 4a8d 0cd1 | 4c8b 5138 | 4d3b d30f | 854c 2400 
  0x0000025a8c66467c: 0048 8bc5 | 448b 5008 

  0x0000025a8c664684: ;   {metadata('java/lang/Package')}
  0x0000025a8c664684: 4181 faa4 | 1e01 200f | 8569 feff | ff44 8b50 | 1045 8b5a | 1c45 85db | 0f85 4622 | 0000 448b 
  0x0000025a8c6646a4: 5814 418b | 6b24 85ed | 0f85 e222 | 0000 4d85 | c074 3e48 | 8944 2460 | 4c89 4424 | 5849 8be9 
  0x0000025a8c6646c4: 4c89 6c24 | 2848 8b54 | 2438 4d8b | c14c 8b4c | 2458 6690 

  0x0000025a8c6646d8: ;   {optimized virtual_call}
  0x0000025a8c6646d8: c5f8 77e8 

  0x0000025a8c6646dc: ; ImmutableOopMap {rbp=Oop [32]=NarrowOop [48]=Oop [56]=Oop [64]=Oop [80]=NarrowOop [88]=Oop [96]=Oop }
                      ;*invokevirtual isSealed {reexecute=0 rethrow=0 return_oop=0}
                      ; - java.net.URLClassLoader::getAndVerifyPackage@68
                      ; - java.net.URLClassLoader::defineClass@46
  0x0000025a8c6646dc: 00c5 e7ff 

  0x0000025a8c6646e0: ;   {other}
  0x0000025a8c6646e0: 0f1f 8400 | d010 000b | 85c0 0f85 | f022 0000 | 4c8b 6c24 | 2848 8d9c | 24b0 0000 | 004c 8b5c 
  0x0000025a8c664700: 2440 498b | 03a8 020f | 8523 0000 | 0048 83c8 | 0148 8903 | f049 0fb1 | 1b0f 8437 | 0000 0048 
  0x0000025a8c664720: 2bc4 4825 | 07f0 ffff | 4889 03e9 | 2400 0000 | 4c8b d048 | 33c0 f04d | 0fb1 7a3e | 48c7 0303 
  0x0000025a8c664740: 0000 0074 | 114c 3bf8 | 7515 49ff | 8286 0000 | 0048 33c0 | 7509 49ff | 8748 0500 | 0033 c00f 
  0x0000025a8c664760: 8583 1900 | 004c 8b54 | 2440 418b | 5a08 453b | 620c 0f85 | a400 0000 

  0x0000025a8c664778: ;   {metadata('jdk/internal/loader/URLClassPath$JarLoader$2')}
  0x0000025a8c664778: 81fb 0e1e | 0120 0f85 | 2209 0000 | 4c8b 4c24 | 4045 8b59 | 2045 8b53 | 1841 8b69 | 1c45 85d2 
  0x0000025a8c664798: 0f84 b61c | 0000 895c | 2424 4c89 | 6c24 2849 | 8bd2 4c8b | c54c 894c | 2458 4c89 | 4c24 6090 
  0x0000025a8c6647b8: ;   {optimized virtual_call}
  0x0000025a8c6647b8: c5f8 77e8 

  0x0000025a8c6647bc: ; ImmutableOopMap {[32]=NarrowOop [48]=Oop [56]=Oop [64]=Oop [80]=NarrowOop [88]=Oop [96]=Oop }
                      ;*invokevirtual getInputStream {reexecute=0 rethrow=0 return_oop=1}
                      ; - jdk.internal.loader.URLClassPath$JarLoader$2::getInputStream@11
                      ; - jdk.internal.loader.Resource::cachedInputStream@9
                      ; - jdk.internal.loader.Resource::getByteBuffer@1
                      ; - java.net.URLClassLoader::defineClass@132
  0x0000025a8c6647bc: 2058 bcff 

  0x0000025a8c6647c0: ;   {other}
  0x0000025a8c6647c0: 0f1f 8400 | b011 000c | 488b d841 | 807f 4000 | 0f85 910a | 0000 4c8b | d34c 8b5c | 2440 4589 
  0x0000025a8c6647e0: 530c 4d8b | d34c 8bdb | 4d33 da49 | c1eb 144d | 85db 741f | 4885 db74 | 1a49 c1ea | 0948 b900 
  0x0000025a8c664800: 00b0 935a | 0200 0049 | 03ca 8039 | 020f 858c | 0a00 004c | 8b6c 2428 | 8b5c 2424 | 4c8b 5424 
  0x0000025a8c664820: 4041 8b6a | 0c48 8d84 | 24b0 0000 | 004c 8b5c | 2440 4883 | 3800 0f84 | 7900 0000 | 4d8b 1341 
  0x0000025a8c664840: f6c2 020f | 8462 0000 | 0049 83ba | 8600 0000 | 0074 0949 | ff8a 8600 | 0000 eb4b | 498b 8296 
  0x0000025a8c664860: 0000 0049 | 0b82 8e00 | 0000 750a | 49c7 423e | 0000 0000 | eb3d 4983 | ba9e 0000 | 0000 7422 
  0x0000025a8c664880: 4833 c049 | c742 3e00 | 0000 00f0 | 8304 2400 | 4983 ba9e | 0000 0000 | 750d f04d | 0fb1 7a3e 
  0x0000025a8c6648a0: 7505 83c8 | 01eb 0ca8 | 00eb 084c | 8b10 f04d | 0fb1 1375 | 0a49 ff8f | 4805 0000 

  0x0000025a8c6648bc: ;   {no_reloc}
  0x0000025a8c6648bc: 4533 d20f | 8582 1800 | 0044 8b5d 

  0x0000025a8c6648c8: ;   {metadata('sun/nio/ByteBuffered')}
  0x0000025a8c6648c8: 0848 b848 | fa08 0001 | 0000 0048 | 33f6 4a8d | 34de 4c8b | 5620 4c3b | d00f 8496 | 1700 0048 
  0x0000025a8c6648e8: 8b7e 288b | 0f48 83c7 | 0848 85c0 | f248 af0f | 8504 0000 | 0048 8946 | 200f 8476 

  0x0000025a8c664904: ;   {metadata('jdk/internal/loader/URLClassPath$JarLoader$2')}
  0x0000025a8c664904: 1700 0081 | fb0e 1e01 | 200f 85ab | 0500 004c | 896c 2428 | 4c8b 5424 | 404c 8954 | 2458 498b 
  0x0000025a8c664924: d266 6690 

  0x0000025a8c664928: ;   {optimized virtual_call}
  0x0000025a8c664928: c5f8 77e8 

  0x0000025a8c66492c: ; ImmutableOopMap {[32]=NarrowOop [48]=Oop [56]=Oop [64]=Oop [80]=NarrowOop [88]=Oop }
                      ;*invokespecial getBytes {reexecute=0 rethrow=0 return_oop=1}
                      ; - jdk.internal.loader.URLClassPath$JarLoader$2::getBytes@1
                      ; - java.net.URLClassLoader::defineClass@179
  0x0000025a8c66492c: 905a 2800 

  0x0000025a8c664930: ;   {other}
  0x0000025a8c664930: 0f1f 8400 | 2013 000d | 488b d844 | 8b40 0c45 | 85c0 760d | 418d 68ff | 413b e80f | 83af 1a00 
  0x0000025a8c664950: 0048 8bd0 | 4883 c210 | 33c9 c5f8 | 7749 baa0 | 149d 8b5a | 0200 0041 

  0x0000025a8c664968: ;   {other}
  0x0000025a8c664968: ffd2 0f1f | 8400 0000 | 0000 4c8b | 4424 5845 | 8b50 1c4d | 8b52 1844 | 8bd8 4d3b | da0f 8549 
  0x0000025a8c664988: 1c00 0048 | 895c 2478 | 4c8b 5c24 | 4045 8b53 

  0x0000025a8c664998: ;   {metadata('jdk/internal/loader/URLClassPath$JarLoader$2')}
  0x0000025a8c664998: 0841 81fa | 0e1e 0120 | 0f85 4c05 | 0000 418b | 6b1c 448b 

  0x0000025a8c6649ac: ;   {metadata('java/util/jar/JarFile$JarFileEntry')}
  0x0000025a8c6649ac: 5d08 4181 | fb33 1801 | 200f 8519 | 1a00 0048 | 8bfd 8b77 | 6444 0fb6 | 5612 443b | 6630 7509 
  0x0000025a8c6649cc: 4585 d20f | 8598 0500 | 0044 8b5f | 5c45 85db | 0f85 fc0c | 0000 448b | 5764 418b | 6a30 85ed 
  0x0000025a8c6649ec: 0f85 630c | 0000 33db | 4d8b 8fb8 | 0100 004d | 8bd1 4983 | c228 4d3b | 97c8 0100 | 000f 8324 
  0x0000025a8c664a0c: 0e00 004d | 8997 b801 | 0000 410f | 0d8a c000 | 0000 49c7 | 0101 0000 | 004d 8bd1 | 4983 c210 
  0x0000025a8c664a2c: ;   {metadata('java/security/CodeSource')}
  0x0000025a8c664a2c: 41c7 4108 | 12aa 0020 | 4589 610c | c5fd efc0 | 41b8 0700 | 0000 c4c1 | 7892 f862 | d1fe 2f7f 
  0x0000025a8c664a4c: 0244 8b5c | 2450 4589 | 590c 4585 | db0f 84d1 | 1a00 0049 | 8be9 4889 | 5c24 4049 | 8bd3 6690 
  0x0000025a8c664a6c: ;   {static_call}
  0x0000025a8c664a6c: c5f8 77e8 

  0x0000025a8c664a70: ; ImmutableOopMap {rbp=Oop [32]=NarrowOop [48]=Oop [56]=Oop [64]=Oop [120]=Oop }
                      ;*invokestatic urlNoFragString {reexecute=0 rethrow=0 return_oop=1}
                      ; - java.security.CodeSource::<init>@30
                      ; - java.net.URLClassLoader::defineClass@198
  0x0000025a8c664a70: 6c66 1100 

  0x0000025a8c664a74: ;   {other}
  0x0000025a8c664a74: 0f1f 8400 | 6414 000e | 488b d841 | 807f 4000 | 0f85 d206 | 0000 488b | fd4c 8bdb | 4489 5f20 
  0x0000025a8c664a94: 4c8b d34c | 8bdf 4d33 | d349 c1ea | 144d 85d2 | 741f 4885 | db74 1a49 | c1eb 0948 | b900 00b0 
  0x0000025a8c664ab4: 935a 0200 | 0049 03cb | 8039 020f | 85cd 0600 | 004c 8b44 | 2440 4d85 | c00f 8507 | 0900 00c5 
  0x0000025a8c664ad4: f877 49ba | 80b3 9d06 | ff7f 0000 

  0x0000025a8c664ae0: ;   {other}
  0x0000025a8c664ae0: 41ff d20f | 1f84 0000 | 0000 004c | 8bc0 4c2b 

  0x0000025a8c664af0: ;   {oop(a 'jdk/internal/perf/PerfCounter'{0x0000000080c72b58})}
  0x0000025a8c664af0: 4424 4849 | bb58 2bc7 | 8000 0000 | 0048 8d9c | 24b0 0000 | 0049 8b03 | a802 0f85 | 2300 0000 
  0x0000025a8c664b10: 4883 c801 | 4889 03f0 | 490f b11b | 0f84 3700 | 0000 482b | c448 2507 | f0ff ff48 | 8903 e924 
  0x0000025a8c664b30: 0000 004c | 8bd0 4833 | c0f0 4d0f | b17a 3e48 | c703 0300 | 0000 7411 | 4c3b f875 | 1549 ff82 
  0x0000025a8c664b50: 8600 0000 | 4833 c075 | 0949 ff87 | 4805 0000 | 33c0 0f85 | 0c16 0000 

  0x0000025a8c664b68: ;   {oop(a 'jdk/internal/perf/PerfCounter'{0x0000000080c72b58})}
  0x0000025a8c664b68: 49ba 582b | c780 0000 | 0000 458b | 4a10 418b | 6924 85ed | 0f85 ee19 | 0000 418b | 691c 85ed 
  0x0000025a8c664b88: 0f8c 1f16 | 0000 85ed | 0f84 1a15 | 0000 4d8b | 5110 4d01 

  0x0000025a8c664b9c: ;   {oop(a 'jdk/internal/perf/PerfCounter'{0x0000000080c72b58})}
  0x0000025a8c664b9c: 0249 bb58 | 2bc7 8000 | 0000 0048 | 8d84 24b0 | 0000 0048 | 8338 000f | 8479 0000 | 004d 8b13 
  0x0000025a8c664bbc: 41f6 c202 | 0f84 6200 | 0000 4983 | ba86 0000 | 0000 7409 | 49ff 8a86 | 0000 00eb | 4b49 8b82 
  0x0000025a8c664bdc: 9600 0000 | 490b 828e | 0000 0075 | 0a49 c742 | 3e00 0000 | 00eb 3d49 | 83ba 9e00 | 0000 0074 
  0x0000025a8c664bfc: 2248 33c0 | 49c7 423e | 0000 0000 | f083 0424 | 0049 83ba | 9e00 0000 | 0075 0df0 | 4d0f b17a 
  0x0000025a8c664c1c: 3e75 0583 | c801 eb0c | a800 eb08 | 4c8b 10f0 | 4d0f b113 | 750a 49ff | 8f48 0500 | 0045 33d2 
  0x0000025a8c664c3c: 0f85 a615 | 0000 4c8b | 5424 7841 | 8b5a 0c4d | 8b8f b801 | 0000 4d8b | d149 83c2 | 104d 3b97 
  0x0000025a8c664c5c: c801 0000 | 0f83 410c | 0000 4d89 | 97b8 0100 | 0041 0f0d | 8ac0 0000 | 0049 c701 | 0100 0000 
  0x0000025a8c664c7c: ;   {metadata('java/security/SecureClassLoader$CodeSourceKey')}
  0x0000025a8c664c7c: 41c7 4108 | 6120 0120 | 4589 610c | 4c8b df45 | 8959 0c49 | 8b8f b801 | 0000 4c8b | 5424 3841 
  0x0000025a8c664c9c: 8b6a 504c | 8bd1 4983 | c210 4d3b | 97c8 0100 | 000f 83a8 | 0b00 004d | 8997 b801 | 0000 410f 
  0x0000025a8c664cbc: 0d8a c000 | 0000 48c7 | 0101 0000 

  0x0000025a8c664cc8: ;   {metadata('java/security/SecureClassLoader$1')}
  0x0000025a8c664cc8: 00c7 4108 | a520 0120 | 448b 5424 | 2044 8951 | 0c44 8b5d 

  0x0000025a8c664cdc: ;   {metadata('java/util/concurrent/ConcurrentHashMap')}
  0x0000025a8c664cdc: 0841 81fb | 11ab 0020 | 0f85 3015 | 0000 488b | d54d 8bc1 | 4c8b c98b | eb89 5c24 | 4066 6690 
  0x0000025a8c664cfc: ;   {optimized virtual_call}
  0x0000025a8c664cfc: c5f8 77e8 

  0x0000025a8c664d00: ; ImmutableOopMap {[48]=Oop [56]=Oop [120]=Oop }
                      ;*invokeinterface computeIfAbsent {reexecute=0 rethrow=0 return_oop=1}
                      ; - java.security.SecureClassLoader::getProtectionDomain@28
                      ; - java.security.SecureClassLoader::defineClass@9
                      ; - java.net.URLClassLoader::defineClass@220
  0x0000025a8c664d00: 9cd2 b200 

  0x0000025a8c664d04: ;   {other}
  0x0000025a8c664d04: 0f1f 8400 | f416 000f 

  0x0000025a8c664d0c: ; implicit exception: dispatches to 0x0000025a8c667360
  0x0000025a8c664d0c: 448b 5008 

  0x0000025a8c664d10: ;   {metadata('java/security/ProtectionDomain')}
  0x0000025a8c664d10: 4181 fa57 | 8800 200f | 8533 2500 | 0048 8bc8 | 488b 5424 | 384c 8b44 | 2430 4c8b | 4c24 7833 
  0x0000025a8c664d30: ff8b f590 

  0x0000025a8c664d34: ;   {optimized virtual_call}
  0x0000025a8c664d34: c5f8 77e8 

  0x0000025a8c664d38: ; ImmutableOopMap {}
                      ;*invokevirtual defineClass {reexecute=0 rethrow=0 return_oop=1}
                      ; - java.security.SecureClassLoader::defineClass@12
                      ; - java.net.URLClassLoader::defineClass@220
  0x0000025a8c664d38: 0424 eeff 

  0x0000025a8c664d3c: ;   {other}
  0x0000025a8c664d3c: 0f1f 8400 | 2c17 0010 | c5f8 7748 | 81c4 d000 

  0x0000025a8c664d4c: ;   {poll_return}
  0x0000025a8c664d4c: 0000 5d49 | 3ba7 4804 | 0000 0f87 | 2332 0000 | c344 8b5f | 0c48 8bcf | 453b da0f | 84c5 f4ff 
  0x0000025a8c664d6c: ff45 85db | 0f8c 120a | 0000 49bd | 0000 b093 | 5a02 0000 | 8b49 1885 | c90f 844c | f4ff ff48 
  0x0000025a8c664d8c: 8bd9 498b | 8750 0400 | 0044 8b5b 

  0x0000025a8c664d98: ; ImmutableOopMap {r8=Oop r9=Oop rbx=Oop [32]=NarrowOop [48]=Oop [56]=Oop [64]=Oop [80]=NarrowOop }
                      ;*if_icmpne {reexecute=1 rethrow=0 return_oop=0}
                      ; - (reexecute) java.util.concurrent.ConcurrentHashMap::get@127
                      ; - java.lang.ClassLoader::getDefinedPackage@13
                      ; - java.net.URLClassLoader::getAndVerifyPackage@2
                      ; - java.net.URLClassLoader::defineClass@46
                      ;   {poll}
  0x0000025a8c664d98: 0c85 0045 | 3bda 7410 | 8b4b 1885 | c90f 842c | f4ff ff48 | 8bd9 ebde | 8b6b 104c | 8bdd 4d3b 
  0x0000025a8c664db8: d90f 8490 | 0000 0085 | ed0f 8481 | 1f00 0048 | 895c 2478 | 4489 5424 | 704c 8944 | 2468 4c89 
  0x0000025a8c664dd8: 4c24 604c | 896c 2458 | 448b 5424 | 2044 8954 | 2454 4c8b | 5424 304c | 8954 2420 | 4c8b c549 
  0x0000025a8c664df8: 8bd1 488b | 6c24 3890 

  0x0000025a8c664e00: ;   {optimized virtual_call}
  0x0000025a8c664e00: c5f8 77e8 

  0x0000025a8c664e04: ; ImmutableOopMap {rbp=Oop [32]=Oop [64]=Oop [80]=NarrowOop [84]=NarrowOop [96]=Oop [104]=Oop [120]=Oop }
                      ;*invokevirtual equals {reexecute=0 rethrow=0 return_oop=0}
                      ; - java.util.concurrent.ConcurrentHashMap::get@149
                      ; - java.lang.ClassLoader::getDefinedPackage@13
                      ; - java.net.URLClassLoader::getAndVerifyPackage@2
                      ; - java.net.URLClassLoader::defineClass@46
  0x0000025a8c664e04: b8f3 9200 

  0x0000025a8c664e08: ;   {other}
  0x0000025a8c664e08: 0f1f 8400 | f817 0012 | 4d8b 9750 

  0x0000025a8c664e14: ; ImmutableOopMap {rbp=Oop [32]=Oop [64]=Oop [80]=NarrowOop [84]=NarrowOop [96]=Oop [104]=Oop [120]=Oop }
                      ;*ifeq {reexecute=1 rethrow=0 return_oop=0}
                      ; - (reexecute) java.util.concurrent.ConcurrentHashMap::get@152
                      ; - java.lang.ClassLoader::getDefinedPackage@13
                      ; - java.net.URLClassLoader::getAndVerifyPackage@2
                      ; - java.net.URLClassLoader::defineClass@46
                      ;   {poll}
  0x0000025a8c664e14: 0400 0041 | 8502 85c0 | 0f84 a710 | 0000 4c8b | 5424 204c | 8954 2430 | 4889 6c24 | 3844 8b5c 
  0x0000025a8c664e34: 2454 4489 | 5c24 204c | 8b6c 2458 | 4c8b 4c24 | 604c 8b44 | 2468 488b | 5c24 788b | 6b14 85ed 
  0x0000025a8c664e54: 0f84 7df3 | ffff 450f | b659 1141 | 8b41 0ce9 | 75f4 ffff | 4c89 5424 | 684c 894c | 2458 4c89 
  0x0000025a8c664e74: 6c24 2848 | 8b54 2438 | 4d8b c145 | 33c9 33ff | 33f6 33c9 | 4533 d24c | 8914 244c | 8954 2408 
  0x0000025a8c664e94: 4c89 5424 | 1066 6690 

  0x0000025a8c664e9c: ;   {optimized virtual_call}
  0x0000025a8c664e9c: c5f8 77e8 

  0x0000025a8c664ea0: ; ImmutableOopMap {[32]=NarrowOop [48]=Oop [56]=Oop [64]=Oop [80]=NarrowOop [88]=Oop [104]=Oop }
                      ;*invokevirtual definePackage {reexecute=0 rethrow=0 return_oop=1}
                      ; - java.net.URLClassLoader::defineClass@81
  0x0000025a8c664ea0: 1c4e 45f9 

  0x0000025a8c664ea4: ;   {other}
  0x0000025a8c664ea4: 0f1f 8400 | 9418 0014 | e977 f3ff | ff4c 8984 | 24a0 0000 | 00e9 a2f0 | ffff 4c89 | 6c24 2848 
  0x0000025a8c664ec4: 8b54 2440 | 488b 6c24 | 4890 c5f8 | 7748 b8d0 | 7f6f 0001 

  0x0000025a8c664ed8: ;   {virtual_call}
  0x0000025a8c664ed8: 0000 00e8 

  0x0000025a8c664edc: ; ImmutableOopMap {[32]=NarrowOop [48]=Oop [56]=Oop [64]=Oop [80]=NarrowOop }
                      ;*invokevirtual getBytes {reexecute=0 rethrow=0 return_oop=1}
                      ; - java.net.URLClassLoader::defineClass@179
  0x0000025a8c664edc: c054 2800 

  0x0000025a8c664ee0: ;   {other}
  0x0000025a8c664ee0: 0f1f 8400 | d018 0015 | 4889 4424 | 78e9 9efa 

  0x0000025a8c664ef0: ;   {metadata('jdk/internal/loader/URLClassPath$FileLoader$1')}
  0x0000025a8c664ef0: ffff 4181 | fafa ef0d | 200f 85f6 | 1c00 0033 | dbe9 eefa 

  0x0000025a8c664f04: ;   {metadata('jdk/internal/loader/URLClassPath$FileLoader$1')}
  0x0000025a8c664f04: ffff 4181 | fafa ef0d | 200f 8509 | 1d00 004c | 8b54 2440 | 4d8b c245 | 8b50 1c45 | 8b4a 0c44 
  0x0000025a8c664f24: 894c 2450 | e9b4 edff | ff49 bd00 | 00b0 935a | 0200 00e9 | b9f7 ffff | 410f b66a | 1085 ed0f 
  0x0000025a8c664f44: 855b 1e00 | 0045 8b4a | 1841 8b59 | 1844 8b5b | 1845 85db | 7c0a 443b | 6340 0f85 | 310c 0000 
  0x0000025a8c664f64: 4588 6212 | e9be f0ff | ff4c 8bce | 488d 9c24 | b000 0000 | 498b 01a8 | 020f 8523 | 0000 0048 
  0x0000025a8c664f84: 83c8 0148 | 8903 f049 | 0fb1 190f | 8437 0000 | 0048 2bc4 | 4825 07f0 | ffff 4889 | 03e9 2400 
  0x0000025a8c664fa4: 0000 4c8b | d048 33c0 | f04d 0fb1 | 7a3e 48c7 | 0303 0000 | 0074 114c | 3bf8 7515 | 49ff 8286 
  0x0000025a8c664fc4: 0000 0048 | 33c0 7509 | 49ff 8748 | 0500 0033 | c00f 856d | 1c00 000f | b66e 1085 | ed0f 8509 
  0x0000025a8c664fe4: 1e00 0044 | 8b56 1845 | 8b52 1845 | 8b42 1845 | 85c0 7c0a | 453b 6240 | 0f85 800c | 0000 488d 
  0x0000025a8c665004: ;   {no_reloc}
  0x0000025a8c665004: 8424 b000 | 0000 4883 | 3800 0f84 | 7900 0000 | 4d8b 1141 | f6c2 020f | 8462 0000 | 0049 83ba 
  0x0000025a8c665024: 8600 0000 | 0074 0949 | ff8a 8600 | 0000 eb4b | 498b 8296 | 0000 0049 | 0b82 8e00 | 0000 750a 
  0x0000025a8c665044: 49c7 423e | 0000 0000 | eb3d 4983 | ba9e 0000 | 0000 7422 | 4833 c049 | c742 3e00 | 0000 00f0 
  0x0000025a8c665064: 8304 2400 | 4983 ba9e | 0000 0000 | 750d f04d | 0fb1 7a3e | 7505 83c8 | 01eb 0ca8 | 00eb 084c 
  0x0000025a8c665084: 8b10 f04d | 0fb1 1175 | 0a49 ff8f | 4805 0000 | 4533 d20f | 85e4 1b00 | 0044 8866 | 12e9 2ff9 
  0x0000025a8c6650a4: ;   {metadata('jdk/internal/loader/URLClassPath$FileLoader$1')}
  0x0000025a8c6650a4: ffff 81fb | faef 0d20 | 0f85 5e1c | 0000 488b | 6c24 4049 | 8b87 b801 | 0000 4c8b | d049 83c2 
  0x0000025a8c6650c4: 204d 3b97 | c801 0000 | 0f83 820f | 0000 4d89 | 97b8 0100 | 0041 0f0d | 8ac0 0000 | 0048 c700 
  0x0000025a8c6650e4: 0100 0000 | 4c8b d049 

  0x0000025a8c6650ec: ;   {metadata('java/io/FileInputStream')}
  0x0000025a8c6650ec: 83c2 10c7 | 4008 dddd | 0020 4489 | 600c c5fd | efc0 62d1 | fe08 7f02 | 4c89 6c24 | 2889 5c24 
  0x0000025a8c66510c: 244c 8bd0 | 4c89 5424 | 5844 8b55 | 184d 8bc2 | 488b 5424 | 5866 6690 

  0x0000025a8c665124: ;   {optimized virtual_call}
  0x0000025a8c665124: c5f8 77e8 

  0x0000025a8c665128: ; ImmutableOopMap {rbp=Oop [32]=NarrowOop [48]=Oop [56]=Oop [64]=Oop [80]=NarrowOop [88]=Oop }
                      ;*invokespecial <init> {reexecute=0 rethrow=0 return_oop=0}
                      ; - jdk.internal.loader.URLClassPath$FileLoader$1::getInputStream@8
                      ; - jdk.internal.loader.Resource::cachedInputStream@9
                      ; - jdk.internal.loader.Resource::getByteBuffer@1
                      ; - java.net.URLClassLoader::defineClass@132
  0x0000025a8c665128: 3416 dc00 

  0x0000025a8c66512c: ;   {other}
  0x0000025a8c66512c: 0f1f 8400 | 1c1b 0016 | 488b 5c24 | 58e9 8df6 

  0x0000025a8c66513c: ;   {oop(""{0x00000000805c6898})}
  0x0000025a8c66513c: ffff 48bb | 9868 5c80 | 0000 0000 | e90b eeff | ff49 bd00 | 00b0 935a | 0200 00e9 | 7bf0 ffff 
  0x0000025a8c66515c: 488b fd44 | 8b57 2045 | 85d2 0f84 | 21f9 ffff | 4d8b 5f28 | 498b ca4d | 85db 0f84 | 1c13 0000 
  0x0000025a8c66517c: 4d8b 5738 | 4b89 4c1a | f849 83c3 | f84d 895f | 28e9 fbf8 | ffff 4d8b | 5758 4d8b | 5f48 f083 
  0x0000025a8c66519c: 4424 c000 | 8039 000f | 841c f9ff | ff44 8821 | 4d85 db75 | 2049 8bd7 | c5f8 7749 | ba50 ee62 
  0x0000025a8c6651bc: 06ff 7f00 | 0041 ffd2 

  0x0000025a8c6651c4: ;   {other}
  0x0000025a8c6651c4: 0f1f 8400 | 0000 0000 | e9f4 f8ff | ff4b 894c | 1af8 4983 | c3f8 4d89 | 5f48 e9e2 | f8ff ff44 
  0x0000025a8c6651e4: 8b53 1445 | 85d2 0f84 | 31ed ffff | 4d8b 5f28 | 498b ca4d | 85db 0f84 | 3014 0000 | 4d8b 5738 
  0x0000025a8c665204: 4b89 4c1a | f849 83c3 | f84d 895f | 28e9 0bed | ffff 4d8b | 5748 4d8b | 5f58 f083 | 4424 c000 
  0x0000025a8c665224: 8039 000f | 8427 edff | ff44 8821 | 4d85 d275 | 2049 8bd7 | c5f8 7749 | ba50 ee62 | 06ff 7f00 
  0x0000025a8c665244: 0041 ffd2 

  0x0000025a8c665248: ;   {other}
  0x0000025a8c665248: 0f1f 8400 | 0000 0000 | e9ff ecff | ff4b 894c | 13f8 4983 | c2f8 4d89 | 5748 e9ed | ecff ff4c 
  0x0000025a8c665268: 8b54 2440 | 458b 5a0c | 4585 db0f | 845d f5ff | ff4d 8b57 | 2849 8bcb | 4d85 d20f | 846b 1400 
  0x0000025a8c665288: 004d 8b5f | 384b 894c | 13f8 4983 | c2f8 4d89 | 5728 e937 | f5ff ff4d | 8b57 584d | 8b5f 48f0 
  0x0000025a8c6652a8: 8344 24c0 | 0080 3900 | 0f84 5df5 | ffff 4488 | 214d 85db | 7520 498b | d7c5 f877 | 49ba 50ee 
  0x0000025a8c6652c8: 6206 ff7f | 0000 41ff 

  0x0000025a8c6652d0: ;   {other}
  0x0000025a8c6652d0: d20f 1f84 | 0000 0000 | 00e9 35f5 | ffff 4b89 | 4c1a f849 | 83c3 f84d | 895f 48e9 | 23f5 ffff 
  0x0000025a8c6652f0: ;   {metadata('jdk/internal/loader/URLClassPath$FileLoader$1')}
  0x0000025a8c6652f0: 4181 fafa | ef0d 200f | 85a3 1b00 | 0045 33c0 | e902 eeff | ff45 0fb6 | 5a11 4585 | db0f 8522 
  0x0000025a8c665310: edff ff4c | 8944 2468 | 4489 5424 | 6048 897c | 2458 448b | 5424 2044 | 8954 2454 | 4c8b 5424 
  0x0000025a8c665330: 404c 8954 | 2428 4c8b | 5424 384c | 8954 2420 | 488b 6c24 | 3066 6690 

  0x0000025a8c665348: ;   {static_call}
  0x0000025a8c665348: c5f8 77e8 

  0x0000025a8c66534c: ; ImmutableOopMap {rbp=Oop [32]=Oop [40]=Oop [80]=NarrowOop [84]=NarrowOop [88]=Oop [96]=NarrowOop [104]=Oop [160]=Oop }
                      ;*invokestatic beginInit {reexecute=0 rethrow=0 return_oop=1}
                      ; - java.util.jar.JarFile::ensureInitialization@31
                      ; - java.util.jar.JavaUtilJarAccessImpl::ensureInitialization@1
                      ; - jdk.internal.loader.URLClassPath$JarLoader$2::getManifest@10
                      ; - java.net.URLClassLoader::defineClass@34
  0x0000025a8c66534c: 7c2d 0000 

  0x0000025a8c665350: ;   {other}
  0x0000025a8c665350: 0f1f 8400 | 401d 0017 | 4889 4424 | 3048 8b54 | 2468 4c8b | 5424 584c | 8954 2438 

  0x0000025a8c66536c: ;   {optimized virtual_call}
  0x0000025a8c66536c: c5f8 77e8 

  0x0000025a8c665370: ; ImmutableOopMap {rbp=Oop [32]=Oop [40]=Oop [48]=Oop [56]=Oop [80]=NarrowOop [84]=NarrowOop [88]=Oop [96]=NarrowOop [104]=Oop [160]=Oop }
                      ;*invokevirtual initializeVerifier {reexecute=0 rethrow=0 return_oop=0}
                      ; - java.util.jar.JarFile::ensureInitialization@36
                      ; - java.util.jar.JavaUtilJarAccessImpl::ensureInitialization@1
                      ; - jdk.internal.loader.URLClassPath$JarLoader$2::getManifest@10
                      ; - java.net.URLClassLoader::defineClass@34
  0x0000025a8c665370: 672d 0000 

  0x0000025a8c665374: ;   {other}
  0x0000025a8c665374: 0f1f 8400 | 641d 0018 | 448b 5c24 | 6041 c643 | 1101 488b | 5424 304c | 8b54 2438 | 4c89 5424 
  0x0000025a8c665394: 3066 6690 

  0x0000025a8c665398: ;   {static_call}
  0x0000025a8c665398: c5f8 77e8 

  0x0000025a8c66539c: ; ImmutableOopMap {rbp=Oop [32]=Oop [40]=Oop [48]=Oop [80]=NarrowOop [84]=NarrowOop [88]=Oop [104]=Oop [160]=Oop }
                      ;*invokestatic endInit {reexecute=0 rethrow=0 return_oop=0}
                      ; - java.util.jar.JarFile::ensureInitialization@45
                      ; - java.util.jar.JavaUtilJarAccessImpl::ensureInitialization@1
                      ; - jdk.internal.loader.URLClassPath$JarLoader$2::getManifest@10
                      ; - java.net.URLClassLoader::defineClass@34
  0x0000025a8c66539c: 4a2d 0000 

  0x0000025a8c6653a0: ;   {other}
  0x0000025a8c6653a0: 0f1f 8400 | 901d 0019 | 4889 6c24 | 304c 8b54 | 2420 4c89 | 5424 384c | 8b54 2428 | 4c89 5424 
  0x0000025a8c6653c0: 4044 8b5c | 2454 4489 | 5c24 2048 | 8b7c 2458 | 4c8b 4424 | 68e9 5bec | ffff 418b | 480c 4c63 
  0x0000025a8c6653e0: c949 c1e1 | 0281 f900 | 0004 000f | 87c5 1700 | 0049 8b9f | b801 0000 | 4d8d 5117 | 4983 e2f8 
  0x0000025a8c665400: 4c8b db4d | 03da 4d3b | 9fc8 0100 | 000f 83a3 | 1700 004d | 899f b801 | 0000 410f | 0d8b c000 
  0x0000025a8c665420: 0000 48c7 | 0301 0000 | 0041 0f0d | 8b00 0100 

  0x0000025a8c665430: ;   {metadata('java/security/CodeSigner'[])}
  0x0000025a8c665430: 00c7 4308 | 24f1 0420 | 894b 0c41 | 0f0d 8b40 | 0100 0041 | 0f0d 8b80 | 0100 0049 | 8bc8 4883 
  0x0000025a8c665450: c110 488b | d348 83c2 | 1049 83c1 | 0749 c1e9 | 034d 8bc1 | c5f8 7749 | ba80 70a0 | 8b5a 0200 
  0x0000025a8c665470: 0041 ffd2 

  0x0000025a8c665474: ;   {other}
  0x0000025a8c665474: 0f1f 8400 | 0000 0000 | 4180 7f40 | 000f 8517 | 1300 004c | 8bd7 4c8b | c344 8947 | 104c 8bdb 
  0x0000025a8c665494: 4d33 da49 | c1eb 144d | 85db 0f84 | 2ff6 ffff | 49c1 ea09 | 4c8b 4424 | 284d 03c2 | 4180 3802 
  0x0000025a8c6654b4: 0f84 19f6 | ffff 4d8b | 5748 4d8b | 5f58 f083 | 4424 c000 | 4180 3800 | 0f84 01f6 | ffff 4588 
  0x0000025a8c6654d4: 204d 85d2 | 7523 498b | c849 8bd7 | c5f8 7749 | ba50 ee62 | 06ff 7f00 | 0041 ffd2 

  0x0000025a8c6654f0: ;   {other}
  0x0000025a8c6654f0: 0f1f 8400 | 0000 0000 | e9d6 f5ff | ff4f 8944 | 13f8 4983 | c2f8 4d89 | 5748 e9c4 | f5ff ff33 
  0x0000025a8c665510: c0e9 78ec | ffff 49bd | 0000 b093 | 5a02 0000 | e9b2 ecff | ff4d 63c0 | 4d8d 5010 | 4d8b da49 
  0x0000025a8c665530: 83e3 f848 | 8bfe 4903 | fb49 c1ea | 0349 2bca | 4833 c048 | 83f9 087f | 1048 ffc9 | 7856 4889 
  0x0000025a8c665550: 04cf 48ff | c97d f7eb | 4bc5 fdef | c0e9 0d00 | 0000 c5fe | 7f07 c5fe | 7f47 2048 | 83c7 4048 
  0x0000025a8c665570: 83e9 087d | ed48 83c1 | 047c 0cc5 | fe7f 0748 | 83c7 2048 | 83e9 0448 | 83c1 047e | 1748 c7c0 
  0x0000025a8c665590: ffff ffff | c4e2 f0f5 | c0c4 e1fb | 92f8 62f1 | fe2f 7f07 | 4983 f820 | 772d 448b | 5424 5c4d 
  0x0000025a8c6655b0: 63d2 49bb | ffff ffff | ffff ffff | c442 a8f5 | dbc4 c1fb | 92fb 62d1 | 7faf 6f01 | 62f1 7f2f 
  0x0000025a8c6655d0: 7f02 e9a9 | e8ff ff49 | 8bc9 c5f8 | 7749 bac0 | 4da0 8b5a | 0200 0041 

  0x0000025a8c6655e8: ;   {other}
  0x0000025a8c6655e8: ffd2 0f1f | 8400 0000 | 0000 e989 | e8ff ff44 | 8b44 2420 | 4489 4424 | 544c 8b54 | 2440 4c89 
  0x0000025a8c665608: 5424 284c | 8b54 2438 | 4c89 5424 | 2048 8b6c | 2430 488b | d745 33c0 | 458b cb90 

  0x0000025a8c665624: ;   {static_call}
  0x0000025a8c665624: c5f8 77e8 

  0x0000025a8c665628: ; ImmutableOopMap {rbp=Oop [32]=Oop [40]=Oop [64]=Oop [80]=NarrowOop [84]=NarrowOop }
                      ;*invokestatic newString {reexecute=0 rethrow=0 return_oop=1}
                      ; - java.lang.String::substring@54
                      ; - java.net.URLClassLoader::defineClass@28
  0x0000025a8c665628: 54a2 3bff 

  0x0000025a8c66562c: ;   {other}
  0x0000025a8c66562c: 0f1f 8400 | 1c20 001a | 4889 6c24 | 304c 8b5c | 2420 4c89 | 5c24 3844 | 8b5c 2454 | 4489 5c24 
  0x0000025a8c66564c: 2048 8bd8 | e903 e9ff | ff48 897c | 2440 488b | d766 6690 

  0x0000025a8c665660: ;   {optimized virtual_call}
  0x0000025a8c665660: c5f8 77e8 

  0x0000025a8c665664: ; ImmutableOopMap {rbp=NarrowOop [32]=NarrowOop [48]=Oop [56]=Oop [64]=Oop [80]=NarrowOop [120]=Oop }
                      ;*invokevirtual realEntry {reexecute=0 rethrow=0 return_oop=1}
                      ; - java.util.jar.JarFile$JarFileEntry::getCodeSigners@46
                      ; - jdk.internal.loader.URLClassPath$JarLoader$2::getCodeSigners@4
                      ; - java.net.URLClassLoader::defineClass@185
  0x0000025a8c665664: 1898 3bff 

  0x0000025a8c665668: ;   {other}
  0x0000025a8c665668: 0f1f 8400 | 5820 001b | 488b d54c | 8bc0 6690 

  0x0000025a8c665678: ;   {optimized virtual_call}
  0x0000025a8c665678: c5f8 77e8 

  0x0000025a8c66567c: ; ImmutableOopMap {[32]=NarrowOop [48]=Oop [56]=Oop [64]=Oop [80]=NarrowOop [120]=Oop }
                      ;*invokevirtual getCodeSigners {reexecute=0 rethrow=0 return_oop=1}
                      ; - java.util.jar.JarFile$JarFileEntry::getCodeSigners@49
                      ; - jdk.internal.loader.URLClassPath$JarLoader$2::getCodeSigners@4
                      ; - java.net.URLClassLoader::defineClass@185
  0x0000025a8c66567c: 0098 3bff 

  0x0000025a8c665680: ;   {other}
  0x0000025a8c665680: 0f1f 8400 | 7020 001c | 488b d841 | 807f 4000 | 0f85 a413 | 0000 488b | 7c24 404c | 8bd7 4c8b 
  0x0000025a8c6656a0: cb4d 8bc1 | 4d33 c24d | 8bd9 4489 | 5f5c 49c1 | e814 4d85 | c00f 8471 | 1300 004d | 85c9 0f84 
  0x0000025a8c6656c0: 2ef3 ffff | 49c1 ea09 | 48b9 0000 | b093 5a02 | 0000 4903 | ca80 3902 | 0f85 9413 | 0000 418b 
  0x0000025a8c6656e0: 4b0c 4d8b | cb48 63f9 | 48c1 e702 | 81f9 0000 | 0400 0f87 | 8014 0000 | 498b 87b8 | 0100 004c 
  0x0000025a8c665700: 8d57 1749 | 83e2 f84c | 8bc0 4d03 | c24d 3b87 | c801 0000 | 0f83 5e14 | 0000 4d89 | 87b8 0100 
  0x0000025a8c665720: 0041 0f0d | 88c0 0000 | 0048 c700 | 0100 0000 | 410f 0d88 | 0001 0000 

  0x0000025a8c665738: ;   {metadata('java/security/CodeSigner'[])}
  0x0000025a8c665738: c740 0824 | f104 2089 | 480c 410f | 0d88 4001 | 0000 410f | 0d88 8001 | 0000 488b | d849 8d4b 
  0x0000025a8c665758: 1048 8bd3 | 4883 c210 | 4883 c707 | 48c1 ef03 | 4c8b c7c5 | f877 49ba | 8070 a08b | 5a02 0000 
  0x0000025a8c665778: ;   {other}
  0x0000025a8c665778: 41ff d20f | 1f84 0000 | 0000 00e9 | 6cf2 ffff | 4c89 4424 | 604c 894c | 2458 448b | 4424 2044 
  0x0000025a8c665798: 8944 2454 | 4c8b 4424 | 384c 8944 | 2428 4c8b | 4424 304c | 8944 2420 | 488b d145 | 8bc2 488b 
  0x0000025a8c6657b8: 6c24 3866 | 6690 c5f8 | 7748 b8ff | ffff ffff 

  0x0000025a8c6657c8: ;   {virtual_call}
  0x0000025a8c6657c8: ffff ffe8 

  0x0000025a8c6657cc: ; ImmutableOopMap {rbp=Oop [32]=Oop [40]=Oop [64]=Oop [80]=NarrowOop [84]=NarrowOop [88]=Oop [96]=Oop }
                      ;*invokevirtual find {reexecute=0 rethrow=0 return_oop=1}
                      ; - java.util.concurrent.ConcurrentHashMap::get@93
                      ; - java.lang.ClassLoader::getDefinedPackage@13
                      ; - java.net.URLClassLoader::getAndVerifyPackage@2
                      ; - java.net.URLClassLoader::defineClass@46
  0x0000025a8c6657cc: b09b 3bff 

  0x0000025a8c6657d0: ;   {other}
  0x0000025a8c6657d0: 0f1f 8400 | c021 001d | 4885 c00f | 84cb 0700 | 008b 6814 | 85ed 0f84 | c007 0000 | 4c8b 4c24 
  0x0000025a8c6657f0: 5841 8b41 | 0c45 0fb6 | 5911 49bd | 0000 b093 | 5a02 0000 | 4c8b 5424 | 204c 8954 | 2430 4c8b 
  0x0000025a8c665810: 5424 284c | 8954 2438 | 448b 4424 | 5444 8944 | 2420 4c8b | 4424 60e9 | b1ea ffff | 33c0 e98a 
  0x0000025a8c665830: ebff ff48 

  0x0000025a8c665834: ;   {metadata('java/security/CodeSource')}
  0x0000025a8c665834: 8beb 48ba | 9050 0500 | 0100 0000 

  0x0000025a8c665840: ;   {runtime_call _new_instance_Java}
  0x0000025a8c665840: c5f8 77e8 

  0x0000025a8c665844: ; ImmutableOopMap {rbp=Oop [32]=NarrowOop [48]=Oop [56]=Oop [80]=NarrowOop [120]=Oop }
                      ;*new {reexecute=0 rethrow=0 return_oop=1}
                      ; - java.net.URLClassLoader::defineClass@190
  0x0000025a8c665844: 38d7 48ff 

  0x0000025a8c665848: ;   {other}
  0x0000025a8c665848: 0f1f 8400 | 3822 001e | 488b dd4c | 8bc8 e9f2 | f1ff ff4c | 894c 2448 | 895c 2424 | 4c8b 5424 
  0x0000025a8c665868: 384c 8954 

  0x0000025a8c66586c: ;   {metadata('java/security/SecureClassLoader$1')}
  0x0000025a8c66586c: 2428 48ba | 2805 0900 | 0100 0000 

  0x0000025a8c665878: ;   {runtime_call _new_instance_Java}
  0x0000025a8c665878: c5f8 77e8 

  0x0000025a8c66587c: ; ImmutableOopMap {rbp=NarrowOop [32]=NarrowOop [40]=Oop [48]=Oop [72]=Oop [120]=Oop }
                      ;*new {reexecute=0 rethrow=0 return_oop=1}
                      ; - java.security.SecureClassLoader::getProtectionDomain@20
                      ; - java.security.SecureClassLoader::defineClass@9
                      ; - java.net.URLClassLoader::defineClass@220
  0x0000025a8c66587c: 00d7 48ff 

  0x0000025a8c665880: ;   {other}
  0x0000025a8c665880: 0f1f 8400 | 7022 001f | 4c8b 5c24 | 284c 895c | 2438 448b | 4424 244c | 8b4c 2448 | 488b c841 
  0x0000025a8c6658a0: 8bd8 e929 | f4ff ff89 | 5c24 2448 | 897c 2428 

  0x0000025a8c6658b0: ;   {metadata('java/security/SecureClassLoader$CodeSourceKey')}
  0x0000025a8c6658b0: 48ba 0803 | 0900 0100 | 0000 6690 

  0x0000025a8c6658bc: ;   {runtime_call _new_instance_Java}
  0x0000025a8c6658bc: c5f8 77e8 

  0x0000025a8c6658c0: ; ImmutableOopMap {[32]=NarrowOop [40]=Oop [48]=Oop [56]=Oop [120]=Oop }
                      ;*new {reexecute=0 rethrow=0 return_oop=1}
                      ; - java.security.SecureClassLoader::getProtectionDomain@6
                      ; - java.security.SecureClassLoader::defineClass@9
                      ; - java.net.URLClassLoader::defineClass@220
  0x0000025a8c6658c0: bcd6 48ff 

  0x0000025a8c6658c4: ;   {other}
  0x0000025a8c6658c4: 0f1f 8400 | b422 0020 | 488b 7c24 | 2844 8b5c | 2424 4c8b | c841 8bdb | e9a7 f3ff | ff44 8954 
  0x0000025a8c6658e4: 2460 897c | 245c 448b | 5424 2044 | 8954 2458 | 448b 4424 | 5044 8944 | 2454 4489 | 5c24 504c 
  0x0000025a8c665904: 8b54 2440 | 4c89 5424 | 284c 8b54 | 2438 4c89 | 5424 2048 | 8b6c 2430 

  0x0000025a8c66591c: ;   {metadata('java/lang/String')}
  0x0000025a8c66591c: 48ba b01e | 0400 0100 | 0000 6690 

  0x0000025a8c665928: ;   {runtime_call _new_instance_Java}
  0x0000025a8c665928: c5f8 77e8 

  0x0000025a8c66592c: ; ImmutableOopMap {rbp=Oop [32]=Oop [40]=Oop [84]=NarrowOop [88]=NarrowOop [92]=NarrowOop }
                      ;*new {reexecute=0 rethrow=0 return_oop=1}
                      ; - java.lang.StringLatin1::newString@7
                      ; - java.lang.String::substring@41
                      ; - java.net.URLClassLoader::defineClass@28
  0x0000025a8c66592c: 50d6 48ff 

  0x0000025a8c665930: ;   {other}
  0x0000025a8c665930: 0f1f 8400 | 2023 0021 | 4889 6c24 | 304c 8b54 | 2420 4c89 | 5424 384c | 8b54 2428 | 4c89 5424 
  0x0000025a8c665950: 4044 8b5c | 2450 448b | 5424 5444 | 8954 2450 | 448b 4c24 | 5844 894c | 2420 8b7c | 245c 448b 
  0x0000025a8c665970: 5424 6048 | 8bd8 e90f | e4ff ff4c | 8b4c 2428 | 41c6 4111 | 0133 c04c | 8b44 2458 | e9fd e7ff 
  0x0000025a8c665990: ff4c 8944 | 2458 48ff | b424 a000 | 0000 488f | 4424 2890 

  0x0000025a8c6659a4: ;   {static_call}
  0x0000025a8c6659a4: c5f8 77e8 

  0x0000025a8c6659a8: ; ImmutableOopMap {rbp=Oop [32]=NarrowOop [40]=Oop [48]=Oop [56]=Oop [64]=Oop [80]=NarrowOop [88]=Oop [160]=Oop }
                      ;*invokestatic hashCode {reexecute=0 rethrow=0 return_oop=0}
                      ; - java.lang.String::hashCode@37
                      ; - java.util.concurrent.ConcurrentHashMap::get@1
                      ; - java.lang.ClassLoader::getDefinedPackage@13
                      ; - java.net.URLClassLoader::getAndVerifyPackage@2
                      ; - java.net.URLClassLoader::defineClass@46
  0x0000025a8c6659a8: d49e 3bff 

  0x0000025a8c6659ac: ;   {other}
  0x0000025a8c6659ac: 0f1f 8400 | 9c23 0022 | e9bf e7ff | ff89 5c24 | 704c 8944 | 2468 4c89 | 4c24 604c | 896c 2458 
  0x0000025a8c6659cc: 448b 4424 | 2044 8944 | 2454 4c8b | 4424 384c | 8944 2428 | 4c8b 4424 | 304c 8944 | 2420 488b 
  0x0000025a8c6659ec: d745 8bc2 | 488b 6c24 | 3890 c5f8 | 7748 b8ff | ffff ffff 

  0x0000025a8c665a00: ;   {virtual_call}
  0x0000025a8c665a00: ffff ffe8 

  0x0000025a8c665a04: ; ImmutableOopMap {rbp=Oop [32]=Oop [40]=Oop [64]=Oop [80]=NarrowOop [84]=NarrowOop [96]=Oop [104]=Oop [112]=NarrowOop }
                      ;*invokevirtual find {reexecute=0 rethrow=0 return_oop=1}
                      ; - java.util.concurrent.ConcurrentHashMap::get@93
                      ; - java.lang.ClassLoader::definePackage@47
                      ; - java.lang.ClassLoader::getDefinedPackage@32
                      ; - java.net.URLClassLoader::getAndVerifyPackage@2
                      ; - java.net.URLClassLoader::defineClass@46
  0x0000025a8c665a04: 7899 3bff 

  0x0000025a8c665a08: ;   {other}
  0x0000025a8c665a08: 0f1f 8400 | f823 0023 | 4885 c00f | 8405 0600 | 008b 6814 | 85ed 0f84 | fa05 0000 | 4c8b 5424 
  0x0000025a8c665a28: 204c 8954 | 2430 4c8b | 5424 284c | 8954 2438 | 448b 5c24 | 5444 895c | 2420 4c8b | 6c24 584c 
  0x0000025a8c665a48: 8b4c 2460 | 4c8b 4424 | 688b 5c24 | 70e9 01ec | ffff 4c8b | 5424 204c | 8954 2430 | 4889 6c24 
  0x0000025a8c665a68: 3844 8b5c | 2454 4489 | 5c24 204c | 8b4c 2458 | 4c8b 4424 | 6044 8b54 | 2468 488b | 4c24 70e9 
  0x0000025a8c665a88: eaf2 ffff | 4c89 4424 | 704c 894c | 2468 4889 | 5c24 6089 | 7c24 5844 | 8b5c 2420 | 4489 5c24 
  0x0000025a8c665aa8: 544c 8b5c | 2438 4c89 | 5c24 284c | 8b5c 2430 | 4c89 5c24 

  0x0000025a8c665abc: ;   {metadata({type array byte})}
  0x0000025a8c665abc: 2048 ba28 | 0a04 0001 | 0000 0045 | 8bc2 6690 

  0x0000025a8c665acc: ;   {runtime_call _new_array_nozero_Java}
  0x0000025a8c665acc: c5f8 77e8 

  0x0000025a8c665ad0: ; ImmutableOopMap {rbp=Oop [104]=Derived_oop_rbp [32]=Oop [40]=Oop [64]=Oop [80]=NarrowOop [84]=NarrowOop [88]=NarrowOop [96]=Oop }
                      ;*invokevirtual clone {reexecute=1 rethrow=0 return_oop=1}
                      ; - (reexecute) java.util.Arrays::copyOfRange@18
                      ; - java.lang.StringLatin1::newString@16
                      ; - java.lang.String::substring@41
                      ; - java.net.URLClassLoader::defineClass@28
  0x0000025a8c665ad0: acff 48ff 

  0x0000025a8c665ad4: ;   {other}
  0x0000025a8c665ad4: 0f1f 8400 | c424 0024 | 4c8b 5c24 | 204c 895c | 2430 4c8b | 5c24 284c | 895c 2438 | 448b 4424 
  0x0000025a8c665af4: 5444 8944 | 2420 488b | 5c24 604c | 8b4c 2468 | 4c8b 4424 | 7048 8bf0 | e9db e3ff | ff4c 8b4c 
  0x0000025a8c665b14: 2460 41c6 | 4111 0133 | c04c 8b54 | 2420 4c89 | 5424 304c | 8b54 2428 | 4c89 5424 | 3844 8b5c 
  0x0000025a8c665b34: 2454 4489 | 5c24 204c | 8b6c 2458 | 4c8b 4424 | 688b 5c24 | 70e9 6fe8 | ffff 895c | 2470 4c89 
  0x0000025a8c665b54: 4424 684c | 894c 2460 | 4c89 6c24 | 5844 8b5c | 2420 4489 | 5c24 544c | 8b54 2438 | 4c89 5424 
  0x0000025a8c665b74: 284c 8b54 | 2430 4c89 | 5424 2090 

  0x0000025a8c665b80: ;   {static_call}
  0x0000025a8c665b80: c5f8 77e8 

  0x0000025a8c665b84: ; ImmutableOopMap {rbp=Oop [32]=Oop [40]=Oop [64]=Oop [80]=NarrowOop [84]=NarrowOop [96]=Oop [104]=Oop [112]=NarrowOop }
                      ;*invokestatic hashCode {reexecute=0 rethrow=0 return_oop=0}
                      ; - java.lang.String::hashCode@37
                      ; - java.util.concurrent.ConcurrentHashMap::get@1
                      ; - java.lang.ClassLoader::definePackage@47
                      ; - java.lang.ClassLoader::getDefinedPackage@32
                      ; - java.net.URLClassLoader::getAndVerifyPackage@2
                      ; - java.net.URLClassLoader::defineClass@46
  0x0000025a8c665b84: f89c 3bff 

  0x0000025a8c665b88: ;   {other}
  0x0000025a8c665b88: 0f1f 8400 | 7825 0025 | e9eb e7ff | ff8b 4b38 | 418d 6b1c 

  0x0000025a8c665b9c: ; implicit exception: dispatches to 0x0000025a8c667930
  0x0000025a8c665b9c: 8b41 0c3b | e80f 8369 | 1300 004c | 8944 2468 | 8954 2464 | 4489 5424 | 6048 897c | 2458 448b 
  0x0000025a8c665bbc: 4424 2044 | 8944 2454 | 4c8b 5424 | 384c 8954 | 2428 4c8b | 5424 304c | 8954 2420 | 458b cb4d 
  0x0000025a8c665bdc: 63c3 460f | b65c 012c | 418b f38b | f941 8d69 | 1d3b e80f | 8377 1300 | 008b 6b30 

  0x0000025a8c665bf8: ; implicit exception: dispatches to 0x0000025a8c66797c
  0x0000025a8c665bf8: 448b 5d08 | 460f b644 | 012d 41c1 | e008 458b | d044 0bd6 

  0x0000025a8c665c0c: ;   {metadata('java/util/zip/ZipCoder$UTF8ZipCoder')}
  0x0000025a8c665c0c: 418b ca41 | 81fb 820f | 0020 0f85 | 5414 0000 | 458d 512e | 488b d54c | 8bc7 458b | ca8b f948 
  0x0000025a8c665c2c: 8b6c 2438 | 4c8b 5424 | 584c 8954 | 2430 6690 

  0x0000025a8c665c3c: ;   {optimized virtual_call}
  0x0000025a8c665c3c: c5f8 77e8 

  0x0000025a8c665c40: ; ImmutableOopMap {rbp=Oop [32]=Oop [40]=Oop [48]=Oop [64]=Oop [80]=NarrowOop [84]=NarrowOop [88]=Oop [96]=NarrowOop [104]=Oop [160]=Oop }
                      ;*invokevirtual toString {reexecute=0 rethrow=0 return_oop=1}
                      ; - java.util.zip.ZipFile::getEntryName@38
                      ; - java.util.zip.ZipFile::getManifestName@41
                      ; - java.util.zip.ZipFile$1::getManifestName@2
                      ; - java.util.jar.JarFile::maybeInstantiateVerifier@20
                      ; - java.util.jar.JarFile::ensureInitialization@1
                      ; - java.util.jar.JavaUtilJarAccessImpl::ensureInitialization@1
                      ; - jdk.internal.loader.URLClassPath$JarLoader$2::getManifest@10
                      ; - java.net.URLClassLoader::defineClass@34
  0x0000025a8c665c40: 3c92 3bff 

  0x0000025a8c665c44: ;   {other}
  0x0000025a8c665c44: 0f1f 8400 | 3426 0026 | 4885 c00f | 85bf 0a00 | 004c 8b54 | 2420 4c89 | 5424 3048 | 896c 2438 
  0x0000025a8c665c64: 448b 5424 | 5444 8954 | 2420 488b | 7c24 5844 | 8b54 2460 | 4c8b 4424 | 68e9 e2f2 | ffff 418b 
  0x0000025a8c665c84: 4a38 418d | 681c 448b | 590c 413b | eb0f 8329 | 1300 0049 | 63d0 0fb6 | 5c11 2c41 | 8d68 1d41 
  0x0000025a8c665ca4: 3beb 0f83 | 6c13 0000 | 418b 6a30 

  0x0000025a8c665cb0: ; implicit exception: dispatches to 0x0000025a8c667a10
  0x0000025a8c665cb0: 448b 6d08 | 0fb6 4411 | 2dc1 e008 

  0x0000025a8c665cbc: ;   {metadata('java/util/zip/ZipCoder$UTF8ZipCoder')}
  0x0000025a8c665cbc: 0bc3 4181 | fd82 0f00 | 200f 85fd | 1300 004c | 894c 2458 | 8974 2424 | 4889 7c24 | 4048 8bd5 
  0x0000025a8c665cdc: 4183 c02e | 458b d04c | 8bc1 458b | ca8b f890 

  0x0000025a8c665cec: ;   {optimized virtual_call}
  0x0000025a8c665cec: c5f8 77e8 

  0x0000025a8c665cf0: ; ImmutableOopMap {[32]=NarrowOop [36]=NarrowOop [48]=Oop [56]=Oop [64]=Oop [80]=NarrowOop [88]=Oop [120]=Oop }
                      ;*invokevirtual toString {reexecute=0 rethrow=0 return_oop=1}
                      ; - java.util.zip.ZipFile::getEntryName@38
                      ; - java.util.zip.ZipFile::getManifestName@41
                      ; - java.util.zip.ZipFile$1::getManifestName@2
                      ; - java.util.jar.JarFile::maybeInstantiateVerifier@20
                      ; - java.util.jar.JarFile$JarFileEntry::getCodeSigners@4
                      ; - jdk.internal.loader.URLClassPath$JarLoader$2::getCodeSigners@4
                      ; - java.net.URLClassLoader::defineClass@185
  0x0000025a8c665cf0: 8c91 3bff 

  0x0000025a8c665cf4: ;   {other}
  0x0000025a8c665cf4: 0f1f 8400 | e426 0027 | 488b d848 | 8b7c 2458 | 488d 8424 | b000 0000 | 4883 3800 | 0f84 7900 
  0x0000025a8c665d14: 0000 4c8b | 1741 f6c2 | 020f 8462 | 0000 0049 | 83ba 8600 | 0000 0074 | 0949 ff8a | 8600 0000 
  0x0000025a8c665d34: eb4b 498b | 8296 0000 | 0049 0b82 | 8e00 0000 | 750a 49c7 | 423e 0000 | 0000 eb3d | 4983 ba9e 
  0x0000025a8c665d54: 0000 0000 | 7422 4833 | c049 c742 | 3e00 0000 | 00f0 8304 | 2400 4983 | ba9e 0000 | 0000 750d 
  0x0000025a8c665d74: f04d 0fb1 | 7a3e 7505 | 83c8 01eb | 0ca8 00eb | 084c 8b10 | f04c 0fb1 | 1775 0a49 | ff8f 4805 
  0x0000025a8c665d94: 0000 4533 | d20f 8585 | 1300 0048 | 85db 0f85 | c109 0000 | 488b 7c24 | 408b 7424 | 24e9 e7f2 
  0x0000025a8c665db4: ffff bae4 | ffff ff44 | 895c 2424 | 4c8b 5424 | 384c 8954 | 2428 4c8b | 5424 404c | 8954 2438 
  0x0000025a8c665dd4: ;   {runtime_call UncommonTrapBlob}
  0x0000025a8c665dd4: c5f8 77e8 

  0x0000025a8c665dd8: ; ImmutableOopMap {rbp=NarrowOop [40]=Oop [48]=Oop [56]=Oop }
                      ;*baload {reexecute=0 rethrow=0 return_oop=0}
                      ; - java.lang.StringLatin1::lastIndexOf@24
                      ; - java.lang.String::lastIndexOf@13
                      ; - java.lang.String::lastIndexOf@8
                      ; - java.net.URLClassLoader::defineClass@7
  0x0000025a8c665dd8: 241f 3cff 

  0x0000025a8c665ddc: ;   {other}
  0x0000025a8c665ddc: 0f1f 8400 | cc27 0028 | 4c8b 5424 | 204c 8954 | 2430 4889 | 6c24 3844 | 8b5c 2454 | 4489 5c24 
  0x0000025a8c665dfc: 204c 8b6c | 2458 4c8b | 4c24 604c | 8b44 2468 | 8b5c 2470 | 448b 5424 | 7448 8bbc | 2480 0000 
  0x0000025a8c665e1c: 00e9 f3e5 | ffff 4c89 | 5424 7848 | 894c 2470 | 4c89 4c24 | 6848 895c | 2460 448b | 4424 2044 
  0x0000025a8c665e3c: 8944 2458 | 448b 5424 | 5044 8954 | 2454 4489 | 5c24 504c | 8b54 2438 | 4c89 5424 | 284c 8b54 
  0x0000025a8c665e5c: 2430 4c89 

  0x0000025a8c665e60: ;   {metadata({type array byte})}
  0x0000025a8c665e60: 5424 2048 | ba28 0a04 | 0001 0000 | 0045 8bc3 

  0x0000025a8c665e70: ;   {runtime_call _new_array_nozero_Java}
  0x0000025a8c665e70: c5f8 77e8 

  0x0000025a8c665e74: ; ImmutableOopMap {rbp=Oop [104]=Derived_oop_rbp [32]=Oop [40]=Oop [64]=Oop [84]=NarrowOop [88]=NarrowOop [96]=Oop }
                      ;*newarray {reexecute=0 rethrow=0 return_oop=1}
                      ; - java.util.Arrays::copyOfRangeByte@10
                      ; - java.util.Arrays::copyOfRange@13
                      ; - java.lang.StringLatin1::newString@16
                      ; - java.lang.String::substring@41
                      ; - java.net.URLClassLoader::defineClass@28
  0x0000025a8c665e74: 08fc 48ff 

  0x0000025a8c665e78: ;   {other}
  0x0000025a8c665e78: 0f1f 8400 | 6828 0029 | 4c8b 5c24 | 204c 895c | 2430 4c8b | 5c24 284c | 895c 2438 | 448b 5c24 
  0x0000025a8c665e98: 5044 8b4c | 2454 4489 | 4c24 5044 | 8b44 2458 | 4489 4424 | 2048 8b5c | 2460 4c8b | 4c24 6848 
  0x0000025a8c665eb8: 8bf0 488b | 4c24 704c | 8b54 2478 | e96c dfff | ff4c 8b54 | 2420 4c89 | 5424 3048 | 896c 2438 
  0x0000025a8c665ed8: 448b 5424 | 5444 8954 | 2420 4c8b | 6c24 584c | 8b4c 2460 | 4c8b 4424 | 6844 8b54 | 2470 488b 
  0x0000025a8c665ef8: 4c24 78e9 | 80ee ffff | 895c 2470 | 4c89 4424 | 684c 894c | 2460 4c89 | 6c24 5844 | 8b5c 2420 
  0x0000025a8c665f18: 4489 5c24 | 544c 8b54 | 2438 4c89 | 5424 284c | 8b54 2430 | 4c89 5424 

  0x0000025a8c665f30: ;   {metadata('java/lang/ClassLoader$$Lambda+0x00000001001557c8')}
  0x0000025a8c665f30: 2048 bac8 | 5715 0001 | 0000 0090 

  0x0000025a8c665f3c: ;   {runtime_call _new_instance_Java}
  0x0000025a8c665f3c: c5f8 77e8 

  0x0000025a8c665f40: ; ImmutableOopMap {rbp=NarrowOop [32]=Oop [40]=Oop [64]=Oop [80]=NarrowOop [84]=NarrowOop [96]=Oop [104]=Oop [112]=NarrowOop }
                      ;*invokevirtual allocateInstance {reexecute=0 rethrow=0 return_oop=1}
                      ; - java.lang.invoke.DirectMethodHandle::allocateInstance@12
                      ; - java.lang.invoke.DirectMethodHandle$Holder::newInvokeSpecial@1
                      ; - java.lang.invoke.Invokers$Holder::linkToTargetMethod@6
                      ; - java.lang.ClassLoader::definePackage@73
                      ; - java.lang.ClassLoader::getDefinedPackage@32
                      ; - java.net.URLClassLoader::getAndVerifyPackage@2
                      ; - java.net.URLClassLoader::defineClass@46
  0x0000025a8c665f40: 3cd0 48ff 

  0x0000025a8c665f44: ;   {other}
  0x0000025a8c665f44: 0f1f 8400 | 3429 002a | 4c8b 5c24 | 204c 895c | 2430 4c8b | 5c24 284c | 895c 2438 | 448b 5c24 
  0x0000025a8c665f64: 5444 895c | 2420 4c8b | 6c24 584c | 8b4c 2460 | 4c8b 4424 | 688b 5c24 | 7048 8bc8 | e9c6 e5ff 
  0x0000025a8c665f84: ff48 8bd5 | 41b8 2e00 | 0000 488b | 6c24 3890 

  0x0000025a8c665f94: ;   {static_call}
  0x0000025a8c665f94: c5f8 77e8 

  0x0000025a8c665f98: ; ImmutableOopMap {rbp=Oop [48]=Oop [56]=Oop [64]=Oop }
                      ;*invokestatic lastIndexOf {reexecute=0 rethrow=0 return_oop=0}
                      ; - java.lang.String::lastIndexOf@25
                      ; - java.lang.String::lastIndexOf@8
                      ; - java.net.URLClassLoader::defineClass@7
  0x0000025a8c665f98: e498 3bff 

  0x0000025a8c665f9c: ;   {other}
  0x0000025a8c665f9c: 0f1f 8400 | 8c29 002b | 448b d8e9 | 0ddd ffff | 49bd 0000 | b093 5a02 | 0000 4c8b | 5424 204c 
  0x0000025a8c665fbc: 8954 2430 | 4c8b 5424 | 284c 8954 | 2438 448b | 5424 5444 | 8954 2420 | 4c8b 4c24 | 584c 8b44 
  0x0000025a8c665fdc: 2460 e9f4 | e1ff ff4c | 8b54 2420 | 4c89 5424 | 3048 896c | 2438 448b | 5424 5444 | 8954 2420 
  0x0000025a8c665ffc: 4c8b 6c24 | 584c 8b4c | 2460 4c8b | 4424 688b | 5c24 7044 | 8b54 2474 | 488b 7c24 | 78e9 f7e3 
  0x0000025a8c66601c: ffff 4c8b | 5424 204c | 8954 2430 | 4c8b 5424 | 284c 8954 | 2438 448b | 5424 5444 | 8954 2420 
  0x0000025a8c66603c: 4c8b 6c24 | 584c 8b4c | 2460 4c8b | 4424 688b | 5c24 70e9 | a6e4 ffff | 895c 2424 | 4c89 6c24 
  0x0000025a8c66605c: ;   {metadata('java/io/FileInputStream')}
  0x0000025a8c66605c: 2848 bae8 | ee06 0001 | 0000 0090 

  0x0000025a8c666068: ;   {runtime_call _new_instance_Java}
  0x0000025a8c666068: c5f8 77e8 

  0x0000025a8c66606c: ; ImmutableOopMap {rbp=Oop [32]=NarrowOop [48]=Oop [56]=Oop [64]=Oop [80]=NarrowOop }
                      ;*new {reexecute=0 rethrow=0 return_oop=1}
                      ; - jdk.internal.loader.URLClassPath$FileLoader$1::getInputStream@0
                      ; - jdk.internal.loader.Resource::cachedInputStream@9
                      ; - jdk.internal.loader.Resource::getByteBuffer@1
                      ; - java.net.URLClassLoader::defineClass@132
  0x0000025a8c66606c: 10cf 48ff 

  0x0000025a8c666070: ;   {other}
  0x0000025a8c666070: 0f1f 8400 | 602a 002c | e990 f0ff | ffba 45ff | ffff 4c8b | 5424 384c | 8954 2420 | 4c8b 5424 
  0x0000025a8c666090: 304c 8954 | 2428 4c8b | 5424 404c | 8954 2430 

  0x0000025a8c6660a0: ;   {runtime_call UncommonTrapBlob}
  0x0000025a8c6660a0: c5f8 77e8 

  0x0000025a8c6660a4: ; ImmutableOopMap {rbp=NarrowOop [32]=Oop [40]=Oop [48]=Oop [80]=NarrowOop }
                      ;*ifeq {reexecute=1 rethrow=0 return_oop=0}
                      ; - (reexecute) jdk.internal.loader.Resource::getByteBuffer@9
                      ; - java.net.URLClassLoader::defineClass@132
  0x0000025a8c6660a4: 581c 3cff 

  0x0000025a8c6660a8: ;   {other}
  0x0000025a8c6660a8: 0f1f 8400 | 982a 002d | bae4 ffff | ff4c 8b54 | 2438 4c89 | 5424 204c | 8b54 2430 | 4c89 5424 
  0x0000025a8c6660c8: 2848 897c | 2438 4c89 | 4424 4044 | 894c 244c 

  0x0000025a8c6660d8: ;   {runtime_call UncommonTrapBlob}
  0x0000025a8c6660d8: c5f8 77e8 

  0x0000025a8c6660dc: ; ImmutableOopMap {[32]=Oop [40]=Oop [56]=Oop [76]=NarrowOop [120]=Oop }
                      ;*invokestatic checkIndex {reexecute=0 rethrow=0 return_oop=0}
                      ; - java.nio.Buffer::checkIndex@8
                      ; - java.nio.DirectLongBufferU::get@11
                      ; - jdk.internal.perf.PerfCounter::get@5
                      ; - jdk.internal.perf.PerfCounter::add@1
                      ; - jdk.internal.perf.PerfCounter::addElapsedTimeFrom@6
                      ; - java.net.URLClassLoader::defineClass@207
  0x0000025a8c6660dc: 201c 3cff 

  0x0000025a8c6660e0: ;   {other}
  0x0000025a8c6660e0: 0f1f 8400 | d02a 002e | 4c89 6c24 | 5844 8b5c | 2420 4489 | 5c24 544c | 8b54 2438 | 4c89 5424 
  0x0000025a8c666100: 2048 8b6c | 2430 488b | 5424 404c | 8d84 24b0 | 0000 0090 

  0x0000025a8c666114: ;   {runtime_call _complete_monitor_locking_Java}
  0x0000025a8c666114: c5f8 77e8 

  0x0000025a8c666118: ; ImmutableOopMap {rbp=Oop [32]=Oop [64]=Oop [80]=NarrowOop [84]=NarrowOop }
                      ;*synchronization entry
                      ; - jdk.internal.loader.Resource::cachedInputStream@-1
                      ; - jdk.internal.loader.Resource::getByteBuffer@1
                      ; - java.net.URLClassLoader::defineClass@132
  0x0000025a8c666118: 6433 49ff 

  0x0000025a8c66611c: ;   {other}
  0x0000025a8c66611c: 0f1f 8400 | 0c2b 002f | 4889 6c24 | 304c 8b54 | 2420 4c89 | 5424 3844 | 8b54 2454 | 4489 5424 
  0x0000025a8c66613c: 204c 8b6c | 2458 e91e | e6ff ff48 | 8b4c 2440 | 488d 9424 | b000 0000 | 4d8b c7c5 | f877 49ba 
  0x0000025a8c66615c: 9065 a406 | ff7f 0000 

  0x0000025a8c666164: ;   {other}
  0x0000025a8c666164: 41ff d20f | 1f84 0000 | 0000 00e9 | 51e7 ffff | 4c89 4424 | 2848 8bef 

  0x0000025a8c66617c: ;   {oop(a 'jdk/internal/perf/PerfCounter'{0x0000000080c72b58})}
  0x0000025a8c66617c: 48ba 582b | c780 0000 | 0000 4c8d | 8424 b000 | 0000 6690 

  0x0000025a8c666190: ;   {runtime_call _complete_monitor_locking_Java}
  0x0000025a8c666190: c5f8 77e8 

  0x0000025a8c666194: ; ImmutableOopMap {rbp=Oop [32]=NarrowOop [48]=Oop [56]=Oop [120]=Oop }
                      ;*synchronization entry
                      ; - jdk.internal.perf.PerfCounter::add@-1
                      ; - jdk.internal.perf.PerfCounter::addElapsedTimeFrom@6
                      ; - java.net.URLClassLoader::defineClass@207
  0x0000025a8c666194: e832 49ff 

  0x0000025a8c666198: ;   {other}
  0x0000025a8c666198: 0f1f 8400 | 882b 0030 | 488b fd4c | 8b44 2428 | e9bb e9ff | ffba ccff | ffff 4c8b | 5424 384c 
  0x0000025a8c6661b8: 8954 2420 | 4c8b 5424 | 304c 8954 | 2428 4889 | 7c24 384c | 8944 2440 | 4489 4c24 | 4c66 6690 
  0x0000025a8c6661d8: ;   {runtime_call UncommonTrapBlob}
  0x0000025a8c6661d8: c5f8 77e8 

  0x0000025a8c6661dc: ; ImmutableOopMap {[32]=Oop [40]=Oop [56]=Oop [76]=NarrowOop [120]=Oop }
                      ;*invokestatic checkIndex {reexecute=0 rethrow=0 return_oop=0}
                      ; - java.nio.Buffer::checkIndex@8
                      ; - java.nio.DirectLongBufferU::get@11
                      ; - jdk.internal.perf.PerfCounter::get@5
                      ; - jdk.internal.perf.PerfCounter::add@1
                      ; - jdk.internal.perf.PerfCounter::addElapsedTimeFrom@6
                      ; - java.net.URLClassLoader::defineClass@207
  0x0000025a8c6661dc: 201b 3cff 

  0x0000025a8c6661e0: ;   {other}
  0x0000025a8c6661e0: 0f1f 8400 | d02b 0031 

  0x0000025a8c6661e8: ;   {oop(a 'jdk/internal/perf/PerfCounter'{0x0000000080c72b58})}
  0x0000025a8c6661e8: 48b9 582b | c780 0000 | 0000 488d | 9424 b000 | 0000 4d8b | c7c5 f877 | 49ba 9065 | a406 ff7f 
  0x0000025a8c666208: 0000 41ff 

  0x0000025a8c66620c: ;   {other}
  0x0000025a8c66620c: d20f 1f84 | 0000 0000 | 00e9 28ea | ffff bade | ffff ff4c | 8b54 2438 | 4c89 5424 | 204c 8b54 
  0x0000025a8c66622c: 2430 4c89 | 5424 2889 | 5c24 384c | 894c 2440 | 4889 4c24 | 4866 6690 

  0x0000025a8c666244: ;   {runtime_call UncommonTrapBlob}
  0x0000025a8c666244: c5f8 77e8 

  0x0000025a8c666248: ; ImmutableOopMap {rbp=NarrowOop [32]=Oop [40]=Oop [64]=Oop [72]=Oop [120]=Oop }
                      ;*invokeinterface computeIfAbsent {reexecute=0 rethrow=0 return_oop=0}
                      ; - java.security.SecureClassLoader::getProtectionDomain@28
                      ; - java.security.SecureClassLoader::defineClass@9
                      ; - java.net.URLClassLoader::defineClass@220
  0x0000025a8c666248: b41a 3cff 

  0x0000025a8c66624c: ;   {other}
  0x0000025a8c66624c: 0f1f 8400 | 3c2c 0032 | bade ffff | ff4c 8b54 | 2430 4c89 | 5424 284c | 8b54 2440 | 4c89 5424 
  0x0000025a8c66626c: 304c 8b54 | 2448 4c89 | 5424 4044 | 8b54 2450 | 4c89 4424 | 7044 8954 | 244c 6690 

  0x0000025a8c666288: ;   {runtime_call UncommonTrapBlob}
  0x0000025a8c666288: c5f8 77e8 

  0x0000025a8c66628c: ; ImmutableOopMap {rbp=NarrowOop [40]=Oop [48]=Oop [56]=Oop [76]=NarrowOop [112]=Oop [160]=Oop }
                      ;*invokevirtual get {reexecute=0 rethrow=0 return_oop=0}
                      ; - java.lang.ClassLoader::getDefinedPackage@13
                      ; - java.net.URLClassLoader::getAndVerifyPackage@2
                      ; - java.net.URLClassLoader::defineClass@46
  0x0000025a8c66628c: 701a 3cff 

  0x0000025a8c666290: ;   {other}
  0x0000025a8c666290: 0f1f 8400 | 802c 0033 | bade ffff | ff48 8b6c | 2438 4c8b | 5c24 304c | 895c 2420 | 4c8b 5c24 
  0x0000025a8c6662b0: 484c 895c | 2430 448b | 5c24 5044 | 895c 2438 | 4889 7c24 | 4844 8944 | 243c 4489 | 5424 5090 
  0x0000025a8c6662d0: ;   {runtime_call UncommonTrapBlob}
  0x0000025a8c6662d0: c5f8 77e8 

  0x0000025a8c6662d4: ; ImmutableOopMap {rbp=Oop [32]=Oop [56]=NarrowOop [60]=NarrowOop [72]=Oop [80]=NarrowOop [160]=Oop }
                      ;*invokeinterface ensureInitialization {reexecute=0 rethrow=0 return_oop=0}
                      ; - jdk.internal.loader.URLClassPath$JarLoader$2::getManifest@10
                      ; - java.net.URLClassLoader::defineClass@34
  0x0000025a8c6662d4: 281a 3cff 

  0x0000025a8c6662d8: ;   {other}
  0x0000025a8c6662d8: 0f1f 8400 | c82c 0034 | 4c89 4424 | 6889 5424 | 6444 8954 | 2460 4889 | 7c24 5844 | 8b5c 2420 
  0x0000025a8c6662f8: 4489 5c24 | 544c 8b54 | 2440 4c89 | 5424 284c | 8b54 2438 | 4c89 5424 | 2048 8b6c | 2430 498b 
  0x0000025a8c666318: d04c 8d84 | 24b0 0000 | 0066 6690 

  0x0000025a8c666324: ;   {runtime_call _complete_monitor_locking_Java}
  0x0000025a8c666324: c5f8 77e8 

  0x0000025a8c666328: ; ImmutableOopMap {rbp=Oop [32]=Oop [40]=Oop [80]=NarrowOop [84]=NarrowOop [88]=Oop [96]=NarrowOop [104]=Oop [160]=Oop }
                      ;*synchronization entry
                      ; - java.util.jar.JarFile::ensureInitialization@-1
                      ; - java.util.jar.JavaUtilJarAccessImpl::ensureInitialization@1
                      ; - jdk.internal.loader.URLClassPath$JarLoader$2::getManifest@10
                      ; - java.net.URLClassLoader::defineClass@34
  0x0000025a8c666328: 5431 49ff 

  0x0000025a8c66632c: ;   {other}
  0x0000025a8c66632c: 0f1f 8400 | 1c2d 0035 | 4889 6c24 | 304c 8b54 | 2420 4c89 | 5424 384c | 8b54 2428 | 4c89 5424 
  0x0000025a8c66634c: 4044 8b54 | 2454 4489 | 5424 2048 | 8b7c 2458 | 448b 5424 | 608b 5424 | 644c 8b44 | 2468 e9a8 
  0x0000025a8c66636c: dcff ff49 | 8bc8 488d | 9424 b000 | 0000 4d8b | c7c5 f877 | 49ba 9065 | a406 ff7f | 0000 41ff 
  0x0000025a8c66638c: ;   {other}
  0x0000025a8c66638c: d20f 1f84 | 0000 0000 | 00e9 36dd | ffff bade | ffff ff4c | 8b54 2438 | 4c89 5424 | 204c 8b54 
  0x0000025a8c6663ac: 2430 4c89 | 5424 2848 | 897c 2430 | 4c8b 5424 | 484c 8954 | 2438 6690 

  0x0000025a8c6663c4: ;   {runtime_call UncommonTrapBlob}
  0x0000025a8c6663c4: c5f8 77e8 

  0x0000025a8c6663c8: ; ImmutableOopMap {rbp=NarrowOop [32]=Oop [40]=Oop [48]=Oop [80]=NarrowOop [160]=Oop }
                      ;*invokevirtual getManifest {reexecute=0 rethrow=0 return_oop=0}
                      ; - jdk.internal.loader.URLClassPath$JarLoader$2::getManifest@22
                      ; - java.net.URLClassLoader::defineClass@34
  0x0000025a8c6663c8: 3419 3cff 

  0x0000025a8c6663cc: ;   {other}
  0x0000025a8c6663cc: 0f1f 8400 | bc2d 0036 | bade ffff | ff4c 8b54 | 2438 4c89 | 5424 204c | 8b54 2430 | 4c89 5424 
  0x0000025a8c6663ec: 2866 6690 

  0x0000025a8c6663f0: ;   {runtime_call UncommonTrapBlob}
  0x0000025a8c6663f0: c5f8 77e8 

  0x0000025a8c6663f4: ; ImmutableOopMap {rbp=NarrowOop [32]=Oop [40]=Oop [80]=NarrowOop [120]=Oop }
                      ;*invokevirtual getCodeSigners {reexecute=0 rethrow=0 return_oop=0}
                      ; - jdk.internal.loader.URLClassPath$JarLoader$2::getCodeSigners@4
                      ; - java.net.URLClassLoader::defineClass@185
  0x0000025a8c6663f4: 0819 3cff 

  0x0000025a8c6663f8: ;   {other}
  0x0000025a8c6663f8: 0f1f 8400 | e82d 0037 | bae4 ffff | ff4c 8b54 | 2438 4c89 | 5424 204c | 8b54 2430 | 4c89 5424 
  0x0000025a8c666418: 284c 8b54 | 2458 4c89 | 5424 304c | 8b54 2448 | 4c89 5424 | 3844 8b54 | 2450 4489 | 5424 4048 
  0x0000025a8c666438: 8944 2458 | 4489 4424 | 6066 6690 

  0x0000025a8c666444: ;   {runtime_call UncommonTrapBlob}
  0x0000025a8c666444: c5f8 77e8 

  0x0000025a8c666448: ; ImmutableOopMap {[32]=Oop [40]=Oop [48]=Oop [64]=NarrowOop [88]=Oop }
                      ;*invokestatic checkIndex {reexecute=0 rethrow=0 return_oop=0}
                      ; - java.util.zip.CRC32::updateBytesCheck@30
                      ; - java.util.zip.CRC32::updateBytes@3
                      ; - java.util.zip.CRC32::update@31
                      ; - java.util.zip.Checksum::update@5
                      ; - jdk.internal.loader.URLClassPath$JarLoader$2::getBytes@15
                      ; - java.net.URLClassLoader::defineClass@179
  0x0000025a8c666448: b418 3cff 

  0x0000025a8c66644c: ;   {other}
  0x0000025a8c66644c: 0f1f 8400 | 3c2e 0038 | baf6 ffff | ff4c 8b54 | 2438 4c89 | 5424 204c | 8b54 2430 | 4c89 5424 
  0x0000025a8c66646c: 284c 8b54 | 2440 4c89 | 5424 304c | 8b54 2448 | 4c89 5424 | 384c 894c | 2448 6690 

  0x0000025a8c666488: ;   {runtime_call UncommonTrapBlob}
  0x0000025a8c666488: c5f8 77e8 

  0x0000025a8c66648c: ; ImmutableOopMap {rbp=NarrowOop [32]=Oop [40]=Oop [48]=Oop [72]=Oop [80]=NarrowOop }
                      ;*invokevirtual getInputStream {reexecute=0 rethrow=0 return_oop=0}
                      ; - jdk.internal.loader.URLClassPath$JarLoader$2::getInputStream@11
                      ; - jdk.internal.loader.Resource::cachedInputStream@9
                      ; - jdk.internal.loader.Resource::getByteBuffer@1
                      ; - java.net.URLClassLoader::defineClass@132
  0x0000025a8c66648c: 7018 3cff 

  0x0000025a8c666490: ;   {other}
  0x0000025a8c666490: 0f1f 8400 | 802e 0039 | 498b d7c5 | f877 49ba | 70ee 6206 | ff7f 0000 

  0x0000025a8c6664a8: ;   {other}
  0x0000025a8c6664a8: 41ff d20f | 1f84 0000 | 0000 00e9 | d5e5 ffff | ba45 ffff | ff44 895c | 2424 4489 | 5c24 2844 
  0x0000025a8c6664c8: 8b5c 2450 | 4489 5c24 | 2c66 6690 

  0x0000025a8c6664d4: ;   {runtime_call UncommonTrapBlob}
  0x0000025a8c6664d4: c5f8 77e8 

  0x0000025a8c6664d8: ; ImmutableOopMap {[44]=NarrowOop [48]=Oop [56]=Oop [64]=Oop }
                      ;*if_icmpgt {reexecute=1 rethrow=0 return_oop=0}
                      ; - (reexecute) jdk.internal.util.Preconditions::checkFromToIndex@6
                      ; - java.lang.String::checkBoundsBeginEnd@6
                      ; - java.lang.String::substring@8
                      ; - java.net.URLClassLoader::defineClass@28
  0x0000025a8c6664d8: 2418 3cff 

  0x0000025a8c6664dc: ;   {other}
  0x0000025a8c6664dc: 0f1f 8400 | cc2e 003a | ba45 ffff | ff4c 8b54 | 2430 4c89 | 5424 284c | 8b54 2440 | 4c89 5424 
  0x0000025a8c6664fc: 304c 8b54 | 2448 4c89 | 5424 4044 | 8b54 2450 | 4c89 4c24 | 684c 8944 | 2470 4489 | 5424 4c4c 
  0x0000025a8c66651c: 894c 2478 

  0x0000025a8c666520: ;   {runtime_call UncommonTrapBlob}
  0x0000025a8c666520: c5f8 77e8 

  0x0000025a8c666524: ; ImmutableOopMap {[40]=Oop [48]=Oop [56]=Oop [76]=NarrowOop [104]=Oop [112]=Oop [120]=Oop }
                      ;*ifle {reexecute=1 rethrow=0 return_oop=0}
                      ; - (reexecute) java.util.concurrent.ConcurrentHashMap::get@23
                      ; - java.lang.ClassLoader::getDefinedPackage@13
                      ; - java.net.URLClassLoader::getAndVerifyPackage@2
                      ; - java.net.URLClassLoader::defineClass@46
  0x0000025a8c666524: d817 3cff 

  0x0000025a8c666528: ;   {other}
  0x0000025a8c666528: 0f1f 8400 | 182f 003b | ba45 ffff | ff48 8b6c | 2438 4c8b | 5424 304c | 8954 2420 | 4c8b 5424 
  0x0000025a8c666548: 484c 8954 | 2428 4c89 | 4c24 4048 | 895c 2450 | 4489 5c24 | 4c66 6690 

  0x0000025a8c666560: ;   {runtime_call UncommonTrapBlob}
  0x0000025a8c666560: c5f8 77e8 

  0x0000025a8c666564: ; ImmutableOopMap {rbp=Oop [32]=Oop [64]=Oop [76]=NarrowOop [80]=Oop [120]=Oop }
                      ;*ifnull {reexecute=1 rethrow=0 return_oop=0}
                      ; - (reexecute) java.security.CodeSource::<init>@25
                      ; - java.net.URLClassLoader::defineClass@198
  0x0000025a8c666564: 9817 3cff 

  0x0000025a8c666568: ;   {other}
  0x0000025a8c666568: 0f1f 8400 | 582f 003c | ba45 ffff | ff4c 8b54 | 2438 4c89 | 5424 204c | 8b54 2430 | 4c89 5424 
  0x0000025a8c666588: 2848 897c | 2438 4c89 | 4424 4044 | 894c 244c 

  0x0000025a8c666598: ;   {runtime_call UncommonTrapBlob}
  0x0000025a8c666598: c5f8 77e8 

  0x0000025a8c66659c: ; ImmutableOopMap {rbp=NarrowOop [32]=Oop [40]=Oop [56]=Oop [76]=NarrowOop [120]=Oop }
                      ;*ifnull {reexecute=1 rethrow=0 return_oop=0}
                      ; - (reexecute) java.nio.Buffer::session@4
                      ; - java.nio.DirectLongBufferU::get@4
                      ; - jdk.internal.perf.PerfCounter::get@5
                      ; - jdk.internal.perf.PerfCounter::add@1
                      ; - jdk.internal.perf.PerfCounter::addElapsedTimeFrom@6
                      ; - java.net.URLClassLoader::defineClass@207
  0x0000025a8c66659c: 6017 3cff 

  0x0000025a8c6665a0: ;   {other}
  0x0000025a8c6665a0: 0f1f 8400 | 902f 003d | ba45 ffff | ff44 895c | 2424 4489 | 5c24 2844 | 8b5c 2450 | 4489 5c24 
  0x0000025a8c6665c0: 2c66 6690 

  0x0000025a8c6665c4: ;   {runtime_call UncommonTrapBlob}
  0x0000025a8c6665c4: c5f8 77e8 

  0x0000025a8c6665c8: ; ImmutableOopMap {[44]=NarrowOop [48]=Oop [56]=Oop [64]=Oop }
                      ;*if_icmple {reexecute=1 rethrow=0 return_oop=0}
                      ; - (reexecute) jdk.internal.util.Preconditions::checkFromToIndex@11
                      ; - java.lang.String::checkBoundsBeginEnd@6
                      ; - java.lang.String::substring@8
                      ; - java.net.URLClassLoader::defineClass@28
  0x0000025a8c6665c8: 3417 3cff 

  0x0000025a8c6665cc: ;   {other}
  0x0000025a8c6665cc: 0f1f 8400 | bc2f 003e | 4d3b dabd | ffff ffff | 7c08 400f | 95c5 400f | b6ed ba45 | ffff ff4c 
  0x0000025a8c6665ec: 8b54 2438 | 4c89 5424 | 204c 8b54 | 2430 4c89 | 5424 284c | 8b54 2448 | 4c89 5424 | 3844 8b5c 
  0x0000025a8c66660c: 2450 4489 | 5c24 404c | 8944 2448 | 4889 5c24 | 5066 6690 

  0x0000025a8c666620: ;   {runtime_call UncommonTrapBlob}
  0x0000025a8c666620: c5f8 77e8 

  0x0000025a8c666624: ; ImmutableOopMap {[32]=Oop [40]=Oop [64]=NarrowOop [72]=Oop [80]=Oop [88]=Oop }
                      ;*ifeq {reexecute=1 rethrow=0 return_oop=0}
                      ; - (reexecute) jdk.internal.loader.URLClassPath$JarLoader$2::getBytes@30
                      ; - java.net.URLClassLoader::defineClass@179
  0x0000025a8c666624: d816 3cff 

  0x0000025a8c666628: ;   {other}
  0x0000025a8c666628: 0f1f 8400 | 1830 003f | 498b d7c5 | f877 49ba | 70ee 6206 | ff7f 0000 

  0x0000025a8c666640: ;   {other}
  0x0000025a8c666640: 41ff d20f | 1f84 0000 | 0000 00e9 | d1d8 ffff | ba45 ffff | ff4c 8b54 | 2430 4c89 | 5424 204c 
  0x0000025a8c666660: 8b54 2440 | 4c89 5424 | 284c 8b54 | 2448 4c89 | 5424 3044 | 8b5c 2450 | 4c89 4c24 | 604c 8944 
  0x0000025a8c666680: 2468 4489 | 5c24 444c | 894c 2470 | 895c 2478 

  0x0000025a8c666690: ;   {runtime_call UncommonTrapBlob}
  0x0000025a8c666690: c5f8 77e8 

  0x0000025a8c666694: ; ImmutableOopMap {[32]=Oop [40]=Oop [56]=Oop [68]=NarrowOop [96]=Oop [104]=Oop [112]=Oop [120]=NarrowOop }
                      ;*ifeq {reexecute=1 rethrow=0 return_oop=0}
                      ; - (reexecute) java.lang.ClassLoader::definePackage@4
                      ; - java.lang.ClassLoader::getDefinedPackage@32
                      ; - java.net.URLClassLoader::getAndVerifyPackage@2
                      ; - java.net.URLClassLoader::defineClass@46
  0x0000025a8c666694: 6816 3cff 

  0x0000025a8c666698: ;   {other}
  0x0000025a8c666698: 0f1f 8400 | 8830 0040 | bade ffff | ff4c 8b54 | 2430 4c89 | 5424 284c | 8b54 2440 | 4c89 5424 
  0x0000025a8c6666b8: 304c 8b54 | 2448 4c89 | 5424 4044 | 8b5c 2450 | 4c89 4c24 | 684c 8944 | 2470 4489 | 5c24 4c4c 
  0x0000025a8c6666d8: 894c 2478 | 899c 2480 | 0000 0090 

  0x0000025a8c6666e4: ;   {runtime_call UncommonTrapBlob}
  0x0000025a8c6666e4: c5f8 77e8 

  0x0000025a8c6666e8: ; ImmutableOopMap {rbp=NarrowOop [40]=Oop [48]=Oop [56]=Oop [76]=NarrowOop [104]=Oop [112]=Oop [120]=Oop [128]=NarrowOop }
                      ;*invokevirtual get {reexecute=0 rethrow=0 return_oop=0}
                      ; - java.lang.ClassLoader::definePackage@47
                      ; - java.lang.ClassLoader::getDefinedPackage@32
                      ; - java.net.URLClassLoader::getAndVerifyPackage@2
                      ; - java.net.URLClassLoader::defineClass@46
  0x0000025a8c6666e8: 1416 3cff 

  0x0000025a8c6666ec: ;   {other}
  0x0000025a8c6666ec: 0f1f 8400 | dc30 0041 | 498b d7c5 | f877 49ba | 70ee 6206 | ff7f 0000 

  0x0000025a8c666704: ;   {other}
  0x0000025a8c666704: 41ff d20f | 1f84 0000 | 0000 00e9 | c2e0 ffff | 448b 5424 

  0x0000025a8c666718: ;   {metadata('java/util/jar/JarFile')}
  0x0000025a8c666718: 6441 81fa | b80d 0020 | 0f85 290a | 0000 488b | 5424 6890 

  0x0000025a8c66672c: ;   {optimized virtual_call}
  0x0000025a8c66672c: c5f8 77e8 

  0x0000025a8c666730: ; ImmutableOopMap {rbp=Oop [32]=Oop [40]=Oop [48]=Oop [64]=Oop [80]=NarrowOop [84]=NarrowOop [88]=Oop [96]=NarrowOop [104]=Oop [160]=Oop }
                      ;*invokevirtual getManifest {reexecute=0 rethrow=0 return_oop=1}
                      ; - java.util.jar.JarFile::maybeInstantiateVerifier@31
                      ; - java.util.jar.JarFile::ensureInitialization@1
                      ; - java.util.jar.JavaUtilJarAccessImpl::ensureInitialization@1
                      ; - jdk.internal.loader.URLClassPath$JarLoader$2::getManifest@10
                      ; - java.net.URLClassLoader::defineClass@34
  0x0000025a8c666730: 4c87 3bff 

  0x0000025a8c666734: ;   {other}
  0x0000025a8c666734: 0f1f 8400 | 2431 0042 | 4c8b 5424 | 204c 8954 | 2430 4889 | 6c24 3844 | 8b5c 2454 | 4489 5c24 
  0x0000025a8c666754: 2048 8b7c | 2458 448b | 5424 604c | 8b44 2468 | e9c2 d8ff | ff44 8b54 | 2424 458b 

  0x0000025a8c666770: ;   {metadata('java/util/jar/JarFile')}
  0x0000025a8c666770: 5a08 4181 | fbb8 0d00 | 200f 8515 | 0a00 0048 | 8bd7 6690 

  0x0000025a8c666784: ;   {optimized virtual_call}
  0x0000025a8c666784: c5f8 77e8 

  0x0000025a8c666788: ; ImmutableOopMap {[32]=NarrowOop [48]=Oop [56]=Oop [64]=Oop [80]=NarrowOop [120]=Oop }
                      ;*invokevirtual getManifest {reexecute=0 rethrow=0 return_oop=1}
                      ; - java.util.jar.JarFile::maybeInstantiateVerifier@31
                      ; - java.util.jar.JarFile$JarFileEntry::getCodeSigners@4
                      ; - jdk.internal.loader.URLClassPath$JarLoader$2::getCodeSigners@4
                      ; - java.net.URLClassLoader::defineClass@185
  0x0000025a8c666788: f486 3bff 

  0x0000025a8c66678c: ;   {other}
  0x0000025a8c66678c: 0f1f 8400 | 7c31 0043 | 488b 7c24 | 40e9 37e2 | ffff 448b | 5710 4585 | d20f 84dc | ecff ff4d 
  0x0000025a8c6667ac: 8b5f 2849 | 8bca 4d85 | db0f 8415 | 0700 004d | 8b57 384b | 894c 1af8 | 4983 c3f8 | 4d89 5f28 
  0x0000025a8c6667cc: e9b6 ecff | ff49 63cb | e9d1 d5ff | ff48 83c1 | fe48 8bfa | 4833 c048 | 83f9 087f | 1048 ffc9 
  0x0000025a8c6667ec: 7856 4889 | 04cf 48ff | c97d f7eb | 4bc5 fdef | c0e9 0d00 | 0000 c5fe | 7f07 c5fe | 7f47 2048 
  0x0000025a8c66680c: 83c7 4048 | 83e9 087d | ed48 83c1 | 047c 0cc5 | fe7f 0748 | 83c7 2048 | 83e9 0448 | 83c1 047e 
  0x0000025a8c66682c: 1748 c7c0 | ffff ffff | c4e2 f0f5 | c0c4 e1fb | 92f8 62f1 | fe2f 7f07 | e937 d6ff | ffba ccff 
  0x0000025a8c66684c: ffff 4489 | 5c24 204c | 8b54 2438 | 4c89 5424 | 284c 8b54 | 2440 4c89 | 5424 384c | 8b54 2448 
  0x0000025a8c66686c: 4c89 5424 | 4044 8b54 | 2450 4489 | 5424 2448 | 895c 2450 | 897c 2458 

  0x0000025a8c666884: ;   {runtime_call UncommonTrapBlob}
  0x0000025a8c666884: c5f8 77e8 

  0x0000025a8c666888: ; ImmutableOopMap {[36]=NarrowOop [40]=Oop [48]=Oop [56]=Oop [80]=Oop [88]=NarrowOop }
                      ;*newarray {reexecute=1 rethrow=0 return_oop=0}
                      ; - (reexecute) java.util.Arrays::copyOfRangeByte@10
                      ; - java.util.Arrays::copyOfRange@13
                      ; - java.lang.StringLatin1::newString@16
                      ; - java.lang.String::substring@41
                      ; - java.net.URLClassLoader::defineClass@28
  0x0000025a8c666888: 7414 3cff 

  0x0000025a8c66688c: ;   {other}
  0x0000025a8c66688c: 0f1f 8400 | 7c32 0044 | baf6 ffff | ff48 8b6c | 2438 4c8b | 5424 304c | 8954 2420 | 4c8b 5424 
  0x0000025a8c6668ac: 404c 8954 | 2428 4c8b | 5424 484c | 8954 2430 | 448b 5424 | 5044 8954 | 2438 4c89 | 4424 484c 
  0x0000025a8c6668cc: 894c 2450 | 4889 4c24 | 5866 6690 

  0x0000025a8c6668d8: ;   {runtime_call UncommonTrapBlob}
  0x0000025a8c6668d8: c5f8 77e8 

  0x0000025a8c6668dc: ; ImmutableOopMap {rbp=Oop [32]=Oop [40]=Oop [56]=NarrowOop [72]=Oop [80]=Oop [88]=Oop }
                      ;*invokevirtual compute {reexecute=0 rethrow=0 return_oop=0}
                      ; - java.lang.ClassLoader::definePackage@78
                      ; - java.lang.ClassLoader::getDefinedPackage@32
                      ; - java.net.URLClassLoader::getAndVerifyPackage@2
                      ; - java.net.URLClassLoader::defineClass@46
  0x0000025a8c6668dc: 2014 3cff 

  0x0000025a8c6668e0: ;   {other}
  0x0000025a8c6668e0: 0f1f 8400 | d032 0045 | 33ed 4585 | db40 0f95 | c5ba 45ff | ffff 4c8b | 5424 304c | 8954 2428 
  0x0000025a8c666900: 4c8b 5424 | 404c 8954 | 2430 4c8b | 5424 484c | 8954 2440 | 448b 5c24 | 504c 894c | 2468 4c89 
  0x0000025a8c666920: 4424 7044 | 895c 244c | 4889 4424 | 5066 6690 

  0x0000025a8c666930: ;   {runtime_call UncommonTrapBlob}
  0x0000025a8c666930: c5f8 77e8 

  0x0000025a8c666934: ; ImmutableOopMap {[40]=Oop [48]=Oop [56]=Oop [76]=NarrowOop [80]=Oop [104]=Oop [112]=Oop }
                      ;*ifne {reexecute=1 rethrow=0 return_oop=0}
                      ; - (reexecute) java.lang.Package::isSealed@7
                      ; - java.net.URLClassLoader::getAndVerifyPackage@14
                      ; - java.net.URLClassLoader::defineClass@46
  0x0000025a8c666934: c813 3cff 

  0x0000025a8c666938: ;   {other}
  0x0000025a8c666938: 0f1f 8400 | 2833 0046 | ba45 ffff | ff4c 8b54 | 2430 4c89 | 5424 284c | 8b54 2440 | 4c89 5424 
  0x0000025a8c666958: 304c 8b54 | 2448 4c89 | 5424 4044 | 8b54 2450 | 4c89 4c24 | 684c 8944 | 2470 4489 | 5424 4c4c 
  0x0000025a8c666978: 894c 2478 | 899c 2480 | 0000 0090 

  0x0000025a8c666984: ;   {runtime_call UncommonTrapBlob}
  0x0000025a8c666984: c5f8 77e8 

  0x0000025a8c666988: ; ImmutableOopMap {[40]=Oop [48]=Oop [56]=Oop [76]=NarrowOop [104]=Oop [112]=Oop [120]=Oop [128]=NarrowOop }
                      ;*ifle {reexecute=1 rethrow=0 return_oop=0}
                      ; - (reexecute) java.util.concurrent.ConcurrentHashMap::get@23
                      ; - java.lang.ClassLoader::definePackage@47
                      ; - java.lang.ClassLoader::getDefinedPackage@32
                      ; - java.net.URLClassLoader::getAndVerifyPackage@2
                      ; - java.net.URLClassLoader::defineClass@46
  0x0000025a8c666988: 7413 3cff 

  0x0000025a8c66698c: ;   {other}
  0x0000025a8c66698c: 0f1f 8400 | 7c33 0047 | ba45 ffff | ff4c 8b54 | 2430 4c89 | 5424 284c | 8b54 2440 | 4c89 5424 
  0x0000025a8c6669ac: 304c 8b54 | 2448 4c89 | 5424 4044 | 8b5c 2450 | 4c89 4c24 | 684c 8944 | 2470 4489 | 5c24 4c48 
  0x0000025a8c6669cc: 8944 2450 

  0x0000025a8c6669d0: ;   {runtime_call UncommonTrapBlob}
  0x0000025a8c6669d0: c5f8 77e8 

  0x0000025a8c6669d4: ; ImmutableOopMap {rbp=NarrowOop [40]=Oop [48]=Oop [56]=Oop [76]=NarrowOop [80]=Oop [104]=Oop [112]=Oop }
                      ;*ifnull {reexecute=1 rethrow=0 return_oop=0}
                      ; - (reexecute) java.lang.Package::isSealed@17
                      ; - java.net.URLClassLoader::getAndVerifyPackage@14
                      ; - java.net.URLClassLoader::defineClass@46
  0x0000025a8c6669d4: 2813 3cff 

  0x0000025a8c6669d8: ;   {other}
  0x0000025a8c6669d8: 0f1f 8400 | c833 0048 | ba45 ffff | ff4c 8b54 | 2438 4c89 | 5424 204c | 8b54 2430 | 4c89 5424 
  0x0000025a8c6669f8: 284c 8b54 | 2440 4c89 | 5424 304c | 8b54 2448 | 4c89 5424 | 3844 8b5c | 2450 4489 | 5c24 4089 
  0x0000025a8c666a18: 4424 4490 

  0x0000025a8c666a1c: ;   {runtime_call UncommonTrapBlob}
  0x0000025a8c666a1c: c5f8 77e8 

  0x0000025a8c666a20: ; ImmutableOopMap {rbp=Oop [32]=Oop [40]=Oop [48]=Oop [64]=NarrowOop [88]=Oop }
                      ;*ifeq {reexecute=1 rethrow=0 return_oop=0}
                      ; - (reexecute) java.net.URLClassLoader::getAndVerifyPackage@71
                      ; - java.net.URLClassLoader::defineClass@46
  0x0000025a8c666a20: dc12 3cff 

  0x0000025a8c666a24: ;   {other}
  0x0000025a8c666a24: 0f1f 8400 | 1434 0049 | 4d85 c90f | 85a9 ecff | ffe9 b8df | ffff 488b | 7c24 4044 | 8b57 5c45 
  0x0000025a8c666a44: 85d2 0f84 | 4fec ffff | 4d8b 5f28 | 498b ca4d | 85db 0f84 | 9404 0000 | 4d8b 5738 | 4b89 4c1a 
  0x0000025a8c666a64: f849 83c3 | f84d 895f | 28e9 29ec | ffff 4d8b | 5758 4d8b | 5f48 f083 | 4424 c000 | 8039 0074 
  0x0000025a8c666a84: 3244 8821 | 4d85 db74 | 0f4b 894c | 1af8 4983 | c3f8 4d89 | 5f48 eb1b | 498b d7c5 | f877 49ba 
  0x0000025a8c666aa4: 50ee 6206 | ff7f 0000 

  0x0000025a8c666aac: ;   {other}
  0x0000025a8c666aac: 41ff d20f | 1f84 0000 | 0000 0044 | 8b5f 5c45 | 85db 0f85 | 1aec ffff | e929 dfff | ffba deff 
  0x0000025a8c666acc: ffff 4c8b | 5424 384c | 8954 2420 | 4c8b 5424 | 304c 8954 | 2428 4c8b | 5424 404c | 8954 2430 
  0x0000025a8c666aec: 4c8b 5424 | 484c 8954 | 2438 448b | 5c24 5044 | 895c 2440 | 4c89 4c24 | 484c 8944 | 2450 6690 
  0x0000025a8c666b0c: ;   {runtime_call UncommonTrapBlob}
  0x0000025a8c666b0c: c5f8 77e8 

  0x0000025a8c666b10: ; ImmutableOopMap {rbp=NarrowOop [32]=Oop [40]=Oop [48]=Oop [64]=NarrowOop [72]=Oop [80]=Oop }
                      ;*checkcast {reexecute=0 rethrow=0 return_oop=0}
                      ; - java.lang.ClassLoader::definePackage@50
                      ; - java.lang.ClassLoader::getDefinedPackage@32
                      ; - java.net.URLClassLoader::getAndVerifyPackage@2
                      ; - java.net.URLClassLoader::defineClass@46
  0x0000025a8c666b10: ec11 3cff 

  0x0000025a8c666b14: ;   {other}
  0x0000025a8c666b14: 0f1f 8400 | 0435 004a | ba45 ffff | ff4c 8b5c | 2430 4c89 | 5c24 284c | 8b5c 2440 | 4c89 5c24 
  0x0000025a8c666b34: 304c 8b5c | 2448 4c89 | 5c24 408b | 4c24 504c | 894c 2468 | 4c89 4424 | 7089 4c24 | 4c4c 894c 
  0x0000025a8c666b54: 2478 89bc | 2488 0000 | 0044 8994 | 248c 0000 | 0066 6690 

  0x0000025a8c666b68: ;   {runtime_call UncommonTrapBlob}
  0x0000025a8c666b68: c5f8 77e8 

  0x0000025a8c666b6c: ; ImmutableOopMap {rbp=NarrowOop [40]=Oop [48]=Oop [56]=Oop [76]=NarrowOop [104]=Oop [112]=Oop [120]=Oop [136]=NarrowOop }
                      ;*ifnull {reexecute=1 rethrow=0 return_oop=0}
                      ; - (reexecute) java.util.concurrent.ConcurrentHashMap::get@67
                      ; - java.lang.ClassLoader::getDefinedPackage@13
                      ; - java.net.URLClassLoader::getAndVerifyPackage@2
                      ; - java.net.URLClassLoader::defineClass@46
  0x0000025a8c666b6c: 9011 3cff 

  0x0000025a8c666b70: ;   {other}
  0x0000025a8c666b70: 0f1f 8400 | 6035 004b | 4889 7c24 | 584c 894c | 2440 418b 

  0x0000025a8c666b84: ;   {metadata('java/security/CodeSigner'[])}
  0x0000025a8c666b84: eb48 ba20 | 8927 0001 | 0000 0044 | 8bc1 6690 

  0x0000025a8c666b94: ;   {runtime_call _new_array_Java}
  0x0000025a8c666b94: c5f8 77e8 

  0x0000025a8c666b98: ; ImmutableOopMap {rbp=NarrowOop [32]=NarrowOop [48]=Oop [56]=Oop [64]=Oop [80]=NarrowOop [120]=Oop }
                      ;*invokevirtual clone {reexecute=1 rethrow=0 return_oop=1}
                      ; - (reexecute) java.util.jar.JarFile$JarFileEntry::getCodeSigners@70
                      ; - jdk.internal.loader.URLClassPath$JarLoader$2::getCodeSigners@4
                      ; - java.net.URLClassLoader::defineClass@185
  0x0000025a8c666b98: 6412 49ff 

  0x0000025a8c666b9c: ;   {other}
  0x0000025a8c666b9c: 0f1f 8400 | 8c35 004c | 448b dd4c | 8b4c 2440 | 488b 7c24 | 58e9 9ceb | ffff 4c89 | 4c24 5048 
  0x0000025a8c666bbc: 897c 2440 

  0x0000025a8c666bc0: ;   {metadata('java/security/CodeSigner'[])}
  0x0000025a8c666bc0: 498b e848 | ba20 8927 | 0001 0000 | 0044 8bc1 

  0x0000025a8c666bd0: ;   {runtime_call _new_array_Java}
  0x0000025a8c666bd0: c5f8 77e8 

  0x0000025a8c666bd4: ; ImmutableOopMap {rbp=Oop [32]=NarrowOop [48]=Oop [56]=Oop [64]=Oop [120]=Oop }
                      ;*invokevirtual clone {reexecute=1 rethrow=0 return_oop=1}
                      ; - (reexecute) java.security.CodeSource::<init>@42
                      ; - java.net.URLClassLoader::defineClass@198
  0x0000025a8c666bd4: 2812 49ff 

  0x0000025a8c666bd8: ;   {other}
  0x0000025a8c666bd8: 0f1f 8400 | c835 004d | 4c8b c548 | 8b7c 2440 | 4c8b 4c24 | 5048 8bd8 | e956 e8ff | ffba c6ff 
  0x0000025a8c666bf8: ffff 488b | 6c24 384c | 8b54 2430 | 4c89 5424 | 2066 6690 

  0x0000025a8c666c0c: ;   {runtime_call UncommonTrapBlob}
  0x0000025a8c666c0c: c5f8 77e8 

  0x0000025a8c666c10: ; ImmutableOopMap {rbp=Oop [32]=Oop [64]=Oop [80]=NarrowOop [120]=Oop }
                      ;*invokevirtual getCodeSigners {reexecute=0 rethrow=0 return_oop=0}
                      ; - java.net.URLClassLoader::defineClass@185
  0x0000025a8c666c10: ec10 3cff 

  0x0000025a8c666c14: ;   {other}
  0x0000025a8c666c14: 0f1f 8400 | 0436 004e | bac6 ffff | ff41 8beb | 4c8b 5424 | 384c 8954 | 2420 4c8b | 5424 304c 
  0x0000025a8c666c34: 8954 2428 

  0x0000025a8c666c38: ;   {runtime_call UncommonTrapBlob}
  0x0000025a8c666c38: c5f8 77e8 

  0x0000025a8c666c3c: ; ImmutableOopMap {[32]=Oop [40]=Oop [64]=Oop }
                      ;*invokevirtual getCodeSourceURL {reexecute=0 rethrow=0 return_oop=0}
                      ; - java.net.URLClassLoader::defineClass@13
  0x0000025a8c666c3c: c010 3cff 

  0x0000025a8c666c40: ;   {other}
  0x0000025a8c666c40: 0f1f 8400 | 3036 004f | 4c89 4c24 | 4089 7424 | 2448 8bef | 498b d14c | 8d84 24b0 | 0000 0090 
  0x0000025a8c666c60: ;   {runtime_call _complete_monitor_locking_Java}
  0x0000025a8c666c60: c5f8 77e8 

  0x0000025a8c666c64: ; ImmutableOopMap {rbp=Oop [32]=NarrowOop [36]=NarrowOop [48]=Oop [56]=Oop [64]=Oop [80]=NarrowOop [120]=Oop }
                      ;*monitorenter {reexecute=0 rethrow=0 return_oop=0}
                      ; - java.util.zip.ZipFile::getManifestName@3
                      ; - java.util.zip.ZipFile$1::getManifestName@2
                      ; - java.util.jar.JarFile::maybeInstantiateVerifier@20
                      ; - java.util.jar.JarFile$JarFileEntry::getCodeSigners@4
                      ; - jdk.internal.loader.URLClassPath$JarLoader$2::getCodeSigners@4
                      ; - java.net.URLClassLoader::defineClass@185
  0x0000025a8c666c64: 1828 49ff 

  0x0000025a8c666c68: ;   {other}
  0x0000025a8c666c68: 0f1f 8400 | 5836 0050 | 488b fd8b | 7424 244c | 8b4c 2440 | e95a e3ff | ff49 8bc9 | 488d 9424 
  0x0000025a8c666c88: b000 0000 | 4d8b c7c5 | f877 49ba | 9065 a406 | ff7f 0000 

  0x0000025a8c666c9c: ;   {other}
  0x0000025a8c666c9c: 41ff d20f | 1f84 0000 | 0000 00e9 | f1e3 ffff | ba45 ffff | ff4c 8b5c | 2430 4c89 | 5c24 284c 
  0x0000025a8c666cbc: 8b5c 2440 | 4c89 5c24 | 304c 8b5c | 2448 4c89 | 5c24 4044 | 8b5c 2450 | 4c89 4c24 | 684c 8944 
  0x0000025a8c666cdc: 2470 4489 | 5c24 4c4c | 894c 2478 | 899c 2480 | 0000 0089 | 8c24 8400 | 0000 4489 | 9424 9000 
  0x0000025a8c666cfc: 0000 6690 

  0x0000025a8c666d00: ;   {runtime_call UncommonTrapBlob}
  0x0000025a8c666d00: c5f8 77e8 

  0x0000025a8c666d04: ; ImmutableOopMap {rbp=NarrowOop [40]=Oop [48]=Oop [56]=Oop [76]=NarrowOop [104]=Oop [112]=Oop [120]=Oop [128]=NarrowOop [132]=NarrowOop }
                      ;*ifnull {reexecute=1 rethrow=0 return_oop=0}
                      ; - (reexecute) java.util.concurrent.ConcurrentHashMap::get@67
                      ; - java.lang.ClassLoader::definePackage@47
                      ; - java.lang.ClassLoader::getDefinedPackage@32
                      ; - java.net.URLClassLoader::getAndVerifyPackage@2
                      ; - java.net.URLClassLoader::defineClass@46
  0x0000025a8c666d04: f80f 3cff 

  0x0000025a8c666d08: ;   {other}
  0x0000025a8c666d08: 0f1f 8400 | f836 0051 | bac6 ffff | ff48 8b6c | 2438 4c8b | 5424 304c | 8954 2420 | 4c8b 5424 
  0x0000025a8c666d28: 484c 8954 | 2430 448b | 5424 5044 | 8954 2438 

  0x0000025a8c666d38: ;   {runtime_call UncommonTrapBlob}
  0x0000025a8c666d38: c5f8 77e8 

  0x0000025a8c666d3c: ; ImmutableOopMap {rbp=Oop [32]=Oop [56]=NarrowOop [64]=Oop }
                      ;*invokevirtual getInputStream {reexecute=0 rethrow=0 return_oop=0}
                      ; - jdk.internal.loader.Resource::cachedInputStream@9
                      ; - jdk.internal.loader.Resource::getByteBuffer@1
                      ; - java.net.URLClassLoader::defineClass@132
  0x0000025a8c666d3c: c00f 3cff 

  0x0000025a8c666d40: ;   {other}
  0x0000025a8c666d40: 0f1f 8400 | 3037 0052 | ba45 ffff | ff4c 8b5c | 2430 4c89 | 5c24 284c | 8b5c 2440 | 4c89 5c24 
  0x0000025a8c666d60: 304c 8b5c | 2448 4c89 | 5c24 4044 | 8b5c 2450 | 4c89 4c24 | 684c 8944 | 2470 4489 | 5c24 4c4c 
  0x0000025a8c666d80: 894c 2478 | 4889 9c24 | 8800 0000 | 4489 9424 | 9000 0000 

  0x0000025a8c666d94: ;   {runtime_call UncommonTrapBlob}
  0x0000025a8c666d94: c5f8 77e8 

  0x0000025a8c666d98: ; ImmutableOopMap {rbp=NarrowOop [40]=Oop [48]=Oop [56]=Oop [76]=NarrowOop [104]=Oop [112]=Oop [120]=Oop [136]=Oop }
                      ;*ifnull {reexecute=1 rethrow=0 return_oop=0}
                      ; - (reexecute) java.util.concurrent.ConcurrentHashMap::get@143
                      ; - java.lang.ClassLoader::getDefinedPackage@13
                      ; - java.net.URLClassLoader::getAndVerifyPackage@2
                      ; - java.net.URLClassLoader::defineClass@46
  0x0000025a8c666d98: 640f 3cff 

  0x0000025a8c666d9c: ;   {other}
  0x0000025a8c666d9c: 0f1f 8400 | 8c37 0053 | ba45 ffff | ff4c 8b5c | 2438 4c89 | 5c24 204c | 8b5c 2430 | 4c89 5c24 
  0x0000025a8c666dbc: 284c 8b5c | 2448 4c89 | 5c24 3844 | 8b5c 2450 | 4489 5c24 | 4048 897c | 2450 4489 | 5424 5844 
  0x0000025a8c666ddc: 8954 245c 

  0x0000025a8c666de0: ;   {runtime_call UncommonTrapBlob}
  0x0000025a8c666de0: c5f8 77e8 

  0x0000025a8c666de4: ; ImmutableOopMap {[32]=Oop [40]=Oop [64]=NarrowOop [80]=Oop [88]=NarrowOop [92]=NarrowOop [160]=Oop }
                      ;*ifeq {reexecute=1 rethrow=0 return_oop=0}
                      ; - (reexecute) java.util.zip.ZipFile::ensureOpen@4
                      ; - java.util.zip.ZipFile::getManifestName@5
                      ; - java.util.zip.ZipFile$1::getManifestName@2
                      ; - java.util.jar.JarFile::maybeInstantiateVerifier@20
                      ; - java.util.jar.JarFile::ensureInitialization@1
                      ; - java.util.jar.JavaUtilJarAccessImpl::ensureInitialization@1
                      ; - jdk.internal.loader.URLClassPath$JarLoader$2::getManifest@10
                      ; - java.net.URLClassLoader::defineClass@34
  0x0000025a8c666de4: 180f 3cff 

  0x0000025a8c666de8: ;   {other}
  0x0000025a8c666de8: 0f1f 8400 | d837 0054 | ba45 ffff | ff4c 8b54 | 2438 4c89 | 5424 204c | 8b54 2430 | 4c89 5424 
  0x0000025a8c666e08: 284c 8b54 | 2448 4c89 | 5424 3044 | 8b54 2450 | 4489 5424 | 3848 897c | 2448 8974 | 2450 8974 
  0x0000025a8c666e28: 2454 6690 

  0x0000025a8c666e2c: ;   {runtime_call UncommonTrapBlob}
  0x0000025a8c666e2c: c5f8 77e8 

  0x0000025a8c666e30: ; ImmutableOopMap {[32]=Oop [40]=Oop [56]=NarrowOop [72]=Oop [80]=NarrowOop [84]=NarrowOop [120]=Oop }
                      ;*ifeq {reexecute=1 rethrow=0 return_oop=0}
                      ; - (reexecute) java.util.zip.ZipFile::ensureOpen@4
                      ; - java.util.zip.ZipFile::getManifestName@5
                      ; - java.util.zip.ZipFile$1::getManifestName@2
                      ; - java.util.jar.JarFile::maybeInstantiateVerifier@20
                      ; - java.util.jar.JarFile$JarFileEntry::getCodeSigners@4
                      ; - jdk.internal.loader.URLClassPath$JarLoader$2::getCodeSigners@4
                      ; - java.net.URLClassLoader::defineClass@185
  0x0000025a8c666e30: cc0e 3cff 

  0x0000025a8c666e34: ;   {other}
  0x0000025a8c666e34: 0f1f 8400 | 2438 0055 | ba45 ffff | ff4c 8b5c | 2430 4c89 | 5c24 284c | 8b5c 2440 | 4c89 5c24 
  0x0000025a8c666e54: 304c 8b5c | 2448 4c89 | 5c24 408b | 4c24 504c | 894c 2468 | 4c89 4424 | 7089 4c24 | 4c4c 894c 
  0x0000025a8c666e74: 2478 899c | 2480 0000 | 0048 8984 | 2490 0000 | 0044 8994 | 2484 0000 | 0066 6690 

  0x0000025a8c666e90: ;   {runtime_call UncommonTrapBlob}
  0x0000025a8c666e90: c5f8 77e8 

  0x0000025a8c666e94: ; ImmutableOopMap {rbp=NarrowOop [40]=Oop [48]=Oop [56]=Oop [76]=NarrowOop [104]=Oop [112]=Oop [120]=Oop [128]=NarrowOop [144]=Oop }
                      ;*ifnull {reexecute=1 rethrow=0 return_oop=0}
                      ; - (reexecute) java.util.concurrent.ConcurrentHashMap::get@143
                      ; - java.lang.ClassLoader::definePackage@47
                      ; - java.lang.ClassLoader::getDefinedPackage@32
                      ; - java.net.URLClassLoader::getAndVerifyPackage@2
                      ; - java.net.URLClassLoader::defineClass@46
  0x0000025a8c666e94: 680e 3cff 

  0x0000025a8c666e98: ;   {other}
  0x0000025a8c666e98: 0f1f 8400 | 8838 0056 | bac6 ffff | ff48 8b6c | 2438 4c8b | 5424 304c | 8954 2420 | 4c8b 5424 
  0x0000025a8c666eb8: 484c 8954 | 2430 6690 

  0x0000025a8c666ec0: ;   {runtime_call UncommonTrapBlob}
  0x0000025a8c666ec0: c5f8 77e8 

  0x0000025a8c666ec4: ; ImmutableOopMap {rbp=Oop [32]=Oop [64]=Oop [80]=NarrowOop [160]=Oop }
                      ;*invokevirtual getManifest {reexecute=0 rethrow=0 return_oop=0}
                      ; - java.net.URLClassLoader::defineClass@34
  0x0000025a8c666ec4: 380e 3cff 

  0x0000025a8c666ec8: ;   {other}
  0x0000025a8c666ec8: 0f1f 8400 | b838 0057 | 498b d7c5 | f877 49ba | 70ee 6206 | ff7f 0000 

  0x0000025a8c666ee0: ;   {other}
  0x0000025a8c666ee0: 41ff d20f | 1f84 0000 | 0000 00e9 | 97e5 ffff | 498b d7c5 | f877 49ba | 70ee 6206 | ff7f 0000 
  0x0000025a8c666f00: ;   {other}
  0x0000025a8c666f00: 41ff d20f | 1f84 0000 | 0000 00e9 | 8be7 ffff | bae4 ffff | ff4c 8b44 | 2438 4c89 | 4424 204c 
  0x0000025a8c666f20: 8b44 2430 | 4c89 4424 | 284c 8b44 | 2448 4c89 | 4424 3844 | 8b4c 2450 | 4489 4c24 | 4048 897c 
  0x0000025a8c666f40: 2450 4489 | 5424 5844 | 8954 245c | 4489 5c24 | 6c89 4c24 | 7489 4c24 | 7866 6690 

  0x0000025a8c666f5c: ;   {runtime_call UncommonTrapBlob}
  0x0000025a8c666f5c: c5f8 77e8 

  0x0000025a8c666f60: ; ImmutableOopMap {[32]=Oop [40]=Oop [64]=NarrowOop [80]=Oop [88]=NarrowOop [92]=NarrowOop [116]=NarrowOop [120]=NarrowOop [160]=Oop }
                      ;*baload {reexecute=0 rethrow=0 return_oop=0}
                      ; - java.util.zip.ZipUtils::SH@2
                      ; - java.util.zip.ZipUtils::CENNAM@5
                      ; - java.util.zip.ZipFile::getEntryName@13
                      ; - java.util.zip.ZipFile::getManifestName@41
                      ; - java.util.zip.ZipFile$1::getManifestName@2
                      ; - java.util.jar.JarFile::maybeInstantiateVerifier@20
                      ; - java.util.jar.JarFile::ensureInitialization@1
                      ; - java.util.jar.JavaUtilJarAccessImpl::ensureInitialization@1
                      ; - jdk.internal.loader.URLClassPath$JarLoader$2::getManifest@10
                      ; - java.net.URLClassLoader::defineClass@34
  0x0000025a8c666f60: 9c0d 3cff 

  0x0000025a8c666f64: ;   {other}
  0x0000025a8c666f64: 0f1f 8400 | 5439 0058 | bae4 ffff | ff4c 8b54 | 2458 4c89 | 5424 304c | 8b54 2448 | 4c89 5424 
  0x0000025a8c666f84: 3844 8b5c | 2450 4489 | 5c24 4044 | 8b5c 2460 | 458b d344 | 8954 2458 | 4489 5424 | 5c44 894c 
  0x0000025a8c666fa4: 246c 8974 | 2474 894c | 2478 6690 

  0x0000025a8c666fb0: ;   {runtime_call UncommonTrapBlob}
  0x0000025a8c666fb0: c5f8 77e8 

  0x0000025a8c666fb4: ; ImmutableOopMap {[32]=Oop [40]=Oop [48]=Oop [64]=NarrowOop [88]=NarrowOop [92]=NarrowOop [120]=NarrowOop [160]=Oop }
                      ;*baload {reexecute=0 rethrow=0 return_oop=0}
                      ; - java.util.zip.ZipUtils::SH@11
                      ; - java.util.zip.ZipUtils::CENNAM@5
                      ; - java.util.zip.ZipFile::getEntryName@13
                      ; - java.util.zip.ZipFile::getManifestName@41
                      ; - java.util.zip.ZipFile$1::getManifestName@2
                      ; - java.util.jar.JarFile::maybeInstantiateVerifier@20
                      ; - java.util.jar.JarFile::ensureInitialization@1
                      ; - java.util.jar.JavaUtilJarAccessImpl::ensureInitialization@1
                      ; - jdk.internal.loader.URLClassPath$JarLoader$2::getManifest@10
                      ; - java.net.URLClassLoader::defineClass@34
  0x0000025a8c666fb4: 480d 3cff 

  0x0000025a8c666fb8: ;   {other}
  0x0000025a8c666fb8: 0f1f 8400 | a839 0059 | bae4 ffff | ff4c 8b54 | 2438 4c89 | 5424 204c | 8b54 2430 | 4c89 5424 
  0x0000025a8c666fd8: 284c 8b54 | 2448 4c89 | 5424 3044 | 8b54 2450 | 4489 5424 | 3848 897c | 2448 8974 | 2450 8974 
  0x0000025a8c666ff8: 2454 4489 | 4424 5c89 | 4c24 6489 | 4c24 6890 

  0x0000025a8c667008: ;   {runtime_call UncommonTrapBlob}
  0x0000025a8c667008: c5f8 77e8 

  0x0000025a8c66700c: ; ImmutableOopMap {[32]=Oop [40]=Oop [56]=NarrowOop [72]=Oop [80]=NarrowOop [84]=NarrowOop [100]=NarrowOop [104]=NarrowOop [120]=Oop }
                      ;*baload {reexecute=0 rethrow=0 return_oop=0}
                      ; - java.util.zip.ZipUtils::SH@2
                      ; - java.util.zip.ZipUtils::CENNAM@5
                      ; - java.util.zip.ZipFile::getEntryName@13
                      ; - java.util.zip.ZipFile::getManifestName@41
                      ; - java.util.zip.ZipFile$1::getManifestName@2
                      ; - java.util.jar.JarFile::maybeInstantiateVerifier@20
                      ; - java.util.jar.JarFile$JarFileEntry::getCodeSigners@4
                      ; - jdk.internal.loader.URLClassPath$JarLoader$2::getCodeSigners@4
                      ; - java.net.URLClassLoader::defineClass@185
  0x0000025a8c66700c: f00c 3cff 

  0x0000025a8c667010: ;   {other}
  0x0000025a8c667010: 0f1f 8400 | 003a 005a | bae4 ffff | ff4c 8b54 | 2438 4c89 | 5424 204c | 8b54 2430 | 4c89 5424 
  0x0000025a8c667030: 284c 8b54 | 2448 4c89 | 5424 3044 | 8b54 2450 | 4489 5424 | 3848 897c | 2448 8974 | 2450 8974 
  0x0000025a8c667050: 2454 4489 | 4424 5c89 | 5c24 6489 | 4c24 6890 

  0x0000025a8c667060: ;   {runtime_call UncommonTrapBlob}
  0x0000025a8c667060: c5f8 77e8 

  0x0000025a8c667064: ; ImmutableOopMap {[32]=Oop [40]=Oop [56]=NarrowOop [72]=Oop [80]=NarrowOop [84]=NarrowOop [104]=NarrowOop [120]=Oop }
                      ;*baload {reexecute=0 rethrow=0 return_oop=0}
                      ; - java.util.zip.ZipUtils::SH@11
                      ; - java.util.zip.ZipUtils::CENNAM@5
                      ; - java.util.zip.ZipFile::getEntryName@13
                      ; - java.util.zip.ZipFile::getManifestName@41
                      ; - java.util.zip.ZipFile$1::getManifestName@2
                      ; - java.util.jar.JarFile::maybeInstantiateVerifier@20
                      ; - java.util.jar.JarFile$JarFileEntry::getCodeSigners@4
                      ; - jdk.internal.loader.URLClassPath$JarLoader$2::getCodeSigners@4
                      ; - java.net.URLClassLoader::defineClass@185
  0x0000025a8c667064: 980c 3cff 

  0x0000025a8c667068: ;   {other}
  0x0000025a8c667068: 0f1f 8400 | 583a 005b | bade ffff | ff4c 8b54 | 2458 4c89 | 5424 304c | 8b54 2448 | 4c89 5424 
  0x0000025a8c667088: 3844 8b5c | 2450 4489 | 5c24 4044 | 8b5c 2460 | 458b d344 | 8954 2458 | 4489 5424 | 5c89 7c24 
  0x0000025a8c6670a8: 6c89 4c24 | 7089 5c24 | 7444 894c | 2478 6690 

  0x0000025a8c6670b8: ;   {runtime_call UncommonTrapBlob}
  0x0000025a8c6670b8: c5f8 77e8 

  0x0000025a8c6670bc: ; ImmutableOopMap {rbp=NarrowOop [32]=Oop [40]=Oop [48]=Oop [64]=NarrowOop [88]=NarrowOop [92]=NarrowOop [108]=NarrowOop [116]=NarrowOop [160]=Oop }
                      ;*invokevirtual isUTF8 {reexecute=0 rethrow=0 return_oop=0}
                      ; - java.util.zip.ZipFile$Source::zipCoderForPos@4
                      ; - java.util.zip.ZipFile::getEntryName@25
                      ; - java.util.zip.ZipFile::getManifestName@41
                      ; - java.util.zip.ZipFile$1::getManifestName@2
                      ; - java.util.jar.JarFile::maybeInstantiateVerifier@20
                      ; - java.util.jar.JarFile::ensureInitialization@1
                      ; - java.util.jar.JavaUtilJarAccessImpl::ensureInitialization@1
                      ; - jdk.internal.loader.URLClassPath$JarLoader$2::getManifest@10
                      ; - java.net.URLClassLoader::defineClass@34
  0x0000025a8c6670bc: 400c 3cff 

  0x0000025a8c6670c0: ;   {other}
  0x0000025a8c6670c0: 0f1f 8400 | b03a 005c | bade ffff | ff4c 8b5c | 2438 4c89 | 5c24 204c | 8b5c 2430 | 4c89 5c24 
  0x0000025a8c6670e0: 284c 8b5c | 2448 4c89 | 5c24 3044 | 8b5c 2450 | 4489 5c24 | 3848 897c | 2448 8974 | 2450 8974 
  0x0000025a8c667100: 2454 894c | 245c 8944 | 2460 4489 | 5424 6444 | 8944 2468 

  0x0000025a8c667114: ;   {runtime_call UncommonTrapBlob}
  0x0000025a8c667114: c5f8 77e8 

  0x0000025a8c667118: ; ImmutableOopMap {rbp=NarrowOop [32]=Oop [40]=Oop [56]=NarrowOop [72]=Oop [80]=NarrowOop [84]=NarrowOop [92]=NarrowOop [100]=NarrowOop [120]=Oop }
                      ;*invokevirtual isUTF8 {reexecute=0 rethrow=0 return_oop=0}
                      ; - java.util.zip.ZipFile$Source::zipCoderForPos@4
                      ; - java.util.zip.ZipFile::getEntryName@25
                      ; - java.util.zip.ZipFile::getManifestName@41
                      ; - java.util.zip.ZipFile$1::getManifestName@2
                      ; - java.util.jar.JarFile::maybeInstantiateVerifier@20
                      ; - java.util.jar.JarFile$JarFileEntry::getCodeSigners@4
                      ; - jdk.internal.loader.URLClassPath$JarLoader$2::getCodeSigners@4
                      ; - java.net.URLClassLoader::defineClass@185
  0x0000025a8c667118: e40b 3cff 

  0x0000025a8c66711c: ;   {other}
  0x0000025a8c66711c: 0f1f 8400 | 0c3b 005d | 488b cf48 | 8d94 24b0 | 0000 004d | 8bc7 c5f8 | 7749 ba90 | 65a4 06ff 
  0x0000025a8c66713c: 7f00 0041 

  0x0000025a8c667140: ;   {other}
  0x0000025a8c667140: ffd2 0f1f | 8400 0000 | 0000 e950 | ecff ffba | 66ff ffff | 4c8b 5424 | 304c 8954 | 2428 4c8b 
  0x0000025a8c667160: 5424 484c | 8954 2430 | 448b 5c24 | 5044 895c | 2438 448b | 5c24 6044 | 895c 2450 | 458b d344 
  0x0000025a8c667180: 8954 2454 

  0x0000025a8c667184: ;   {runtime_call UncommonTrapBlob}
  0x0000025a8c667184: c5f8 77e8 

  0x0000025a8c667188: ; ImmutableOopMap {rbp=Oop [32]=Oop [40]=Oop [56]=NarrowOop [80]=NarrowOop [84]=NarrowOop [160]=Oop }
                      ;*invokevirtual getManifest {reexecute=0 rethrow=0 return_oop=0}
                      ; - java.util.jar.JarFile::maybeInstantiateVerifier@31
                      ; - java.util.jar.JarFile::ensureInitialization@1
                      ; - java.util.jar.JavaUtilJarAccessImpl::ensureInitialization@1
                      ; - jdk.internal.loader.URLClassPath$JarLoader$2::getManifest@10
                      ; - java.net.URLClassLoader::defineClass@34
  0x0000025a8c667188: 740b 3cff 

  0x0000025a8c66718c: ;   {other}
  0x0000025a8c66718c: 0f1f 8400 | 7c3b 005e | bade ffff | ff48 8b6c | 2438 4c8b | 5c24 304c | 895c 2420 | 4489 5424 
  0x0000025a8c6671ac: 3466 6690 

  0x0000025a8c6671b0: ;   {runtime_call UncommonTrapBlob}
  0x0000025a8c6671b0: c5f8 77e8 

  0x0000025a8c6671b4: ; ImmutableOopMap {rbp=Oop [32]=Oop [52]=NarrowOop [64]=Oop [80]=NarrowOop [120]=Oop }
                      ;*invokevirtual getManifest {reexecute=0 rethrow=0 return_oop=0}
                      ; - java.util.jar.JarFile::maybeInstantiateVerifier@31
                      ; - java.util.jar.JarFile$JarFileEntry::getCodeSigners@4
                      ; - jdk.internal.loader.URLClassPath$JarLoader$2::getCodeSigners@4
                      ; - java.net.URLClassLoader::defineClass@185
  0x0000025a8c6671b4: 480b 3cff 

  0x0000025a8c6671b8: ;   {other}
  0x0000025a8c6671b8: 0f1f 8400 | a83b 005f | bade ffff | ff4c 8b54 | 2430 4c89 | 5424 284c | 8b54 2440 | 4c89 5424 
  0x0000025a8c6671d8: 304c 8b54 | 2448 4c89 | 5424 4044 | 8b54 2450 | 4c89 4c24 | 684c 8944 | 2470 4489 | 5424 4c4c 
  0x0000025a8c6671f8: 894c 2478 

  0x0000025a8c6671fc: ;   {runtime_call UncommonTrapBlob}
  0x0000025a8c6671fc: c5f8 77e8 

  0x0000025a8c667200: ; ImmutableOopMap {rbp=NarrowOop [40]=Oop [48]=Oop [56]=Oop [76]=NarrowOop [104]=Oop [112]=Oop [120]=Oop }
                      ;*checkcast {reexecute=0 rethrow=0 return_oop=0}
                      ; - java.lang.ClassLoader::getDefinedPackage@16
                      ; - java.net.URLClassLoader::getAndVerifyPackage@2
                      ; - java.net.URLClassLoader::defineClass@46
  0x0000025a8c667200: fc0a 3cff 

  0x0000025a8c667204: ;   {other}
  0x0000025a8c667204: 0f1f 8400 | f43b 0060 | bade ffff | ff4c 8b54 | 2430 4c89 | 5424 204c | 8b54 2440 | 4c89 5424 
  0x0000025a8c667224: 284c 8b54 | 2448 4c89 | 5424 3044 | 8b5c 2450 | 4489 5c24 | 4448 8944 | 2450 6690 

  0x0000025a8c667240: ;   {runtime_call UncommonTrapBlob}
  0x0000025a8c667240: c5f8 77e8 

  0x0000025a8c667244: ; ImmutableOopMap {[32]=Oop [40]=Oop [56]=Oop [68]=NarrowOop [80]=Oop [88]=Oop [96]=Oop }
                      ;*checkcast {reexecute=0 rethrow=0 return_oop=0}
                      ; - java.lang.ClassLoader::definePackage@81
                      ; - java.lang.ClassLoader::getDefinedPackage@32
                      ; - java.net.URLClassLoader::getAndVerifyPackage@2
                      ; - java.net.URLClassLoader::defineClass@46
  0x0000025a8c667244: b80a 3cff 

  0x0000025a8c667248: ;   {other}
  0x0000025a8c667248: 0f1f 8400 | 383c 0061 | bade ffff | ff48 8b6c | 2438 4c8b | 5424 304c | 8954 2420 | 4889 4424 
  0x0000025a8c667268: 3866 6690 

  0x0000025a8c66726c: ;   {runtime_call UncommonTrapBlob}
  0x0000025a8c66726c: c5f8 77e8 

  0x0000025a8c667270: ; ImmutableOopMap {rbp=Oop [32]=Oop [56]=Oop [120]=Oop }
                      ;*checkcast {reexecute=0 rethrow=0 return_oop=0}
                      ; - java.security.SecureClassLoader::getProtectionDomain@33
                      ; - java.security.SecureClassLoader::defineClass@9
                      ; - java.net.URLClassLoader::defineClass@220
  0x0000025a8c667270: 8c0a 3cff 

  0x0000025a8c667274: ;   {other}
  0x0000025a8c667274: 0f1f 8400 | 643c 0062 | baf6 ffff | ff48 8b6c | 2438 6690 

  0x0000025a8c667288: ;   {runtime_call UncommonTrapBlob}
  0x0000025a8c667288: c5f8 77e8 

  0x0000025a8c66728c: ; ImmutableOopMap {rbp=Oop [64]=Oop }
                      ;*invokevirtual lastIndexOf {reexecute=0 rethrow=0 return_oop=0}
                      ; - java.net.URLClassLoader::defineClass@7
  0x0000025a8c66728c: 700a 3cff 

  0x0000025a8c667290: ;   {other}
  0x0000025a8c667290: 0f1f 8400 | 803c 0063 | baf6 ffff | ff48 8b6c | 2438 4c8b | 5424 304c | 8954 2420 

  0x0000025a8c6672ac: ;   {runtime_call UncommonTrapBlob}
  0x0000025a8c6672ac: c5f8 77e8 

  0x0000025a8c6672b0: ; ImmutableOopMap {rbp=Oop [32]=Oop [64]=Oop }
                      ;*arraylength {reexecute=0 rethrow=0 return_oop=0}
                      ; - java.lang.String::length@4
                      ; - java.lang.String::lastIndexOf@3
                      ; - java.net.URLClassLoader::defineClass@7
  0x0000025a8c6672b0: 4c0a 3cff 

  0x0000025a8c6672b4: ;   {other}
  0x0000025a8c6672b4: 0f1f 8400 | a43c 0064 | baf6 ffff | ff41 8beb | 4c8b 5424 | 304c 8954 | 2428 6690 

  0x0000025a8c6672d0: ;   {runtime_call UncommonTrapBlob}
  0x0000025a8c6672d0: c5f8 77e8 

  0x0000025a8c6672d4: ; ImmutableOopMap {[40]=Oop [56]=Oop }
                      ;*invokevirtual getCodeSourceURL {reexecute=0 rethrow=0 return_oop=0}
                      ; - java.net.URLClassLoader::defineClass@13
  0x0000025a8c6672d4: 280a 3cff 

  0x0000025a8c6672d8: ;   {other}
  0x0000025a8c6672d8: 0f1f 8400 | c83c 0065 | baf4 ffff | ff48 8b6c | 2438 4c8b | 5424 304c | 8954 2420 

  0x0000025a8c6672f4: ;   {runtime_call UncommonTrapBlob}
  0x0000025a8c6672f4: c5f8 77e8 

  0x0000025a8c6672f8: ; ImmutableOopMap {rbp=Oop [32]=Oop [64]=Oop [80]=NarrowOop }
                      ;*instanceof {reexecute=0 rethrow=0 return_oop=0}
                      ; - jdk.internal.loader.Resource::getByteBuffer@6
                      ; - java.net.URLClassLoader::defineClass@132
  0x0000025a8c6672f8: 040a 3cff 

  0x0000025a8c6672fc: ;   {other}
  0x0000025a8c6672fc: 0f1f 8400 | ec3c 0066 | baf6 ffff | ff4c 8b54 | 2430 4c89 | 5424 2048 | 897c 2430 

  0x0000025a8c667318: ;   {runtime_call UncommonTrapBlob}
  0x0000025a8c667318: c5f8 77e8 

  0x0000025a8c66731c: ; ImmutableOopMap {[32]=Oop [48]=Oop [56]=Oop [120]=Oop }
                      ;*invokevirtual get {reexecute=0 rethrow=0 return_oop=0}
                      ; - jdk.internal.perf.PerfCounter::get@5
                      ; - jdk.internal.perf.PerfCounter::add@1
                      ; - jdk.internal.perf.PerfCounter::addElapsedTimeFrom@6
                      ; - java.net.URLClassLoader::defineClass@207
  0x0000025a8c66731c: e009 3cff 

  0x0000025a8c667320: ;   {other}
  0x0000025a8c667320: 0f1f 8400 | 103d 0067 | baf6 ffff | ff48 8bef 

  0x0000025a8c667330: ;   {runtime_call UncommonTrapBlob}
  0x0000025a8c667330: c5f8 77e8 

  0x0000025a8c667334: ; ImmutableOopMap {rbp=Oop [48]=Oop [56]=Oop }
                      ;*arraylength {reexecute=0 rethrow=0 return_oop=0}
                      ; - java.net.URLClassLoader::defineClass@217
  0x0000025a8c667334: c809 3cff 

  0x0000025a8c667338: ;   {other}
  0x0000025a8c667338: 0f1f 8400 | 283d 0068 | baf6 ffff | ff49 8be9 | 4889 4c24 | 2066 6690 

  0x0000025a8c667350: ;   {runtime_call UncommonTrapBlob}
  0x0000025a8c667350: c5f8 77e8 

  0x0000025a8c667354: ; ImmutableOopMap {rbp=Oop [32]=Oop }
                      ;*invokeinterface computeIfAbsent {reexecute=0 rethrow=0 return_oop=0}
                      ; - java.security.SecureClassLoader::getProtectionDomain@28
                      ; - java.security.SecureClassLoader::defineClass@9
                      ; - java.net.URLClassLoader::defineClass@220
  0x0000025a8c667354: a809 3cff 

  0x0000025a8c667358: ;   {other}
  0x0000025a8c667358: 0f1f 8400 | 483d 0069 | baf4 ffff | ff4c 8b54 | 2430 4c89 | 5424 2090 

  0x0000025a8c667370: ;   {runtime_call UncommonTrapBlob}
  0x0000025a8c667370: c5f8 77e8 

  0x0000025a8c667374: ; ImmutableOopMap {[32]=Oop [56]=Oop [120]=Oop }
                      ;*checkcast {reexecute=0 rethrow=0 return_oop=0}
                      ; - java.security.SecureClassLoader::getProtectionDomain@33
                      ; - java.security.SecureClassLoader::defineClass@9
                      ; - java.net.URLClassLoader::defineClass@220
  0x0000025a8c667374: 8809 3cff 

  0x0000025a8c667378: ;   {other}
  0x0000025a8c667378: 0f1f 8400 | 683d 006a | baf6 ffff | ff48 8b6c | 2438 4c8b | 5424 304c | 8954 2420 

  0x0000025a8c667394: ;   {runtime_call UncommonTrapBlob}
  0x0000025a8c667394: c5f8 77e8 

  0x0000025a8c667398: ; ImmutableOopMap {rbp=Oop [32]=Oop [64]=Oop [80]=NarrowOop }
                      ;*arraylength {reexecute=0 rethrow=0 return_oop=0}
                      ; - java.lang.String::length@4
                      ; - java.lang.String::substring@1
                      ; - java.net.URLClassLoader::defineClass@28
  0x0000025a8c667398: 6409 3cff 

  0x0000025a8c66739c: ;   {other}
  0x0000025a8c66739c: 0f1f 8400 | 8c3d 006b | baf6 ffff | ff48 8b6c | 2438 4c8b | 5424 304c | 8954 2420 | 4c8b 5424 
  0x0000025a8c6673bc: 404c 8954 | 2428 4c8b | 5424 484c | 8954 2430 | 448b 5424 | 5044 8954 | 2438 4c89 | 4424 4890 
  0x0000025a8c6673dc: ;   {runtime_call UncommonTrapBlob}
  0x0000025a8c6673dc: c5f8 77e8 

  0x0000025a8c6673e0: ; ImmutableOopMap {rbp=Oop [32]=Oop [40]=Oop [56]=NarrowOop [72]=Oop [160]=Oop }
                      ;*invokevirtual get {reexecute=0 rethrow=0 return_oop=0}
                      ; - java.lang.ClassLoader::getDefinedPackage@13
                      ; - java.net.URLClassLoader::getAndVerifyPackage@2
                      ; - java.net.URLClassLoader::defineClass@46
  0x0000025a8c6673e0: 1c09 3cff 

  0x0000025a8c6673e4: ;   {other}
  0x0000025a8c6673e4: 0f1f 8400 | d43d 006c | baf6 ffff | ff41 8beb | 4c8b 5424 | 384c 8954 | 2420 4c8b | 5424 304c 
  0x0000025a8c667404: 8954 2428 | 4c89 4424 | 3066 6690 

  0x0000025a8c667410: ;   {runtime_call UncommonTrapBlob}
  0x0000025a8c667410: c5f8 77e8 

  0x0000025a8c667414: ; ImmutableOopMap {[32]=Oop [40]=Oop [48]=Oop }
                      ;*getfield csu {reexecute=1 rethrow=0 return_oop=0}
                      ; - (reexecute) jdk.internal.loader.URLClassPath$JarLoader$2::getCodeSourceURL@4
                      ; - java.net.URLClassLoader::defineClass@13
  0x0000025a8c667414: e808 3cff 

  0x0000025a8c667418: ;   {other}
  0x0000025a8c667418: 0f1f 8400 | 083e 006d | baf6 ffff | ff48 8b6c | 2438 4c8b | 5424 304c | 8954 2420 | 4889 7c24 
  0x0000025a8c667438: 2866 6690 

  0x0000025a8c66743c: ;   {runtime_call UncommonTrapBlob}
  0x0000025a8c66743c: c5f8 77e8 

  0x0000025a8c667440: ; ImmutableOopMap {rbp=Oop [32]=Oop [40]=Oop [80]=NarrowOop [160]=Oop }
                      ;*getfield jar {reexecute=1 rethrow=0 return_oop=0}
                      ; - (reexecute) jdk.internal.loader.URLClassPath$JarLoader$2::getManifest@7
                      ; - java.net.URLClassLoader::defineClass@34
  0x0000025a8c667440: bc08 3cff 

  0x0000025a8c667444: ;   {other}
  0x0000025a8c667444: 0f1f 8400 | 343e 006e | baf6 ffff | ff48 8b6c | 2438 4c8b | 5424 304c | 8954 2420 | 4889 7c24 
  0x0000025a8c667464: 2866 6690 

  0x0000025a8c667468: ;   {runtime_call UncommonTrapBlob}
  0x0000025a8c667468: c5f8 77e8 

  0x0000025a8c66746c: ; ImmutableOopMap {rbp=Oop [32]=Oop [40]=Oop [80]=NarrowOop [160]=Oop }
                      ;*invokevirtual ensureInitialization {reexecute=0 rethrow=0 return_oop=0}
                      ; - java.util.jar.JavaUtilJarAccessImpl::ensureInitialization@1
                      ; - jdk.internal.loader.URLClassPath$JarLoader$2::getManifest@10
                      ; - java.net.URLClassLoader::defineClass@34
  0x0000025a8c66746c: 9008 3cff 

  0x0000025a8c667470: ;   {other}
  0x0000025a8c667470: 0f1f 8400 | 603e 006f | baf6 ffff | ff48 8b6c | 2438 4c8b | 5424 304c | 8954 2420 | 4889 7c24 
  0x0000025a8c667490: 2866 6690 

  0x0000025a8c667494: ;   {runtime_call UncommonTrapBlob}
  0x0000025a8c667494: c5f8 77e8 

  0x0000025a8c667498: ; ImmutableOopMap {rbp=Oop [32]=Oop [40]=Oop [80]=NarrowOop [160]=Oop }
                      ;*getfield jar {reexecute=1 rethrow=0 return_oop=0}
                      ; - (reexecute) jdk.internal.loader.URLClassPath$JarLoader$2::getManifest@19
                      ; - java.net.URLClassLoader::defineClass@34
  0x0000025a8c667498: 6408 3cff 

  0x0000025a8c66749c: ;   {other}
  0x0000025a8c66749c: 0f1f 8400 | 8c3e 0070 | baf6 ffff | ff48 8b6c | 2438 4c8b | 5424 304c | 8954 2420 | 4889 7c24 
  0x0000025a8c6674bc: 2866 6690 

  0x0000025a8c6674c0: ;   {runtime_call UncommonTrapBlob}
  0x0000025a8c6674c0: c5f8 77e8 

  0x0000025a8c6674c4: ; ImmutableOopMap {rbp=Oop [32]=Oop [40]=Oop [80]=NarrowOop [160]=Oop }
                      ;*invokevirtual getManifest {reexecute=0 rethrow=0 return_oop=0}
                      ; - jdk.internal.loader.URLClassPath$JarLoader$2::getManifest@22
                      ; - java.net.URLClassLoader::defineClass@34
  0x0000025a8c6674c4: 3808 3cff 

  0x0000025a8c6674c8: ;   {other}
  0x0000025a8c6674c8: 0f1f 8400 | b83e 0071 | baf6 ffff | ff48 8b6c | 2438 4c8b | 5424 304c | 8954 2420 

  0x0000025a8c6674e4: ;   {runtime_call UncommonTrapBlob}
  0x0000025a8c6674e4: c5f8 77e8 

  0x0000025a8c6674e8: ; ImmutableOopMap {rbp=Oop [32]=Oop [80]=NarrowOop [88]=Oop }
                      ;*arraylength {reexecute=0 rethrow=0 return_oop=0}
                      ; - java.util.zip.Checksum::update@4
                      ; - jdk.internal.loader.URLClassPath$JarLoader$2::getBytes@15
                      ; - java.net.URLClassLoader::defineClass@179
  0x0000025a8c6674e8: 1408 3cff 

  0x0000025a8c6674ec: ;   {other}
  0x0000025a8c6674ec: 0f1f 8400 | dc3e 0072 | baf6 ffff | ff48 8b6c | 2438 4c8b | 5424 304c | 8954 2420 

  0x0000025a8c667508: ;   {runtime_call UncommonTrapBlob}
  0x0000025a8c667508: c5f8 77e8 

  0x0000025a8c66750c: ; ImmutableOopMap {rbp=Oop [32]=Oop [80]=NarrowOop [88]=Oop }
                      ;*invokevirtual getCrc {reexecute=0 rethrow=0 return_oop=0}
                      ; - jdk.internal.loader.URLClassPath$JarLoader$2::getBytes@26
                      ; - java.net.URLClassLoader::defineClass@179
  0x0000025a8c66750c: f007 3cff 

  0x0000025a8c667510: ;   {other}
  0x0000025a8c667510: 0f1f 8400 | 003f 0073 | baf6 ffff | ff48 8b6c | 2438 4c8b | 5424 304c | 8954 2420 

  0x0000025a8c66752c: ;   {runtime_call UncommonTrapBlob}
  0x0000025a8c66752c: c5f8 77e8 

  0x0000025a8c667530: ; ImmutableOopMap {rbp=Oop [32]=Oop [80]=NarrowOop [120]=Oop }
                      ;*invokevirtual getCodeSigners {reexecute=0 rethrow=0 return_oop=0}
                      ; - jdk.internal.loader.URLClassPath$JarLoader$2::getCodeSigners@4
                      ; - java.net.URLClassLoader::defineClass@185
  0x0000025a8c667530: cc07 3cff 

  0x0000025a8c667534: ;   {other}
  0x0000025a8c667534: 0f1f 8400 | 243f 0074 | baf6 ffff | ff48 8b6c | 2438 4c8b | 5424 304c | 8954 2420 | 4889 7c24 
  0x0000025a8c667554: 4066 6690 

  0x0000025a8c667558: ;   {runtime_call UncommonTrapBlob}
  0x0000025a8c667558: c5f8 77e8 

  0x0000025a8c66755c: ; ImmutableOopMap {rbp=Oop [32]=Oop [64]=Oop [80]=NarrowOop [120]=Oop }
                      ;*invokevirtual maybeInstantiateVerifier {reexecute=0 rethrow=0 return_oop=0}
                      ; - java.util.jar.JarFile$JarFileEntry::getCodeSigners@4
                      ; - jdk.internal.loader.URLClassPath$JarLoader$2::getCodeSigners@4
                      ; - java.net.URLClassLoader::defineClass@185
  0x0000025a8c66755c: a007 3cff 

  0x0000025a8c667560: ;   {other}
  0x0000025a8c667560: 0f1f 8400 | 503f 0075 | baf6 ffff | ff48 8b6c | 2438 4c8b | 5424 304c | 8954 2420 | 4889 7c24 
  0x0000025a8c667580: 4066 6690 

  0x0000025a8c667584: ;   {runtime_call UncommonTrapBlob}
  0x0000025a8c667584: c5f8 77e8 

  0x0000025a8c667588: ; ImmutableOopMap {rbp=Oop [32]=Oop [64]=Oop [80]=NarrowOop [120]=Oop }
                      ;*getfield jv {reexecute=1 rethrow=0 return_oop=0}
                      ; - (reexecute) java.util.jar.JarFile$JarFileEntry::getCodeSigners@31
                      ; - jdk.internal.loader.URLClassPath$JarLoader$2::getCodeSigners@4
                      ; - java.net.URLClassLoader::defineClass@185
  0x0000025a8c667588: 7407 3cff 

  0x0000025a8c66758c: ;   {other}
  0x0000025a8c66758c: 0f1f 8400 | 7c3f 0076 | baf6 ffff | ff48 8b6c | 2438 4c8b | 5424 304c | 8954 2420 | 4c8b 5424 
  0x0000025a8c6675ac: 404c 8954 | 2428 4c89 | 4c24 4090 

  0x0000025a8c6675b8: ;   {runtime_call UncommonTrapBlob}
  0x0000025a8c6675b8: c5f8 77e8 

  0x0000025a8c6675bc: ; ImmutableOopMap {rbp=Oop [32]=Oop [40]=Oop [64]=Oop [80]=NarrowOop }
                      ;*getfield jar {reexecute=1 rethrow=0 return_oop=0}
                      ; - (reexecute) jdk.internal.loader.URLClassPath$JarLoader$2::getInputStream@4
                      ; - jdk.internal.loader.Resource::cachedInputStream@9
                      ; - jdk.internal.loader.Resource::getByteBuffer@1
                      ; - java.net.URLClassLoader::defineClass@132
  0x0000025a8c6675bc: 4007 3cff 

  0x0000025a8c6675c0: ;   {other}
  0x0000025a8c6675c0: 0f1f 8400 | b03f 0077 | ba45 ffff | ff4c 8b54 | 2430 4c89 | 5424 204c | 8b54 2440 | 4c89 5424 
  0x0000025a8c6675e0: 284c 8b54 | 2448 4c89 | 5424 3044 | 8b54 2450 | 4c89 4424 | 6844 8954 | 2444 6690 

  0x0000025a8c6675fc: ;   {runtime_call UncommonTrapBlob}
  0x0000025a8c6675fc: c5f8 77e8 

  0x0000025a8c667600: ; ImmutableOopMap {[32]=Oop [40]=Oop [56]=Oop [68]=NarrowOop [104]=Oop [160]=Oop }
                      ;*ifnonnull {reexecute=1 rethrow=0 return_oop=0}
                      ; - (reexecute) java.util.Objects::requireNonNull@1
                      ; - java.lang.ClassLoader::getDefinedPackage@4
                      ; - java.net.URLClassLoader::getAndVerifyPackage@2
                      ; - java.net.URLClassLoader::defineClass@46
  0x0000025a8c667600: fc06 3cff 

  0x0000025a8c667604: ;   {other}
  0x0000025a8c667604: 0f1f 8400 | f43f 0078 | ba45 ffff | ff48 8b6c | 2438 4c8b | 5424 304c | 8954 2420 | 4c8b 5424 
  0x0000025a8c667624: 484c 8954 | 2430 448b | 5c24 5044 | 895c 2438 | 4889 7c24 | 4844 8944 | 2450 6690 

  0x0000025a8c667640: ;   {runtime_call UncommonTrapBlob}
  0x0000025a8c667640: c5f8 77e8 

  0x0000025a8c667644: ; ImmutableOopMap {rbp=Oop [32]=Oop [56]=NarrowOop [72]=Oop [80]=NarrowOop [160]=Oop }
                      ;*ifnonnull {reexecute=1 rethrow=0 return_oop=0}
                      ; - (reexecute) jdk.internal.access.SharedSecrets::javaUtilJarAccess@5
                      ; - jdk.internal.loader.URLClassPath$JarLoader$2::getManifest@0
                      ; - java.net.URLClassLoader::defineClass@34
  0x0000025a8c667644: b806 3cff 

  0x0000025a8c667648: ;   {other}
  0x0000025a8c667648: 0f1f 8400 | 3840 0079 | baf6 ffff | ff48 8b6c | 2438 4c8b | 5424 304c | 8954 2420 | 4c8b 5424 
  0x0000025a8c667668: 404c 8954 | 2428 4c8b | 5424 484c | 8954 2430 | 4c89 4c24 | 404c 8944 | 2448 6690 

  0x0000025a8c667684: ;   {runtime_call UncommonTrapBlob}
  0x0000025a8c667684: c5f8 77e8 

  0x0000025a8c667688: ; ImmutableOopMap {rbp=Oop [32]=Oop [40]=Oop [64]=Oop [72]=Oop [80]=NarrowOop }
                      ;*arraylength {reexecute=0 rethrow=0 return_oop=0}
                      ; - java.lang.String::isEmpty@4
                      ; - java.lang.ClassLoader::definePackage@1
                      ; - java.lang.ClassLoader::getDefinedPackage@32
                      ; - java.net.URLClassLoader::getAndVerifyPackage@2
                      ; - java.net.URLClassLoader::defineClass@46
  0x0000025a8c667688: 7406 3cff 

  0x0000025a8c66768c: ;   {other}
  0x0000025a8c66768c: 0f1f 8400 | 7c40 007a | baf6 ffff | ff48 8b6c | 2438 4c8b | 5424 304c | 8954 2420 | 4c8b 5424 
  0x0000025a8c6676ac: 404c 8954 | 2428 4c8b | 5424 484c | 8954 2430 | 448b 5424 | 5044 8954 | 2438 4c89 | 4424 484c 
  0x0000025a8c6676cc: 894c 2450 

  0x0000025a8c6676d0: ;   {runtime_call UncommonTrapBlob}
  0x0000025a8c6676d0: c5f8 77e8 

  0x0000025a8c6676d4: ; ImmutableOopMap {rbp=Oop [32]=Oop [40]=Oop [56]=NarrowOop [72]=Oop [80]=Oop }
                      ;*invokevirtual get {reexecute=0 rethrow=0 return_oop=0}
                      ; - java.lang.ClassLoader::definePackage@47
                      ; - java.lang.ClassLoader::getDefinedPackage@32
                      ; - java.net.URLClassLoader::getAndVerifyPackage@2
                      ; - java.net.URLClassLoader::defineClass@46
  0x0000025a8c6676d4: 2806 3cff 

  0x0000025a8c6676d8: ;   {other}
  0x0000025a8c6676d8: 0f1f 8400 | c840 007b | baf6 ffff | ff48 8b6c | 2438 4c8b | 5424 304c | 8954 2420 | 4c8b 5424 
  0x0000025a8c6676f8: 404c 8954 | 2428 4c8b | 5424 484c | 8954 2430 | 4c89 4c24 | 404c 8944 | 2448 6690 

  0x0000025a8c667714: ;   {runtime_call UncommonTrapBlob}
  0x0000025a8c667714: c5f8 77e8 

  0x0000025a8c667718: ; ImmutableOopMap {rbp=Oop [32]=Oop [40]=Oop [64]=Oop [72]=Oop [80]=NarrowOop }
                      ;*invokevirtual isNamed {reexecute=0 rethrow=0 return_oop=0}
                      ; - java.lang.Package::isSealed@4
                      ; - java.net.URLClassLoader::getAndVerifyPackage@14
                      ; - java.net.URLClassLoader::defineClass@46
  0x0000025a8c667718: e405 3cff 

  0x0000025a8c66771c: ;   {other}
  0x0000025a8c66771c: 0f1f 8400 | 0c41 007c | baf6 ffff | ff48 8b6c | 2438 4c8b | 5424 304c | 8954 2420 | 4c8b 5424 
  0x0000025a8c66773c: 404c 8954 | 2428 4c8b | 5424 484c | 8954 2430 | 4c89 4c24 | 404c 8944 | 2448 6690 

  0x0000025a8c667758: ;   {runtime_call UncommonTrapBlob}
  0x0000025a8c667758: c5f8 77e8 

  0x0000025a8c66775c: ; ImmutableOopMap {rbp=Oop [32]=Oop [40]=Oop [64]=Oop [72]=Oop [80]=NarrowOop }
                      ;*getfield sealBase {reexecute=1 rethrow=0 return_oop=0}
                      ; - (reexecute) java.lang.Package::isSealed@14
                      ; - java.net.URLClassLoader::getAndVerifyPackage@14
                      ; - java.net.URLClassLoader::defineClass@46
  0x0000025a8c66775c: a005 3cff 

  0x0000025a8c667760: ;   {other}
  0x0000025a8c667760: 0f1f 8400 | 5041 007d | baf4 ffff | ff4c 8b54 | 2430 4c89 | 5424 204c | 8b54 2440 | 4c89 5424 
  0x0000025a8c667780: 284c 8b54 | 2448 4c89 | 5424 3090 

  0x0000025a8c66778c: ;   {runtime_call UncommonTrapBlob}
  0x0000025a8c66778c: c5f8 77e8 

  0x0000025a8c667790: ; ImmutableOopMap {[32]=Oop [40]=Oop [56]=Oop [80]=NarrowOop [88]=Oop [96]=Oop }
                      ;*checkcast {reexecute=0 rethrow=0 return_oop=0}
                      ; - java.lang.ClassLoader::definePackage@81
                      ; - java.lang.ClassLoader::getDefinedPackage@32
                      ; - java.net.URLClassLoader::getAndVerifyPackage@2
                      ; - java.net.URLClassLoader::defineClass@46
  0x0000025a8c667790: 6c05 3cff 

  0x0000025a8c667794: ;   {other}
  0x0000025a8c667794: 0f1f 8400 | 8441 007e | baf6 ffff | ff41 8beb | 4c8b 5424 | 384c 8954 | 2420 4c8b | 5424 304c 
  0x0000025a8c6677b4: 8954 2428 | 4c89 4424 | 3066 6690 

  0x0000025a8c6677c0: ;   {runtime_call UncommonTrapBlob}
  0x0000025a8c6677c0: c5f8 77e8 

  0x0000025a8c6677c4: ; ImmutableOopMap {[32]=Oop [40]=Oop [48]=Oop }
                      ;*invokevirtual getBaseURL {reexecute=0 rethrow=0 return_oop=0}
                      ; - jdk.internal.loader.URLClassPath$FileLoader$1::getCodeSourceURL@4
                      ; - java.net.URLClassLoader::defineClass@13
  0x0000025a8c6677c4: 3805 3cff 

  0x0000025a8c6677c8: ;   {other}
  0x0000025a8c6677c8: 0f1f 8400 | b841 007f | baf6 ffff | ff48 8b6c | 2438 4c8b | 5c24 304c | 895c 2420 | 4c8b 5c24 
  0x0000025a8c6677e8: 484c 895c | 2430 448b | 4424 5044 | 8944 2438 | 4889 7c24 | 4844 8954 | 2450 4489 | 5424 5490 
  0x0000025a8c667808: ;   {runtime_call UncommonTrapBlob}
  0x0000025a8c667808: c5f8 77e8 

  0x0000025a8c66780c: ; ImmutableOopMap {rbp=Oop [32]=Oop [56]=NarrowOop [72]=Oop [80]=NarrowOop [84]=NarrowOop [160]=Oop }
                      ;*getfield zsrc {reexecute=1 rethrow=0 return_oop=0}
                      ; - (reexecute) java.util.zip.ZipFile::ensureOpen@22
                      ; - java.util.zip.ZipFile::getManifestName@5
                      ; - java.util.zip.ZipFile$1::getManifestName@2
                      ; - java.util.jar.JarFile::maybeInstantiateVerifier@20
                      ; - java.util.jar.JarFile::ensureInitialization@1
                      ; - java.util.jar.JavaUtilJarAccessImpl::ensureInitialization@1
                      ; - jdk.internal.loader.URLClassPath$JarLoader$2::getManifest@10
                      ; - java.net.URLClassLoader::defineClass@34
  0x0000025a8c66780c: f004 3cff 

  0x0000025a8c667810: ;   {other}
  0x0000025a8c667810: 0f1f 8400 | 0042 0080 | baf6 ffff | ff48 8b6c | 2438 4c8b | 5424 304c | 8954 2420 | 4c8b 5424 
  0x0000025a8c667830: 484c 8954 | 2428 448b | 5424 5044 | 8954 2430 | 4889 7c24 | 4089 7424 | 4889 7424 | 4c66 6690 
  0x0000025a8c667850: ;   {runtime_call UncommonTrapBlob}
  0x0000025a8c667850: c5f8 77e8 

  0x0000025a8c667854: ; ImmutableOopMap {rbp=Oop [32]=Oop [48]=NarrowOop [64]=Oop [72]=NarrowOop [76]=NarrowOop [120]=Oop }
                      ;*getfield zsrc {reexecute=1 rethrow=0 return_oop=0}
                      ; - (reexecute) java.util.zip.ZipFile::ensureOpen@22
                      ; - java.util.zip.ZipFile::getManifestName@5
                      ; - java.util.zip.ZipFile$1::getManifestName@2
                      ; - java.util.jar.JarFile::maybeInstantiateVerifier@20
                      ; - java.util.jar.JarFile$JarFileEntry::getCodeSigners@4
                      ; - jdk.internal.loader.URLClassPath$JarLoader$2::getCodeSigners@4
                      ; - java.net.URLClassLoader::defineClass@185
  0x0000025a8c667854: a804 3cff 

  0x0000025a8c667858: ;   {other}
  0x0000025a8c667858: 0f1f 8400 | 4842 0081 | ba45 ffff | ff48 8b6c | 2438 4c8b | 5c24 304c | 895c 2420 | 4c8b 5c24 
  0x0000025a8c667878: 484c 895c | 2430 448b | 5c24 5044 | 895c 2438 | 4889 7c24 | 4844 8954 | 2450 4489 | 5424 5489 
  0x0000025a8c667898: 5c24 6490 

  0x0000025a8c66789c: ;   {runtime_call UncommonTrapBlob}
  0x0000025a8c66789c: c5f8 77e8 

  0x0000025a8c6678a0: ; ImmutableOopMap {rbp=Oop [32]=Oop [56]=NarrowOop [72]=Oop [80]=NarrowOop [84]=NarrowOop [100]=NarrowOop [160]=Oop }
                      ;*ifnonnull {reexecute=1 rethrow=0 return_oop=0}
                      ; - (reexecute) java.util.zip.ZipFile::ensureOpen@25
                      ; - java.util.zip.ZipFile::getManifestName@5
                      ; - java.util.zip.ZipFile$1::getManifestName@2
                      ; - java.util.jar.JarFile::maybeInstantiateVerifier@20
                      ; - java.util.jar.JarFile::ensureInitialization@1
                      ; - java.util.jar.JavaUtilJarAccessImpl::ensureInitialization@1
                      ; - jdk.internal.loader.URLClassPath$JarLoader$2::getManifest@10
                      ; - java.net.URLClassLoader::defineClass@34
  0x0000025a8c6678a0: 5c04 3cff 

  0x0000025a8c6678a4: ;   {other}
  0x0000025a8c6678a4: 0f1f 8400 | 9442 0082 | ba45 ffff | ff48 8b6c | 2438 4c8b | 5c24 304c | 895c 2420 | 4c8b 5c24 
  0x0000025a8c6678c4: 484c 895c | 2428 448b | 5c24 5044 | 895c 2430 | 4889 7c24 | 4089 7424 | 4889 7424 | 4c44 8954 
  0x0000025a8c6678e4: 2454 6690 

  0x0000025a8c6678e8: ;   {runtime_call UncommonTrapBlob}
  0x0000025a8c6678e8: c5f8 77e8 

  0x0000025a8c6678ec: ; ImmutableOopMap {rbp=Oop [32]=Oop [48]=NarrowOop [64]=Oop [72]=NarrowOop [76]=NarrowOop [84]=NarrowOop [120]=Oop }
                      ;*ifnonnull {reexecute=1 rethrow=0 return_oop=0}
                      ; - (reexecute) java.util.zip.ZipFile::ensureOpen@25
                      ; - java.util.zip.ZipFile::getManifestName@5
                      ; - java.util.zip.ZipFile$1::getManifestName@2
                      ; - java.util.jar.JarFile::maybeInstantiateVerifier@20
                      ; - java.util.jar.JarFile$JarFileEntry::getCodeSigners@4
                      ; - jdk.internal.loader.URLClassPath$JarLoader$2::getCodeSigners@4
                      ; - java.net.URLClassLoader::defineClass@185
  0x0000025a8c6678ec: 1004 3cff 

  0x0000025a8c6678f0: ;   {other}
  0x0000025a8c6678f0: 0f1f 8400 | e042 0083 | ba97 ffff | ff48 8b6c | 2428 4c8b | 5424 404c | 8954 2428 | 4c8b 5424 
  0x0000025a8c667910: 484c 8954 | 2430 4c8b | 5424 604c | 8954 2448 

  0x0000025a8c667920: ;   {runtime_call UncommonTrapBlob}
  0x0000025a8c667920: c5f8 77e8 

  0x0000025a8c667924: ; ImmutableOopMap {rbp=Oop [32]=Oop [40]=Oop [72]=Oop [80]=NarrowOop [88]=NarrowOop [96]=Oop }
                      ;*invokevirtual clone {reexecute=1 rethrow=0 return_oop=0}
                      ; - (reexecute) java.util.Arrays::copyOfRange@18
                      ; - java.lang.StringLatin1::newString@16
                      ; - java.lang.String::substring@41
                      ; - java.net.URLClassLoader::defineClass@28
  0x0000025a8c667924: d803 3cff 

  0x0000025a8c667928: ;   {other}
  0x0000025a8c667928: 0f1f 8400 | 1843 0084 | baf6 ffff | ff4c 8b5c | 2438 4c89 | 5c24 204c | 8b5c 2430 | 4c89 5c24 
  0x0000025a8c667948: 284c 8b5c | 2448 4c89 | 5c24 3844 | 8b5c 2450 | 4489 5c24 | 4048 897c | 2450 4489 | 5424 5844 
  0x0000025a8c667968: 8954 245c 

  0x0000025a8c66796c: ;   {runtime_call UncommonTrapBlob}
  0x0000025a8c66796c: c5f8 77e8 

  0x0000025a8c667970: ; ImmutableOopMap {[32]=Oop [40]=Oop [64]=NarrowOop [80]=Oop [88]=NarrowOop [92]=NarrowOop [160]=Oop }
                      ;*baload {reexecute=0 rethrow=0 return_oop=0}
                      ; - java.util.zip.ZipUtils::SH@2
                      ; - java.util.zip.ZipUtils::CENNAM@5
                      ; - java.util.zip.ZipFile::getEntryName@13
                      ; - java.util.zip.ZipFile::getManifestName@41
                      ; - java.util.zip.ZipFile$1::getManifestName@2
                      ; - java.util.jar.JarFile::maybeInstantiateVerifier@20
                      ; - java.util.jar.JarFile::ensureInitialization@1
                      ; - java.util.jar.JavaUtilJarAccessImpl::ensureInitialization@1
                      ; - jdk.internal.loader.URLClassPath$JarLoader$2::getManifest@10
                      ; - java.net.URLClassLoader::defineClass@34
  0x0000025a8c667970: 8c03 3cff 

  0x0000025a8c667974: ;   {other}
  0x0000025a8c667974: 0f1f 8400 | 6443 0085 | baf6 ffff | ff48 8b6c | 2438 4c8b | 5424 584c | 8954 2428 | 4c8b 5424 
  0x0000025a8c667994: 484c 8954 | 2430 448b | 5424 5044 | 8954 2438 | 448b 5424 | 6044 8954 | 2450 4489 | 5424 5490 
  0x0000025a8c6679b4: ;   {runtime_call UncommonTrapBlob}
  0x0000025a8c6679b4: c5f8 77e8 

  0x0000025a8c6679b8: ; ImmutableOopMap {rbp=Oop [32]=Oop [40]=Oop [56]=NarrowOop [80]=NarrowOop [84]=NarrowOop [160]=Oop }
                      ;*invokevirtual isUTF8 {reexecute=0 rethrow=0 return_oop=0}
                      ; - java.util.zip.ZipFile$Source::zipCoderForPos@4
                      ; - java.util.zip.ZipFile::getEntryName@25
                      ; - java.util.zip.ZipFile::getManifestName@41
                      ; - java.util.zip.ZipFile$1::getManifestName@2
                      ; - java.util.jar.JarFile::maybeInstantiateVerifier@20
                      ; - java.util.jar.JarFile::ensureInitialization@1
                      ; - java.util.jar.JavaUtilJarAccessImpl::ensureInitialization@1
                      ; - jdk.internal.loader.URLClassPath$JarLoader$2::getManifest@10
                      ; - java.net.URLClassLoader::defineClass@34
  0x0000025a8c6679b8: 4403 3cff 

  0x0000025a8c6679bc: ;   {other}
  0x0000025a8c6679bc: 0f1f 8400 | ac43 0086 | baf6 ffff | ff4c 8b54 | 2438 4c89 | 5424 204c | 8b54 2430 | 4c89 5424 
  0x0000025a8c6679dc: 284c 8b54 | 2448 4c89 | 5424 3044 | 8b5c 2450 | 4489 5c24 | 3848 897c | 2448 8974 | 2450 8974 
  0x0000025a8c6679fc: 2454 6690 

  0x0000025a8c667a00: ;   {runtime_call UncommonTrapBlob}
  0x0000025a8c667a00: c5f8 77e8 

  0x0000025a8c667a04: ; ImmutableOopMap {[32]=Oop [40]=Oop [56]=NarrowOop [72]=Oop [80]=NarrowOop [84]=NarrowOop [120]=Oop }
                      ;*baload {reexecute=0 rethrow=0 return_oop=0}
                      ; - java.util.zip.ZipUtils::SH@2
                      ; - java.util.zip.ZipUtils::CENNAM@5
                      ; - java.util.zip.ZipFile::getEntryName@13
                      ; - java.util.zip.ZipFile::getManifestName@41
                      ; - java.util.zip.ZipFile$1::getManifestName@2
                      ; - java.util.jar.JarFile::maybeInstantiateVerifier@20
                      ; - java.util.jar.JarFile$JarFileEntry::getCodeSigners@4
                      ; - jdk.internal.loader.URLClassPath$JarLoader$2::getCodeSigners@4
                      ; - java.net.URLClassLoader::defineClass@185
  0x0000025a8c667a04: f802 3cff 

  0x0000025a8c667a08: ;   {other}
  0x0000025a8c667a08: 0f1f 8400 | f843 0087 | baf6 ffff | ff48 8b6c | 2438 4c8b | 5424 304c | 8954 2420 | 4c8b 5424 
  0x0000025a8c667a28: 484c 8954 | 2428 4889 | 7c24 4089 | 7424 4889 | 7424 4c90 

  0x0000025a8c667a3c: ;   {runtime_call UncommonTrapBlob}
  0x0000025a8c667a3c: c5f8 77e8 

  0x0000025a8c667a40: ; ImmutableOopMap {rbp=Oop [32]=Oop [64]=Oop [72]=NarrowOop [76]=NarrowOop [80]=NarrowOop [120]=Oop }
                      ;*invokevirtual isUTF8 {reexecute=0 rethrow=0 return_oop=0}
                      ; - java.util.zip.ZipFile$Source::zipCoderForPos@4
                      ; - java.util.zip.ZipFile::getEntryName@25
                      ; - java.util.zip.ZipFile::getManifestName@41
                      ; - java.util.zip.ZipFile$1::getManifestName@2
                      ; - java.util.jar.JarFile::maybeInstantiateVerifier@20
                      ; - java.util.jar.JarFile$JarFileEntry::getCodeSigners@4
                      ; - jdk.internal.loader.URLClassPath$JarLoader$2::getCodeSigners@4
                      ; - java.net.URLClassLoader::defineClass@185
  0x0000025a8c667a40: bc02 3cff 

  0x0000025a8c667a44: ;   {other}
  0x0000025a8c667a44: 0f1f 8400 | 3444 0088 | ba97 ffff | ff4c 8b54 | 2438 4c89 | 5424 204c | 8b54 2430 | 4c89 5424 
  0x0000025a8c667a64: 2866 6690 

  0x0000025a8c667a68: ;   {runtime_call UncommonTrapBlob}
  0x0000025a8c667a68: c5f8 77e8 

  0x0000025a8c667a6c: ; ImmutableOopMap {rbp=NarrowOop [32]=Oop [40]=Oop [80]=NarrowOop [120]=Oop }
                      ;*invokevirtual clone {reexecute=1 rethrow=0 return_oop=0}
                      ; - (reexecute) java.util.jar.JarFile$JarFileEntry::getCodeSigners@70
                      ; - jdk.internal.loader.URLClassPath$JarLoader$2::getCodeSigners@4
                      ; - java.net.URLClassLoader::defineClass@185
  0x0000025a8c667a6c: 9002 3cff 

  0x0000025a8c667a70: ;   {other}
  0x0000025a8c667a70: 0f1f 8400 | 6044 0089 | ba97 ffff | ff4c 8b54 | 2438 4c89 | 5424 204c | 8b54 2430 | 4c89 5424 
  0x0000025a8c667a90: 284c 8b54 | 2448 4c89 | 5424 3090 

  0x0000025a8c667a9c: ;   {runtime_call UncommonTrapBlob}
  0x0000025a8c667a9c: c5f8 77e8 

  0x0000025a8c667aa0: ; ImmutableOopMap {rbp=Oop [32]=Oop [40]=Oop [64]=Oop [120]=Oop }
                      ;*invokevirtual clone {reexecute=1 rethrow=0 return_oop=0}
                      ; - (reexecute) java.security.CodeSource::<init>@42
                      ; - java.net.URLClassLoader::defineClass@198
  0x0000025a8c667aa0: 5c02 3cff 

  0x0000025a8c667aa4: ;   {other}
  0x0000025a8c667aa4: 0f1f 8400 | 9444 008a | 488b d8e9 | 0402 0000 | 4c8b c844 | 8b50 084d | 33db 4f8d | 1cd3 e9eb 
  0x0000025a8c667ac4: 0000 0048 | 8bd8 448b | 5008 4d33 | db4f 8d1c | d3e9 2c01 | 0000 488b | d8e9 6203 | 0000 488b 
  0x0000025a8c667ae4: d0e9 1904 | 0000 488b | d0e9 1104 | 0000 e902 | 0400 00e9 | 8b02 0000 | e9f8 0300 | 0048 8bd8 
  0x0000025a8c667b04: 4c8b 5c24 | 5848 8d84 | 24b0 0000 | 0048 8338 | 000f 8479 | 0000 004d | 8b13 41f6 | c202 0f84 
  0x0000025a8c667b24: 6200 0000 | 4983 ba86 | 0000 0000 | 7409 49ff | 8a86 0000 | 00eb 4b49 | 8b82 9600 | 0000 490b 
  0x0000025a8c667b44: 828e 0000 | 0075 0a49 | c742 3e00 | 0000 00eb | 3d49 83ba | 9e00 0000 | 0074 2248 | 33c0 49c7 
  0x0000025a8c667b64: 423e 0000 | 0000 f083 | 0424 0049 | 83ba 9e00 | 0000 0075 | 0df0 4d0f | b17a 3e75 | 0583 c801 
  0x0000025a8c667b84: eb0c a800 | eb08 4c8b | 10f0 4d0f | b113 750a | 49ff 8f48 | 0500 0045 | 33d2 0f85 

  0x0000025a8c667ba0: ;   {no_reloc}
  0x0000025a8c667ba0: b003 0000 | 4c8b cb45 | 8b41 084d | 33db 4f8d | 1cc3 4d8b 

  0x0000025a8c667bb4: ;   {metadata('java/io/IOException')}
  0x0000025a8c667bb4: 5348 49bb | 2848 0900 | 0100 0000 | 4d3b d30f | 85ce 0100 | 0049 8be9 | ba2a 0000 | 004c 8b54 
  0x0000025a8c667bd4: 2438 4c89 | 5424 204c | 8b54 2430 | 4c89 5424 | 2866 6690 

  0x0000025a8c667be8: ;   {runtime_call UncommonTrapBlob}
  0x0000025a8c667be8: c5f8 77e8 

  0x0000025a8c667bec: ; ImmutableOopMap {rbp=Oop [32]=Oop [40]=Oop [80]=NarrowOop [120]=Oop }
                      ;*new {reexecute=0 rethrow=0 return_oop=0}
                      ; - java.util.jar.JarFile$JarFileEntry::getCodeSigners@11
                      ; - jdk.internal.loader.URLClassPath$JarLoader$2::getCodeSigners@4
                      ; - java.net.URLClassLoader::defineClass@185
  0x0000025a8c667bec: 1001 3cff 

  0x0000025a8c667bf0: ;   {other}
  0x0000025a8c667bf0: 0f1f 8400 | e045 008b | 488b d844 | 8b50 084d | 33db 4f8d | 1cd3 4d8b 

  0x0000025a8c667c08: ;   {metadata('java/io/IOException')}
  0x0000025a8c667c08: 5348 49bb | 2848 0900 | 0100 0000 | 4d3b d30f | 859b 0000 | 0048 8beb | baf2 0100 | 004c 8b54 
  0x0000025a8c667c28: 2448 4c89 | 5424 3844 | 8b54 2450 | 4489 5424 | 4066 6690 

  0x0000025a8c667c3c: ;   {runtime_call UncommonTrapBlob}
  0x0000025a8c667c3c: c5f8 77e8 

  0x0000025a8c667c40: ; ImmutableOopMap {rbp=Oop [32]=Oop [40]=Oop [48]=Oop [64]=NarrowOop [96]=NarrowOop [160]=Oop }
                      ;*new {reexecute=0 rethrow=0 return_oop=0}
                      ; - java.util.jar.JarFile::ensureInitialization@8
                      ; - java.util.jar.JavaUtilJarAccessImpl::ensureInitialization@1
                      ; - jdk.internal.loader.URLClassPath$JarLoader$2::getManifest@10
                      ; - java.net.URLClassLoader::defineClass@34
  0x0000025a8c667c40: bc00 3cff 

  0x0000025a8c667c44: ;   {other}
  0x0000025a8c667c44: 0f1f 8400 | 3446 008c | e9a8 0200 | 00e9 a302 | 0000 e9a5 | 0200 00e9 | a002 0000 | 488b d0e9 
  0x0000025a8c667c64: 9b02 0000 | e98c 0200 | 0048 8bd8 | eb46 488b | d8eb 4148 | 8944 2428 | 488b 5424 | 304c 8b54 
  0x0000025a8c667c84: 2438 4c89 | 5424 304c | 8b54 2448 | 4c89 5424 | 3844 8b5c | 2450 4489 | 5c24 4090 

  0x0000025a8c667ca0: ;   {static_call}
  0x0000025a8c667ca0: c5f8 77e8 

  0x0000025a8c667ca4: ; ImmutableOopMap {rbp=Oop [32]=Oop [40]=Oop [48]=Oop [64]=NarrowOop [104]=Oop [160]=Oop }
                      ;*invokestatic endInit {reexecute=0 rethrow=0 return_oop=0}
                      ; - java.util.jar.JarFile::ensureInitialization@53
                      ; - java.util.jar.JavaUtilJarAccessImpl::ensureInitialization@1
                      ; - jdk.internal.loader.URLClassPath$JarLoader$2::getManifest@10
                      ; - java.net.URLClassLoader::defineClass@34
  0x0000025a8c667ca4: d87b 3bff 

  0x0000025a8c667ca8: ;   {other}
  0x0000025a8c667ca8: 0f1f 8400 | 9846 008d | 4c8b 5424 | 2849 8bda | 4c8b 5c24 | 6848 8d84 | 24b0 0000 | 0048 8338 
  0x0000025a8c667cc8: 000f 8479 | 0000 004d | 8b13 41f6 | c202 0f84 | 6200 0000 | 4983 ba86 | 0000 0000 | 7409 49ff 
  0x0000025a8c667ce8: 8a86 0000 | 00eb 4b49 | 8b82 9600 | 0000 490b | 828e 0000 | 0075 0a49 | c742 3e00 | 0000 00eb 
  0x0000025a8c667d08: 3d49 83ba | 9e00 0000 | 0074 2248 | 33c0 49c7 | 423e 0000 | 0000 f083 | 0424 0049 | 83ba 9e00 
  0x0000025a8c667d28: 0000 0075 | 0df0 4d0f | b17a 3e75 | 0583 c801 | eb0c a800 | eb08 4c8b | 10f0 4d0f | b113 750a 
  0x0000025a8c667d48: 49ff 8f48 | 0500 0045 | 33d2 0f84 | 9001 0000 | 488b 4c24 | 6848 8d94 | 24b0 0000 | 004d 8bc7 
  0x0000025a8c667d68: c5f8 7749 | ba90 65a4 | 06ff 7f00 | 0041 ffd2 

  0x0000025a8c667d78: ;   {other}
  0x0000025a8c667d78: 0f1f 8400 | 0000 0000 | e963 0100 | 00eb 0048 | 8bd0 e974 | 0100 004c | 8bc8 eb03 | 4c8b c849 
  0x0000025a8c667d98: 8bd1 e964 | 0100 00e9 | 5501 0000 | 488b d0e9 | 5701 0000 | 488b d8e9 | 9000 0000 | e939 0100 
  0x0000025a8c667db8: 00e9 3b01 | 0000 e936 | 0100 0044 | 8b58 084d | 33d2 4f8d | 14da 4d8b | 5250 4c3b | d575 cd45 
  0x0000025a8c667dd8: 33c9 eb1e | e918 0100 | 0044 8b50 | 084d 33db | 4f8d 1cd3 | 4d8b 5350 | 4c3b d575 | 3a4c 8b4c 
  0x0000025a8c667df8: 2460 488b | 5424 384c | 8b44 2458 | 488b 7c24 | 6866 6690 

  0x0000025a8c667e0c: ;   {optimized virtual_call}
  0x0000025a8c667e0c: c5f8 77e8 

  0x0000025a8c667e10: ; ImmutableOopMap {[32]=NarrowOop [48]=Oop [56]=Oop [64]=Oop [80]=NarrowOop [88]=Oop }
                      ;*invokevirtual getAndVerifyPackage {reexecute=0 rethrow=0 return_oop=1}
                      ; - java.net.URLClassLoader::defineClass@97
  0x0000025a8c667e10: 6c70 3bff 

  0x0000025a8c667e14: ;   {other}
  0x0000025a8c667e14: 0f1f 8400 | 0448 008e | 4885 c00f | 8418 0100 | 004c 8b6c | 2428 e9c6 | c8ff ff48 | 8bd0 e9cc 
  0x0000025a8c667e34: 0000 00e9 | bd00 0000 | e9b8 0000 | 0048 8bd8 | 4c8b 5c24 | 4048 8d84 | 24b0 0000 | 0048 8338 
  0x0000025a8c667e54: 000f 8479 | 0000 004d | 8b13 41f6 | c202 0f84 | 6200 0000 | 4983 ba86 | 0000 0000 | 7409 49ff 
  0x0000025a8c667e74: 8a86 0000 | 00eb 4b49 | 8b82 9600 | 0000 490b | 828e 0000 | 0075 0a49 | c742 3e00 | 0000 00eb 
  0x0000025a8c667e94: 3d49 83ba | 9e00 0000 | 0074 2248 | 33c0 49c7 | 423e 0000 | 0000 f083 | 0424 0049 | 83ba 9e00 
  0x0000025a8c667eb4: 0000 0075 | 0df0 4d0f | b17a 3e75 | 0583 c801 | eb0c a800 | eb08 4c8b | 10f0 4d0f | b113 750a 
  0x0000025a8c667ed4: 49ff 8f48 | 0500 0045 | 33d2 7533 | 488b d3eb | 1e48 8bd8 | 488b d3eb | 1648 8bd0 | eb11 488b 
  0x0000025a8c667ef4: d0eb 0ceb | 0048 8bd0 | eb05 eb00 | 488b d0c5 | f877 4881 | c4d0 0000 

  0x0000025a8c667f0c: ;   {runtime_call _rethrow_Java}
  0x0000025a8c667f0c: 005d e9ed | 0549 ff48 | 8b4c 2440 | 488d 9424 | b000 0000 | 4d8b c7c5 | f877 49ba | 9065 a406 
  0x0000025a8c667f2c: ff7f 0000 

  0x0000025a8c667f30: ;   {other}
  0x0000025a8c667f30: 41ff d20f | 1f84 0000 | 0000 00eb | a3ba fd00 | 0000 6690 

  0x0000025a8c667f44: ;   {runtime_call UncommonTrapBlob}
  0x0000025a8c667f44: c5f8 77e8 

  0x0000025a8c667f48: ; ImmutableOopMap {[88]=Oop }
                      ;*new {reexecute=0 rethrow=0 return_oop=0}
                      ; - java.net.URLClassLoader::defineClass@103
  0x0000025a8c667f48: b4fd 3bff 

  0x0000025a8c667f4c: ;   {other}
  0x0000025a8c667f4c: 0f1f 8400 | 3c49 008f | 498b cb48 | 8d94 24b0 | 0000 004d | 8bc7 c5f8 | 7749 ba90 | 65a4 06ff 
  0x0000025a8c667f6c: 7f00 0041 

  0x0000025a8c667f70: ;   {other}
  0x0000025a8c667f70: ffd2 0f1f | 8400 0000 | 0000 e925 

  0x0000025a8c667f7c: ;   {internal_word}
  0x0000025a8c667f7c: fcff ff49 | ba4f 4d66 | 8c5a 0200 | 004d 8997 | 6004 0000 

  0x0000025a8c667f90: ;   {runtime_call SafepointBlob}
  0x0000025a8c667f90: e9eb eb3b 

  0x0000025a8c667f94: ;   {runtime_call StubRoutines (final stubs)}
  0x0000025a8c667f94: ffe8 6630 | 3aff e97f | bcff fff4 
[Stub Code]
  0x0000025a8c667fa0: ;   {no_reloc}
  0x0000025a8c667fa0: 48bb 4849 | 5999 5a02 

  0x0000025a8c667fa8: ;   {runtime_call I2C/C2I adapters}
  0x0000025a8c667fa8: 0000 e9cb 

  0x0000025a8c667fac: ;   {static_stub}
  0x0000025a8c667fac: be3b ff48 | bb00 0000 | 0000 0000 

  0x0000025a8c667fb8: ;   {runtime_call nmethod}
  0x0000025a8c667fb8: 00e9 fbff 

  0x0000025a8c667fbc: ;   {static_stub}
  0x0000025a8c667fbc: ffff 48bb | 0000 0000 | 0000 0000 

  0x0000025a8c667fc8: ;   {runtime_call nmethod}
  0x0000025a8c667fc8: e9fb ffff 

  0x0000025a8c667fcc: ;   {static_stub}
  0x0000025a8c667fcc: ff48 bb00 | 0000 0000 

  0x0000025a8c667fd4: ;   {runtime_call nmethod}
  0x0000025a8c667fd4: 0000 00e9 | fbff ffff 

  0x0000025a8c667fdc: ;   {static_stub}
  0x0000025a8c667fdc: 48bb 0000 | 0000 0000 

  0x0000025a8c667fe4: ;   {runtime_call nmethod}
  0x0000025a8c667fe4: 0000 e9fb 

  0x0000025a8c667fe8: ;   {static_stub}
  0x0000025a8c667fe8: ffff ff48 | bb00 0000 | 0000 0000 

  0x0000025a8c667ff4: ;   {runtime_call nmethod}
  0x0000025a8c667ff4: 00e9 fbff 

  0x0000025a8c667ff8: ;   {static_stub}
  0x0000025a8c667ff8: ffff 48bb | 0000 0000 | 0000 0000 

  0x0000025a8c668004: ;   {runtime_call nmethod}
  0x0000025a8c668004: e9fb ffff 

  0x0000025a8c668008: ;   {static_stub}
  0x0000025a8c668008: ff48 bb00 | 0000 0000 

  0x0000025a8c668010: ;   {runtime_call nmethod}
  0x0000025a8c668010: 0000 00e9 | fbff ffff 

  0x0000025a8c668018: ;   {static_stub}
  0x0000025a8c668018: 48bb 0000 | 0000 0000 

  0x0000025a8c668020: ;   {runtime_call nmethod}
  0x0000025a8c668020: 0000 e9fb 

  0x0000025a8c668024: ;   {static_stub}
  0x0000025a8c668024: ffff ff48 | bb00 0000 | 0000 0000 

  0x0000025a8c668030: ;   {runtime_call nmethod}
  0x0000025a8c668030: 00e9 fbff 

  0x0000025a8c668034: ;   {static_stub}
  0x0000025a8c668034: ffff 48bb | 0000 0000 | 0000 0000 

  0x0000025a8c668040: ;   {runtime_call nmethod}
  0x0000025a8c668040: e9fb ffff 

  0x0000025a8c668044: ;   {static_stub}
  0x0000025a8c668044: ff48 bb00 | 0000 0000 

  0x0000025a8c66804c: ;   {runtime_call nmethod}
  0x0000025a8c66804c: 0000 00e9 | fbff ffff 

  0x0000025a8c668054: ;   {static_stub}
  0x0000025a8c668054: 48bb 0000 | 0000 0000 

  0x0000025a8c66805c: ;   {runtime_call nmethod}
  0x0000025a8c66805c: 0000 e9fb 

  0x0000025a8c668060: ;   {static_stub}
  0x0000025a8c668060: ffff ff48 | bb00 0000 | 0000 0000 

  0x0000025a8c66806c: ;   {runtime_call nmethod}
  0x0000025a8c66806c: 00e9 fbff 

  0x0000025a8c668070: ;   {static_stub}
  0x0000025a8c668070: ffff 48bb | 0000 0000 | 0000 0000 

  0x0000025a8c66807c: ;   {runtime_call nmethod}
  0x0000025a8c66807c: e9fb ffff 

  0x0000025a8c668080: ;   {static_stub}
  0x0000025a8c668080: ff48 bb00 | 0000 0000 

  0x0000025a8c668088: ;   {runtime_call nmethod}
  0x0000025a8c668088: 0000 00e9 | fbff ffff 

  0x0000025a8c668090: ;   {static_stub}
  0x0000025a8c668090: 48bb 0000 | 0000 0000 

  0x0000025a8c668098: ;   {runtime_call nmethod}
  0x0000025a8c668098: 0000 e9fb 

  0x0000025a8c66809c: ;   {static_stub}
  0x0000025a8c66809c: ffff ff48 | bb00 0000 | 0000 0000 

  0x0000025a8c6680a8: ;   {runtime_call nmethod}
  0x0000025a8c6680a8: 00e9 fbff 

  0x0000025a8c6680ac: ;   {static_stub}
  0x0000025a8c6680ac: ffff 48bb | 0000 0000 | 0000 0000 

  0x0000025a8c6680b8: ;   {runtime_call nmethod}
  0x0000025a8c6680b8: e9fb ffff 

  0x0000025a8c6680bc: ;   {static_stub}
  0x0000025a8c6680bc: ff48 bb00 | 0000 0000 

  0x0000025a8c6680c4: ;   {runtime_call nmethod}
  0x0000025a8c6680c4: 0000 00e9 | fbff ffff 

  0x0000025a8c6680cc: ;   {static_stub}
  0x0000025a8c6680cc: 48bb 605f | 5999 5a02 

  0x0000025a8c6680d4: ;   {runtime_call I2C/C2I adapters}
  0x0000025a8c6680d4: 0000 e91b 

  0x0000025a8c6680d8: ;   {static_stub}
  0x0000025a8c6680d8: 5e3b ff48 | bbc0 5559 | 995a 0200 

  0x0000025a8c6680e4: ;   {runtime_call I2C/C2I adapters}
  0x0000025a8c6680e4: 00e9 90bd 

  0x0000025a8c6680e8: ;   {static_stub}
  0x0000025a8c6680e8: 3bff 48bb | 1060 5999 | 5a02 0000 

  0x0000025a8c6680f4: ;   {runtime_call I2C/C2I adapters}
  0x0000025a8c6680f4: e981 bd3b 

  0x0000025a8c6680f8: ;   {static_stub}
  0x0000025a8c6680f8: ff48 bb00 | 0000 0000 

  0x0000025a8c668100: ;   {runtime_call nmethod}
  0x0000025a8c668100: 0000 00e9 | fbff ffff 

  0x0000025a8c668108: ;   {static_stub}
  0x0000025a8c668108: 48bb 304e | 0299 5a02 

  0x0000025a8c668110: ;   {runtime_call I2C/C2I adapters}
  0x0000025a8c668110: 0000 e975 

  0x0000025a8c668114: ;   {runtime_call ExceptionBlob}
  0x0000025a8c668114: 6f3a ffe9 | e4b7 48ff 
[Deopt Handler Code]
  0x0000025a8c66811c: e800 0000 | 0048 832c 

  0x0000025a8c668124: ;   {runtime_call DeoptimizationBlob}
  0x0000025a8c668124: 2405 e9f5 | fe3b fff4 | f4f4 f4f4 
[/MachCode]


---------------  P R O C E S S  ---------------

Threads class SMR info:
_java_thread_list=0x0000025ab7caa620, length=194, elements={
0x0000025affae0360, 0x0000025a9d0b1ef0, 0x0000025a9d0b2ba0, 0x0000025a9d0c84a0,
0x0000025a9d0c9ff0, 0x0000025a9d0ccb40, 0x0000025a9d0cedc0, 0x0000025a9d0db2b0,
0x0000025a9d0dbe70, 0x0000025a9d190220, 0x0000025a9d3b9e50, 0x0000025a9d4fcc00,
0x0000025a9ecd7330, 0x0000025a9eec1870, 0x0000025a9ee8cd10, 0x0000025a9ee8c680,
0x0000025a9ee8d3a0, 0x0000025a9ee8e0c0, 0x0000025a9ee8e750, 0x0000025aa2537d10,
0x0000025aa2536ff0, 0x0000025aa2534f20, 0x0000025aa2537680, 0x0000025aa2535c40,
0x0000025aa2539de0, 0x0000025aa2538a30, 0x0000025aa25362d0, 0x0000025aa2534890,
0x0000025aa509e010, 0x0000025ab4952d40, 0x0000025ab4953a60, 0x0000025ab49540f0,
0x0000025aae1aa5a0, 0x0000025ab667cff0, 0x0000025aaed867f0, 0x0000025abc1aa4c0,
0x0000025ab77a5700, 0x0000025ab4956ee0, 0x0000025ab4957570, 0x0000025ab49505e0,
0x0000025aa4956070, 0x0000025aa4956700, 0x0000025aa49587d0, 0x0000025ab77a5d90,
0x0000025ab77a7e60, 0x0000025ab77a6420, 0x0000025ab77a84f0, 0x0000025ab77a6ab0,
0x0000025ab77a7140, 0x0000025ab4957c00, 0x0000025ab4951990, 0x0000025ab4950c70,
0x0000025ab495b080, 0x0000025aa4957420, 0x0000025ab5b6adf0, 0x0000025ab5b6c1a0,
0x0000025ab5b6cec0, 0x0000025ab5b6b480, 0x0000025ab5b6a0d0, 0x0000025ab5b6bb10,
0x0000025ab5b6a760, 0x0000025ab5b6c830, 0x0000025ab5b69a40, 0x0000025ab7b7f540,
0x0000025ab7b7c0c0, 0x0000025ab7b7c750, 0x0000025ab7b7e820, 0x0000025ab7b7cde0,
0x0000025ab7b7d470, 0x0000025ab773db90, 0x0000025ab7738640, 0x0000025ab773e8b0,
0x0000025ab77399f0, 0x0000025ab773ce70, 0x0000025ab773ef40, 0x0000025ab773b430,
0x0000025ab773d500, 0x0000025ab773e220, 0x0000025ab773bac0, 0x0000025ab773ada0,
0x0000025ab773fc60, 0x0000025abe0c6ae0, 0x0000025abe0c0f00, 0x0000025abe0c4380,
0x0000025ab7b7db00, 0x0000025ab7b7e190, 0x0000025ab7b7eeb0, 0x0000025aa2e731a0,
0x0000025aa2e72b10, 0x0000025aa2e73830, 0x0000025aa2e73ec0, 0x0000025aa2e710d0,
0x0000025aa2e71760, 0x0000025ab42735d0, 0x0000025aa2e72480, 0x0000025ab7af8a70,
0x0000025ab7af9e20, 0x0000025ab7af9100, 0x0000025ab7af9790, 0x0000025aa3120010,
0x0000025abe0c7e90, 0x0000025abe3a8890, 0x0000025abc1e8030, 0x0000025aa311ec60,
0x0000025abe3a5aa0, 0x0000025abe3aaff0, 0x0000025abe3a8f20, 0x0000025ab495c430,
0x0000025ab495b710, 0x0000025ab495de70, 0x0000025ab4958290, 0x0000025ab495bda0,
0x0000025ab495e500, 0x0000025ab4958920, 0x0000025ab4273c60, 0x0000025ab4275010,
0x0000025ab42742f0, 0x0000025ab4958fb0, 0x0000025ab4959640, 0x0000025ab4959cd0,
0x0000025ab495cac0, 0x0000025ab495d150, 0x0000025aa54e2500, 0x0000025aa54e4c60,
0x0000025abe0c5730, 0x0000025abe0c1590, 0x0000025ab4274980, 0x0000025abe0c7800,
0x0000025aa311f980, 0x0000025aa311f2f0, 0x0000025abc182700, 0x0000025abc183420,
0x0000025abe0c4a10, 0x0000025abe0c2940, 0x0000025ab4276a50, 0x0000025ab4275d30,
0x0000025abc6383f0, 0x0000025ab773a080, 0x0000025ab7738cd0, 0x0000025ab7739360,
0x0000025ab773a710, 0x0000025abcea1280, 0x0000025abc182070, 0x0000025ab71e7100,
0x0000025abcf1f0b0, 0x0000025abcf1f740, 0x0000025abcf1fdd0, 0x0000025abe0c2fd0,
0x0000025abe0c3660, 0x0000025ab71e9860, 0x0000025abe0c1c20, 0x0000025aa54e9490,
0x0000025aa54e45d0, 0x0000025ab71ed370, 0x0000025ab71ecce0, 0x0000025abd307960,
0x0000025aa4d46fe0, 0x0000025aa4d48a20, 0x0000025aa4d462c0, 0x0000025abc1ae330,
0x0000025abc1b1120, 0x0000025abc1ae9c0, 0x0000025abc1b0a90, 0x0000025abc1af050,
0x0000025abc1af6e0, 0x0000025ab7c5c330, 0x0000025abe5ba960, 0x0000025ab7c5c9c0,
0x0000025ab7c5a8f0, 0x0000025ab5808480, 0x0000025ab5805000, 0x0000025ab5807df0,
0x0000025ac3a58f00, 0x0000025ab7c5af80, 0x0000025ab7c5a260, 0x0000025ab76123e0,
0x0000025ac3a56e30, 0x0000025abc1a7040, 0x0000025ac3a55a80, 0x0000025abd308680,
0x0000025ab71e91d0, 0x0000025ab71e9ef0, 0x0000025ac3537e30, 0x0000025ab71e8b40,
0x0000025ab668a880, 0x0000025ab71f1510, 0x0000025ab7c5d050, 0x0000025ab668dd00,
0x0000025abe5ba2d0, 0x0000025accb89f80, 0x0000025ab71f0160, 0x0000025ab668f0b0,
0x0000025ab6688e40, 0x0000025ab668a1f0
}

Java Threads: ( => current thread )
  0x0000025affae0360 JavaThread "main"                              [_thread_blocked, id=10172, stack(0x0000009d08600000,0x0000009d08700000) (1024K)]
  0x0000025a9d0b1ef0 JavaThread "Reference Handler"          daemon [_thread_blocked, id=25372, stack(0x0000009d08e00000,0x0000009d08f00000) (1024K)]
  0x0000025a9d0b2ba0 JavaThread "Finalizer"                  daemon [_thread_blocked, id=16320, stack(0x0000009d08f00000,0x0000009d09000000) (1024K)]
  0x0000025a9d0c84a0 JavaThread "Signal Dispatcher"          daemon [_thread_blocked, id=17604, stack(0x0000009d09000000,0x0000009d09100000) (1024K)]
  0x0000025a9d0c9ff0 JavaThread "Attach Listener"            daemon [_thread_blocked, id=34716, stack(0x0000009d09100000,0x0000009d09200000) (1024K)]
  0x0000025a9d0ccb40 JavaThread "Service Thread"             daemon [_thread_blocked, id=34572, stack(0x0000009d09200000,0x0000009d09300000) (1024K)]
  0x0000025a9d0cedc0 JavaThread "Monitor Deflation Thread"   daemon [_thread_blocked, id=25712, stack(0x0000009d09300000,0x0000009d09400000) (1024K)]
  0x0000025a9d0db2b0 JavaThread "C2 CompilerThread0"         daemon [_thread_blocked, id=25440, stack(0x0000009d09400000,0x0000009d09500000) (1024K)]
  0x0000025a9d0dbe70 JavaThread "C1 CompilerThread0"         daemon [_thread_in_vm, id=23148, stack(0x0000009d09500000,0x0000009d09600000) (1024K)]
  0x0000025a9d190220 JavaThread "Common-Cleaner"             daemon [_thread_blocked, id=29580, stack(0x0000009d09600000,0x0000009d09700000) (1024K)]
  0x0000025a9d3b9e50 JavaThread "Notification Thread"        daemon [_thread_blocked, id=23272, stack(0x0000009d09700000,0x0000009d09800000) (1024K)]
  0x0000025a9d4fcc00 JavaThread "Daemon health stats"               [_thread_blocked, id=33408, stack(0x0000009d09800000,0x0000009d09900000) (1024K)]
  0x0000025a9ecd7330 JavaThread "Incoming local TCP Connector on port 56095"        [_thread_in_native, id=31988, stack(0x0000009d0a000000,0x0000009d0a100000) (1024K)]
  0x0000025a9eec1870 JavaThread "Daemon periodic checks"            [_thread_blocked, id=18612, stack(0x0000009d0a100000,0x0000009d0a200000) (1024K)]
  0x0000025a9ee8cd10 JavaThread "Cache worker for journal cache (C:\Users\Romil\.gradle\caches\journal-1)"        [_thread_blocked, id=7124, stack(0x0000009d0ab00000,0x0000009d0ac00000) (1024K)]
  0x0000025a9ee8c680 JavaThread "File lock request listener"        [_thread_in_native, id=28104, stack(0x0000009d0ac00000,0x0000009d0ad00000) (1024K)]
  0x0000025a9ee8d3a0 JavaThread "Cache worker for file hash cache (C:\Users\Romil\.gradle\caches\8.13\fileHashes)"        [_thread_blocked, id=33220, stack(0x0000009d0ad00000,0x0000009d0ae00000) (1024K)]
  0x0000025a9ee8e0c0 JavaThread "File watcher server"        daemon [_thread_blocked, id=27780, stack(0x0000009d0b000000,0x0000009d0b100000) (1024K)]
  0x0000025a9ee8e750 JavaThread "File watcher consumer"      daemon [_thread_blocked, id=4112, stack(0x0000009d0b100000,0x0000009d0b200000) (1024K)]
  0x0000025aa2537d10 JavaThread "jar transforms"                    [_thread_blocked, id=31852, stack(0x0000009d0b200000,0x0000009d0b300000) (1024K)]
  0x0000025aa2536ff0 JavaThread "jar transforms Thread 2"           [_thread_blocked, id=25952, stack(0x0000009d0b300000,0x0000009d0b400000) (1024K)]
  0x0000025aa2534f20 JavaThread "jar transforms Thread 3"           [_thread_blocked, id=32288, stack(0x0000009d0b400000,0x0000009d0b500000) (1024K)]
  0x0000025aa2537680 JavaThread "jar transforms Thread 4"           [_thread_blocked, id=2348, stack(0x0000009d0b500000,0x0000009d0b600000) (1024K)]
  0x0000025aa2535c40 JavaThread "jar transforms Thread 5"           [_thread_blocked, id=15168, stack(0x0000009d0b600000,0x0000009d0b700000) (1024K)]
  0x0000025aa2539de0 JavaThread "jar transforms Thread 6"           [_thread_blocked, id=33540, stack(0x0000009d0b700000,0x0000009d0b800000) (1024K)]
  0x0000025aa2538a30 JavaThread "jar transforms Thread 7"           [_thread_blocked, id=34008, stack(0x0000009d0b800000,0x0000009d0b900000) (1024K)]
  0x0000025aa25362d0 JavaThread "jar transforms Thread 8"           [_thread_blocked, id=31164, stack(0x0000009d0b900000,0x0000009d0ba00000) (1024K)]
  0x0000025aa2534890 JavaThread "Cache worker for file content cache (C:\Users\Romil\.gradle\caches\8.13\fileContent)"        [_thread_blocked, id=23832, stack(0x0000009d0bc00000,0x0000009d0bd00000) (1024K)]
  0x0000025aa509e010 JavaThread "Memory manager"                    [_thread_blocked, id=9140, stack(0x0000009d10200000,0x0000009d10300000) (1024K)]
  0x0000025ab4952d40 JavaThread "RMI Scheduler(0)"           daemon [_thread_blocked, id=12812, stack(0x0000009d12900000,0x0000009d12a00000) (1024K)]
  0x0000025ab4953a60 JavaThread "RMI TCP Accept-0"           daemon [_thread_in_native, id=31884, stack(0x0000009d12f00000,0x0000009d13000000) (1024K)]
  0x0000025ab49540f0 JavaThread "RMI TCP Accept-0"           daemon [_thread_in_native, id=12880, stack(0x0000009d13100000,0x0000009d13200000) (1024K)]
  0x0000025aae1aa5a0 JavaThread "pool-3-thread-1"                   [_thread_blocked, id=29160, stack(0x0000009d0d000000,0x0000009d0d100000) (1024K)]
  0x0000025ab667cff0 JavaThread "pool-2-thread-1"                   [_thread_blocked, id=23608, stack(0x0000009d10100000,0x0000009d10200000) (1024K)]
  0x0000025aaed867f0 JavaThread "pool-10-thread-1"                  [_thread_blocked, id=15748, stack(0x0000009d12e00000,0x0000009d12f00000) (1024K)]
  0x0000025abc1aa4c0 JavaThread "pool-14-thread-1"                  [_thread_blocked, id=15068, stack(0x0000009d12c00000,0x0000009d12d00000) (1024K)]
  0x0000025ab77a5700 JavaThread "Daemon Thread 4"                   [_thread_blocked, id=7196, stack(0x0000009d08300000,0x0000009d08400000) (1024K)]
  0x0000025ab4956ee0 JavaThread "Handler for socket connection from /127.0.0.1:56095 to /127.0.0.1:58589"        [_thread_in_native, id=33692, stack(0x0000009d0a200000,0x0000009d0a300000) (1024K)]
  0x0000025ab4957570 JavaThread "Cancel handler"                    [_thread_blocked, id=27340, stack(0x0000009d0a300000,0x0000009d0a400000) (1024K)]
  0x0000025ab49505e0 JavaThread "Daemon worker Thread 4"            [_thread_blocked, id=29988, stack(0x0000009d0a400000,0x0000009d0a500000) (1024K)]
  0x0000025aa4956070 JavaThread "Asynchronous log dispatcher for DefaultDaemonConnection: socket connection from /127.0.0.1:56095 to /127.0.0.1:58589"        [_thread_blocked, id=34532, stack(0x0000009d0a500000,0x0000009d0a600000) (1024K)]
  0x0000025aa4956700 JavaThread "Stdin handler"                     [_thread_blocked, id=32200, stack(0x0000009d0a600000,0x0000009d0a700000) (1024K)]
  0x0000025aa49587d0 JavaThread "Daemon client event forwarder"        [_thread_blocked, id=14740, stack(0x0000009d0a700000,0x0000009d0a800000) (1024K)]
  0x0000025ab77a5d90 JavaThread "Cache worker for file hash cache (D:\AApropelius work\react native\My-Grocery-app\Groceries-app\android\.gradle\8.13\fileHashes)"        [_thread_blocked, id=5168, stack(0x0000009d0a800000,0x0000009d0a900000) (1024K)]
  0x0000025ab77a7e60 JavaThread "Cache worker for Build Output Cleanup Cache (D:\AApropelius work\react native\My-Grocery-app\Groceries-app\android\.gradle\buildOutputCleanup)"        [_thread_blocked, id=32948, stack(0x0000009d0aa00000,0x0000009d0ab00000) (1024K)]
  0x0000025ab77a6420 JavaThread "Cache worker for checksums cache (D:\AApropelius work\react native\My-Grocery-app\Groceries-app\android\.gradle\8.13\checksums)"        [_thread_blocked, id=26396, stack(0x0000009d0ae00000,0x0000009d0af00000) (1024K)]
  0x0000025ab77a84f0 JavaThread "Cache worker for cache directory md-supplier (C:\Users\Romil\.gradle\caches\8.13\md-supplier)"        [_thread_blocked, id=19672, stack(0x0000009d0bd00000,0x0000009d0be00000) (1024K)]
  0x0000025ab77a6ab0 JavaThread "Cache worker for cache directory md-rule (C:\Users\Romil\.gradle\caches\8.13\md-rule)"        [_thread_blocked, id=28440, stack(0x0000009d0be00000,0x0000009d0bf00000) (1024K)]
  0x0000025ab77a7140 JavaThread "Cache worker for Build Output Cleanup Cache (D:\AApropelius work\react native\My-Grocery-app\Groceries-app\node_modules\@react-native\gradle-plugin\.gradle\buildOutputCleanup)"        [_thread_blocked, id=28872, stack(0x0000009d0bf00000,0x0000009d0c000000) (1024K)]
  0x0000025ab4957c00 JavaThread "Unconstrained build operations"        [_thread_blocked, id=16620, stack(0x0000009d0c000000,0x0000009d0c100000) (1024K)]
  0x0000025ab4951990 JavaThread "Unconstrained build operations Thread 2"        [_thread_blocked, id=31636, stack(0x0000009d0c100000,0x0000009d0c200000) (1024K)]
  0x0000025ab4950c70 JavaThread "Unconstrained build operations Thread 3"        [_thread_blocked, id=23860, stack(0x0000009d0c200000,0x0000009d0c300000) (1024K)]
  0x0000025ab495b080 JavaThread "Unconstrained build operations Thread 4"        [_thread_blocked, id=25328, stack(0x0000009d0c300000,0x0000009d0c400000) (1024K)]
  0x0000025aa4957420 JavaThread "Cache worker for Build Output Cleanup Cache (D:\AApropelius work\react native\My-Grocery-app\Groceries-app\node_modules\expo-modules-autolinking\android\expo-gradle-plugin\.gradle\buildOutputCleanup)"        [_thread_blocked, id=34596, stack(0x0000009d0c400000,0x0000009d0c500000) (1024K)]
  0x0000025ab5b6adf0 JavaThread "Unconstrained build operations Thread 5"        [_thread_blocked, id=7440, stack(0x0000009d0c500000,0x0000009d0c600000) (1024K)]
  0x0000025ab5b6c1a0 JavaThread "Unconstrained build operations Thread 6"        [_thread_blocked, id=33864, stack(0x0000009d0c600000,0x0000009d0c700000) (1024K)]
  0x0000025ab5b6cec0 JavaThread "Unconstrained build operations Thread 7"        [_thread_blocked, id=31912, stack(0x0000009d0c700000,0x0000009d0c800000) (1024K)]
  0x0000025ab5b6b480 JavaThread "Unconstrained build operations Thread 8"        [_thread_blocked, id=32728, stack(0x0000009d0c800000,0x0000009d0c900000) (1024K)]
  0x0000025ab5b6a0d0 JavaThread "Unconstrained build operations Thread 9"        [_thread_blocked, id=7004, stack(0x0000009d0c900000,0x0000009d0ca00000) (1024K)]
  0x0000025ab5b6bb10 JavaThread "Unconstrained build operations Thread 10"        [_thread_blocked, id=33224, stack(0x0000009d0ca00000,0x0000009d0cb00000) (1024K)]
  0x0000025ab5b6a760 JavaThread "Unconstrained build operations Thread 11"        [_thread_blocked, id=3980, stack(0x0000009d0cb00000,0x0000009d0cc00000) (1024K)]
  0x0000025ab5b6c830 JavaThread "Unconstrained build operations Thread 12"        [_thread_blocked, id=28212, stack(0x0000009d0cc00000,0x0000009d0cd00000) (1024K)]
  0x0000025ab5b69a40 JavaThread "Unconstrained build operations Thread 13"        [_thread_blocked, id=25836, stack(0x0000009d0cd00000,0x0000009d0ce00000) (1024K)]
  0x0000025ab7b7f540 JavaThread "Unconstrained build operations Thread 14"        [_thread_blocked, id=21080, stack(0x0000009d0ce00000,0x0000009d0cf00000) (1024K)]
  0x0000025ab7b7c0c0 JavaThread "Unconstrained build operations Thread 15"        [_thread_blocked, id=33036, stack(0x0000009d0cf00000,0x0000009d0d000000) (1024K)]
  0x0000025ab7b7c750 JavaThread "Unconstrained build operations Thread 16"        [_thread_blocked, id=32380, stack(0x0000009d0d100000,0x0000009d0d200000) (1024K)]
  0x0000025ab7b7e820 JavaThread "Unconstrained build operations Thread 17"        [_thread_blocked, id=31944, stack(0x0000009d0d200000,0x0000009d0d300000) (1024K)]
  0x0000025ab7b7cde0 JavaThread "Unconstrained build operations Thread 18"        [_thread_blocked, id=7056, stack(0x0000009d0d300000,0x0000009d0d400000) (1024K)]
  0x0000025ab7b7d470 JavaThread "build event listener"              [_thread_blocked, id=19268, stack(0x0000009d0d400000,0x0000009d0d500000) (1024K)]
  0x0000025ab773db90 JavaThread "Unconstrained build operations Thread 19"        [_thread_blocked, id=34796, stack(0x0000009d0d500000,0x0000009d0d600000) (1024K)]
  0x0000025ab7738640 JavaThread "Unconstrained build operations Thread 20"        [_thread_blocked, id=18040, stack(0x0000009d0d600000,0x0000009d0d700000) (1024K)]
  0x0000025ab773e8b0 JavaThread "Unconstrained build operations Thread 21"        [_thread_blocked, id=25096, stack(0x0000009d0d700000,0x0000009d0d800000) (1024K)]
  0x0000025ab77399f0 JavaThread "Unconstrained build operations Thread 22"        [_thread_blocked, id=2300, stack(0x0000009d0d800000,0x0000009d0d900000) (1024K)]
  0x0000025ab773ce70 JavaThread "Unconstrained build operations Thread 23"        [_thread_blocked, id=31900, stack(0x0000009d0d900000,0x0000009d0da00000) (1024K)]
  0x0000025ab773ef40 JavaThread "Unconstrained build operations Thread 24"        [_thread_blocked, id=2696, stack(0x0000009d0da00000,0x0000009d0db00000) (1024K)]
  0x0000025ab773b430 JavaThread "Unconstrained build operations Thread 25"        [_thread_blocked, id=17020, stack(0x0000009d0db00000,0x0000009d0dc00000) (1024K)]
  0x0000025ab773d500 JavaThread "Unconstrained build operations Thread 26"        [_thread_blocked, id=12384, stack(0x0000009d0dc00000,0x0000009d0dd00000) (1024K)]
  0x0000025ab773e220 JavaThread "Unconstrained build operations Thread 27"        [_thread_blocked, id=22452, stack(0x0000009d0dd00000,0x0000009d0de00000) (1024K)]
  0x0000025ab773bac0 JavaThread "Unconstrained build operations Thread 28"        [_thread_blocked, id=31168, stack(0x0000009d0de00000,0x0000009d0df00000) (1024K)]
  0x0000025ab773ada0 JavaThread "Unconstrained build operations Thread 29"        [_thread_blocked, id=11872, stack(0x0000009d0df00000,0x0000009d0e000000) (1024K)]
  0x0000025ab773fc60 JavaThread "Unconstrained build operations Thread 30"        [_thread_blocked, id=18652, stack(0x0000009d0e000000,0x0000009d0e100000) (1024K)]
  0x0000025abe0c6ae0 JavaThread "Unconstrained build operations Thread 31"        [_thread_blocked, id=8940, stack(0x0000009d0e100000,0x0000009d0e200000) (1024K)]
  0x0000025abe0c0f00 JavaThread "Unconstrained build operations Thread 32"        [_thread_blocked, id=26928, stack(0x0000009d0e200000,0x0000009d0e300000) (1024K)]
  0x0000025abe0c4380 JavaThread "build event listener"              [_thread_blocked, id=27028, stack(0x0000009d0e300000,0x0000009d0e400000) (1024K)]
  0x0000025ab7b7db00 JavaThread "Unconstrained build operations Thread 33"        [_thread_blocked, id=5916, stack(0x0000009d0e400000,0x0000009d0e500000) (1024K)]
  0x0000025ab7b7e190 JavaThread "Unconstrained build operations Thread 34"        [_thread_blocked, id=27736, stack(0x0000009d0e500000,0x0000009d0e600000) (1024K)]
  0x0000025ab7b7eeb0 JavaThread "Unconstrained build operations Thread 35"        [_thread_blocked, id=3388, stack(0x0000009d0e600000,0x0000009d0e700000) (1024K)]
  0x0000025aa2e731a0 JavaThread "Unconstrained build operations Thread 36"        [_thread_blocked, id=10304, stack(0x0000009d0e700000,0x0000009d0e800000) (1024K)]
  0x0000025aa2e72b10 JavaThread "Unconstrained build operations Thread 37"        [_thread_blocked, id=5964, stack(0x0000009d0e800000,0x0000009d0e900000) (1024K)]
  0x0000025aa2e73830 JavaThread "Unconstrained build operations Thread 38"        [_thread_blocked, id=32528, stack(0x0000009d0e900000,0x0000009d0ea00000) (1024K)]
  0x0000025aa2e73ec0 JavaThread "Unconstrained build operations Thread 39"        [_thread_blocked, id=29600, stack(0x0000009d0ea00000,0x0000009d0eb00000) (1024K)]
  0x0000025aa2e710d0 JavaThread "Unconstrained build operations Thread 40"        [_thread_blocked, id=12148, stack(0x0000009d0eb00000,0x0000009d0ec00000) (1024K)]
  0x0000025aa2e71760 JavaThread "Unconstrained build operations Thread 41"        [_thread_blocked, id=7112, stack(0x0000009d0ec00000,0x0000009d0ed00000) (1024K)]
  0x0000025ab42735d0 JavaThread "included builds"                   [_thread_blocked, id=33300, stack(0x0000009d0f400000,0x0000009d0f500000) (1024K)]
  0x0000025aa2e72480 JavaThread "Execution worker"                  [_thread_blocked, id=28344, stack(0x0000009d0f600000,0x0000009d0f700000) (1024K)]
  0x0000025ab7af8a70 JavaThread "Execution worker Thread 2"         [_thread_blocked, id=4872, stack(0x0000009d0f700000,0x0000009d0f800000) (1024K)]
  0x0000025ab7af9e20 JavaThread "Execution worker Thread 3"         [_thread_blocked, id=3704, stack(0x0000009d0f800000,0x0000009d0f900000) (1024K)]
  0x0000025ab7af9100 JavaThread "Execution worker Thread 4"         [_thread_blocked, id=32716, stack(0x0000009d0f900000,0x0000009d0fa00000) (1024K)]
  0x0000025ab7af9790 JavaThread "Execution worker Thread 5"         [_thread_blocked, id=27492, stack(0x0000009d0fa00000,0x0000009d0fb00000) (1024K)]
  0x0000025aa3120010 JavaThread "Execution worker Thread 6"         [_thread_in_vm, id=30404, stack(0x0000009d0fb00000,0x0000009d0fc00000) (1024K)]
  0x0000025abe0c7e90 JavaThread "Execution worker Thread 7"         [_thread_blocked, id=33136, stack(0x0000009d0fc00000,0x0000009d0fd00000) (1024K)]
  0x0000025abe3a8890 JavaThread "Cache worker for execution history cache (D:\AApropelius work\react native\My-Grocery-app\Groceries-app\node_modules\expo-modules-autolinking\android\expo-gradle-plugin\.gradle\8.13\executionHistory)"        [_thread_blocked, id=17328, stack(0x0000009d0fd00000,0x0000009d0fe00000) (1024K)]
  0x0000025abc1e8030 JavaThread "Cache worker for execution history cache (D:\AApropelius work\react native\My-Grocery-app\Groceries-app\node_modules\@react-native\gradle-plugin\.gradle\8.13\executionHistory)"        [_thread_blocked, id=16076, stack(0x0000009d0fe00000,0x0000009d0ff00000) (1024K)]
  0x0000025aa311ec60 JavaThread "Unconstrained build operations Thread 42"        [_thread_blocked, id=23396, stack(0x0000009d0ff00000,0x0000009d10000000) (1024K)]
  0x0000025abe3a5aa0 JavaThread "Unconstrained build operations Thread 43"        [_thread_blocked, id=11028, stack(0x0000009d10000000,0x0000009d10100000) (1024K)]
  0x0000025abe3aaff0 JavaThread "Unconstrained build operations Thread 44"        [_thread_blocked, id=30408, stack(0x0000009d10300000,0x0000009d10400000) (1024K)]
  0x0000025abe3a8f20 JavaThread "Unconstrained build operations Thread 45"        [_thread_blocked, id=29732, stack(0x0000009d10400000,0x0000009d10500000) (1024K)]
  0x0000025ab495c430 JavaThread "Unconstrained build operations Thread 46"        [_thread_blocked, id=24136, stack(0x0000009d10500000,0x0000009d10600000) (1024K)]
  0x0000025ab495b710 JavaThread "Unconstrained build operations Thread 47"        [_thread_blocked, id=25744, stack(0x0000009d10600000,0x0000009d10700000) (1024K)]
  0x0000025ab495de70 JavaThread "Unconstrained build operations Thread 48"        [_thread_blocked, id=2812, stack(0x0000009d10700000,0x0000009d10800000) (1024K)]
  0x0000025ab4958290 JavaThread "Unconstrained build operations Thread 49"        [_thread_blocked, id=22436, stack(0x0000009d10800000,0x0000009d10900000) (1024K)]
  0x0000025ab495bda0 JavaThread "Unconstrained build operations Thread 50"        [_thread_blocked, id=32128, stack(0x0000009d10900000,0x0000009d10a00000) (1024K)]
  0x0000025ab495e500 JavaThread "Unconstrained build operations Thread 51"        [_thread_blocked, id=15276, stack(0x0000009d10a00000,0x0000009d10b00000) (1024K)]
  0x0000025ab4958920 JavaThread "Unconstrained build operations Thread 52"        [_thread_blocked, id=23032, stack(0x0000009d10b00000,0x0000009d10c00000) (1024K)]
  0x0000025ab4273c60 JavaThread "Unconstrained build operations Thread 53"        [_thread_blocked, id=33952, stack(0x0000009d10c00000,0x0000009d10d00000) (1024K)]
  0x0000025ab4275010 JavaThread "Unconstrained build operations Thread 54"        [_thread_blocked, id=16912, stack(0x0000009d10d00000,0x0000009d10e00000) (1024K)]
  0x0000025ab42742f0 JavaThread "Unconstrained build operations Thread 55"        [_thread_blocked, id=6460, stack(0x0000009d10e00000,0x0000009d10f00000) (1024K)]
  0x0000025ab4958fb0 JavaThread "Unconstrained build operations Thread 56"        [_thread_blocked, id=34548, stack(0x0000009d10f00000,0x0000009d11000000) (1024K)]
  0x0000025ab4959640 JavaThread "Unconstrained build operations Thread 57"        [_thread_blocked, id=20200, stack(0x0000009d11000000,0x0000009d11100000) (1024K)]
  0x0000025ab4959cd0 JavaThread "Unconstrained build operations Thread 58"        [_thread_blocked, id=26976, stack(0x0000009d11100000,0x0000009d11200000) (1024K)]
  0x0000025ab495cac0 JavaThread "Unconstrained build operations Thread 59"        [_thread_blocked, id=33652, stack(0x0000009d11200000,0x0000009d11300000) (1024K)]
  0x0000025ab495d150 JavaThread "Unconstrained build operations Thread 60"        [_thread_blocked, id=8432, stack(0x0000009d11300000,0x0000009d11400000) (1024K)]
  0x0000025aa54e2500 JavaThread "Unconstrained build operations Thread 61"        [_thread_blocked, id=19792, stack(0x0000009d11400000,0x0000009d11500000) (1024K)]
  0x0000025aa54e4c60 JavaThread "Unconstrained build operations Thread 62"        [_thread_blocked, id=25560, stack(0x0000009d11500000,0x0000009d11600000) (1024K)]
  0x0000025abe0c5730 JavaThread "Unconstrained build operations Thread 63"        [_thread_blocked, id=16040, stack(0x0000009d11600000,0x0000009d11700000) (1024K)]
  0x0000025abe0c1590 JavaThread "Unconstrained build operations Thread 64"        [_thread_blocked, id=31256, stack(0x0000009d11700000,0x0000009d11800000) (1024K)]
  0x0000025ab4274980 JavaThread "Unconstrained build operations Thread 65"        [_thread_blocked, id=25192, stack(0x0000009d11800000,0x0000009d11900000) (1024K)]
  0x0000025abe0c7800 JavaThread "Unconstrained build operations Thread 66"        [_thread_blocked, id=21288, stack(0x0000009d11900000,0x0000009d11a00000) (1024K)]
  0x0000025aa311f980 JavaThread "Unconstrained build operations Thread 67"        [_thread_blocked, id=3232, stack(0x0000009d11a00000,0x0000009d11b00000) (1024K)]
  0x0000025aa311f2f0 JavaThread "Unconstrained build operations Thread 68"        [_thread_blocked, id=31748, stack(0x0000009d11b00000,0x0000009d11c00000) (1024K)]
  0x0000025abc182700 JavaThread "Unconstrained build operations Thread 69"        [_thread_blocked, id=34472, stack(0x0000009d11c00000,0x0000009d11d00000) (1024K)]
  0x0000025abc183420 JavaThread "Unconstrained build operations Thread 70"        [_thread_blocked, id=19032, stack(0x0000009d11d00000,0x0000009d11e00000) (1024K)]
  0x0000025abe0c4a10 JavaThread "Unconstrained build operations Thread 71"        [_thread_blocked, id=21656, stack(0x0000009d11e00000,0x0000009d11f00000) (1024K)]
  0x0000025abe0c2940 JavaThread "Unconstrained build operations Thread 72"        [_thread_blocked, id=27804, stack(0x0000009d11f00000,0x0000009d12000000) (1024K)]
  0x0000025ab4276a50 JavaThread "Unconstrained build operations Thread 73"        [_thread_blocked, id=20324, stack(0x0000009d12000000,0x0000009d12100000) (1024K)]
  0x0000025ab4275d30 JavaThread "Unconstrained build operations Thread 74"        [_thread_blocked, id=27180, stack(0x0000009d12100000,0x0000009d12200000) (1024K)]
  0x0000025abc6383f0 JavaThread "Unconstrained build operations Thread 75"        [_thread_blocked, id=11672, stack(0x0000009d12200000,0x0000009d12300000) (1024K)]
  0x0000025ab773a080 JavaThread "Unconstrained build operations Thread 76"        [_thread_blocked, id=32876, stack(0x0000009d12300000,0x0000009d12400000) (1024K)]
  0x0000025ab7738cd0 JavaThread "Unconstrained build operations Thread 77"        [_thread_blocked, id=31752, stack(0x0000009d12400000,0x0000009d12500000) (1024K)]
  0x0000025ab7739360 JavaThread "Unconstrained build operations Thread 78"        [_thread_blocked, id=12052, stack(0x0000009d12500000,0x0000009d12600000) (1024K)]
  0x0000025ab773a710 JavaThread "Unconstrained build operations Thread 79"        [_thread_blocked, id=33304, stack(0x0000009d12600000,0x0000009d12700000) (1024K)]
  0x0000025abcea1280 JavaThread "Unconstrained build operations Thread 80"        [_thread_blocked, id=21276, stack(0x0000009d12700000,0x0000009d12800000) (1024K)]
  0x0000025abc182070 JavaThread "Cache worker for Build Output Cleanup Cache (D:\AApropelius work\react native\My-Grocery-app\Groceries-app\node_modules\expo-modules-core\expo-module-gradle-plugin\.gradle\buildOutputCleanup)"        [_thread_blocked, id=19616, stack(0x0000009d12800000,0x0000009d12900000) (1024K)]
  0x0000025ab71e7100 JavaThread "Cache worker for execution history cache (D:\AApropelius work\react native\My-Grocery-app\Groceries-app\node_modules\expo-modules-core\expo-module-gradle-plugin\.gradle\8.13\executionHistory)"        [_thread_blocked, id=9660, stack(0x0000009d12b00000,0x0000009d12c00000) (1024K)]
  0x0000025abcf1f0b0 JavaThread "Problems report writer"            [_thread_blocked, id=15984, stack(0x0000009d12d00000,0x0000009d12e00000) (1024K)]
  0x0000025abcf1f740 JavaThread "build event listener"              [_thread_blocked, id=32816, stack(0x0000009d13000000,0x0000009d13100000) (1024K)]
  0x0000025abcf1fdd0 JavaThread "build event listener"              [_thread_blocked, id=24728, stack(0x0000009d13300000,0x0000009d13400000) (1024K)]
  0x0000025abe0c2fd0 JavaThread "pool-17-thread-1"                  [_thread_blocked, id=6716, stack(0x0000009d13700000,0x0000009d13800000) (1024K)]
  0x0000025abe0c3660 JavaThread "build event listener"              [_thread_blocked, id=18260, stack(0x0000009d13800000,0x0000009d13900000) (1024K)]
  0x0000025ab71e9860 JavaThread "Cache worker for execution history cache (D:\AApropelius work\react native\My-Grocery-app\Groceries-app\android\.gradle\8.13\executionHistory)"        [_thread_blocked, id=11852, stack(0x0000009d13900000,0x0000009d13a00000) (1024K)]
  0x0000025abe0c1c20 JavaThread "WorkerExecutor Queue Thread 2"        [_thread_blocked, id=33108, stack(0x0000009d13b00000,0x0000009d13c00000) (1024K)]
  0x0000025aa54e9490 JavaThread "Exec process Thread 19"            [_thread_in_native, id=24208, stack(0x0000009d13e00000,0x0000009d13f00000) (1024K)]
=>0x0000025aa54e45d0 JavaThread "WorkerExecutor Queue Thread 6"        [_thread_in_vm, id=7680, stack(0x0000009d15200000,0x0000009d15300000) (1024K)]
  0x0000025ab71ed370 JavaThread "WorkerExecutor Queue Thread 7"        [_thread_blocked, id=10128, stack(0x0000009d15300000,0x0000009d15400000) (1024K)]
  0x0000025ab71ecce0 JavaThread "Cache worker for Java compile cache (C:\Users\Romil\.gradle\caches\8.13\javaCompile)"        [_thread_blocked, id=27160, stack(0x0000009d15700000,0x0000009d15800000) (1024K)]
  0x0000025abd307960 JavaThread "RMI GC Daemon"              daemon [_thread_blocked, id=6232, stack(0x0000009d08500000,0x0000009d08600000) (1024K)]
  0x0000025aa4d46fe0 JavaThread "RMI TCP Accept-0"           daemon [_thread_in_native, id=34056, stack(0x0000009d13c00000,0x0000009d13d00000) (1024K)]
  0x0000025aa4d48a20 JavaThread "RMI Reaper"                        [_thread_blocked, id=29324, stack(0x0000009d15500000,0x0000009d15600000) (1024K)]
  0x0000025aa4d462c0 JavaThread "Build operations"                  [_thread_blocked, id=14604, stack(0x0000009d0ba00000,0x0000009d0bb00000) (1024K)]
  0x0000025abc1ae330 JavaThread "Build operations Thread 2"         [_thread_blocked, id=10116, stack(0x0000009d13f00000,0x0000009d14000000) (1024K)]
  0x0000025abc1b1120 JavaThread "Build operations Thread 3"         [_thread_blocked, id=27336, stack(0x0000009d14000000,0x0000009d14100000) (1024K)]
  0x0000025abc1ae9c0 JavaThread "Build operations Thread 4"         [_thread_blocked, id=32384, stack(0x0000009d14100000,0x0000009d14200000) (1024K)]
  0x0000025abc1b0a90 JavaThread "Build operations Thread 5"         [_thread_blocked, id=29928, stack(0x0000009d14200000,0x0000009d14300000) (1024K)]
  0x0000025abc1af050 JavaThread "Build operations Thread 6"         [_thread_blocked, id=31444, stack(0x0000009d14300000,0x0000009d14400000) (1024K)]
  0x0000025abc1af6e0 JavaThread "Build operations Thread 7"         [_thread_blocked, id=33328, stack(0x0000009d14400000,0x0000009d14500000) (1024K)]
  0x0000025ab7c5c330 JavaThread "Build operations Thread 8"         [_thread_blocked, id=34072, stack(0x0000009d0ef00000,0x0000009d0f000000) (1024K)]
  0x0000025abe5ba960 JavaThread "Exec process Thread 46"            [_thread_in_native, id=19752, stack(0x0000009d14c00000,0x0000009d14d00000) (1024K)]
  0x0000025ab7c5c9c0 JavaThread "Exec process Thread 51"            [_thread_in_native, id=32028, stack(0x0000009d15a00000,0x0000009d15b00000) (1024K)]
  0x0000025ab7c5a8f0 JavaThread "Exec process Thread 52"            [_thread_in_native, id=33112, stack(0x0000009d15b00000,0x0000009d15c00000) (1024K)]
  0x0000025ab5808480 JavaThread "WorkerExecutor Queue Thread 11"        [_thread_blocked, id=18596, stack(0x0000009d0f200000,0x0000009d0f300000) (1024K)]
  0x0000025ab5805000 JavaThread "Exec process Thread 57"            [_thread_in_native, id=34632, stack(0x0000009d0ee00000,0x0000009d0ef00000) (1024K)]
  0x0000025ab5807df0 JavaThread "Exec process Thread 58"            [_thread_in_native, id=32376, stack(0x0000009d13600000,0x0000009d13700000) (1024K)]
  0x0000025ac3a58f00 JavaThread "Exec process Thread 61"            [_thread_in_native, id=32044, stack(0x0000009d14b00000,0x0000009d14c00000) (1024K)]
  0x0000025ab7c5af80 JavaThread "Exec process Thread 63"            [_thread_blocked, id=30652, stack(0x0000009d15000000,0x0000009d15100000) (1024K)]
  0x0000025ab7c5a260 JavaThread "Exec process Thread 64"            [_thread_in_native, id=16540, stack(0x0000009d15400000,0x0000009d15500000) (1024K)]
  0x0000025ab76123e0 JavaThread "WorkerExecutor Queue Thread 13"        [_thread_in_vm, id=25064, stack(0x0000009d13a00000,0x0000009d13b00000) (1024K)]
  0x0000025ac3a56e30 JavaThread "WorkerExecutor Queue Thread 14"        [_thread_in_vm, id=28480, stack(0x0000009d0af00000,0x0000009d0b000000) (1024K)]
  0x0000025abc1a7040 JavaThread "WorkerExecutor Queue Thread 15"        [_thread_blocked, id=26512, stack(0x0000009d0bb00000,0x0000009d0bc00000) (1024K)]
  0x0000025ac3a55a80 JavaThread "WorkerExecutor Queue Thread 16"        [_thread_blocked, id=10508, stack(0x0000009d0f100000,0x0000009d0f200000) (1024K)]
  0x0000025abd308680 JavaThread "RMI RenewClean-[127.0.0.1:17414,org.jetbrains.kotlin.daemon.common.LoopbackNetworkInterface$ClientLoopbackSocketFactory@65d0f21d]" daemon [_thread_blocked, id=33256, stack(0x0000009d0f300000,0x0000009d0f400000) (1024K)]
  0x0000025ab71e91d0 JavaThread "Periodic tasks thread"      daemon [_thread_blocked, id=1068, stack(0x0000009d0f000000,0x0000009d0f100000) (1024K)]
  0x0000025ab71e9ef0 JavaThread "ApplicationImpl pooled thread 1"        [_thread_blocked, id=30756, stack(0x0000009d12a00000,0x0000009d12b00000) (1024K)]
  0x0000025ac3537e30 JavaThread "Java2D Disposer"            daemon [_thread_blocked, id=32536, stack(0x0000009d14e00000,0x0000009d14f00000) (1024K)]
  0x0000025ab71e8b40 JavaThread "AWT-Windows"                daemon [_thread_in_native, id=15548, stack(0x0000009d15600000,0x0000009d15700000) (1024K)]
  0x0000025ab668a880 JavaThread "ApplicationImpl pooled thread 2"        [_thread_blocked, id=32488, stack(0x0000009d13200000,0x0000009d13300000) (1024K)]
  0x0000025ab71f1510 JavaThread "RMI TCP Connection(idle)"   daemon [_thread_blocked, id=30400, stack(0x0000009d08400000,0x0000009d08500000) (1024K)]
  0x0000025ab7c5d050 JavaThread "RMI TCP Connection(idle)"   daemon [_thread_blocked, id=14288, stack(0x0000009d0f500000,0x0000009d0f600000) (1024K)]
  0x0000025ab668dd00 JavaThread "RMI TCP Connection(idle)"   daemon [_thread_blocked, id=34120, stack(0x0000009d13500000,0x0000009d13600000) (1024K)]
  0x0000025abe5ba2d0 JavaThread "RMI TCP Connection(idle)"   daemon [_thread_blocked, id=33680, stack(0x0000009d13d00000,0x0000009d13e00000) (1024K)]
  0x0000025accb89f80 JavaThread "ForkJoinPool.commonPool-worker-48" daemon [_thread_blocked, id=4072, stack(0x0000009d14500000,0x0000009d14600000) (1024K)]
  0x0000025ab71f0160 JavaThread "Exec process Thread 69"            [_thread_blocked, id=33996, stack(0x0000009d14700000,0x0000009d14800000) (1024K)]
  0x0000025ab668f0b0 JavaThread "Exec process Thread 70"            [_thread_blocked, id=31776, stack(0x0000009d14900000,0x0000009d14a00000) (1024K)]
  0x0000025ab6688e40 JavaThread "Exec process Thread 71"            [_thread_blocked, id=30000, stack(0x0000009d14a00000,0x0000009d14b00000) (1024K)]
  0x0000025ab668a1f0 JavaThread "Exec process Thread 72"            [_thread_blocked, id=8324, stack(0x0000009d14d00000,0x0000009d14e00000) (1024K)]
Total: 194

Other Threads:
  0x0000025a9d02d260 VMThread "VM Thread"                           [id=32760, stack(0x0000009d08d00000,0x0000009d08e00000) (1024K)] _threads_hazard_ptr=0x0000025ab7caa620
  0x0000025a98bb6710 WatcherThread "VM Periodic Task Thread"        [id=30864, stack(0x0000009d08c00000,0x0000009d08d00000) (1024K)]
  0x0000025affb36000 WorkerThread "GC Thread#0"                     [id=19844, stack(0x0000009d08700000,0x0000009d08800000) (1024K)]
  0x0000025a9d3bccd0 WorkerThread "GC Thread#1"                     [id=24724, stack(0x0000009d09900000,0x0000009d09a00000) (1024K)]
  0x0000025a9d826450 WorkerThread "GC Thread#2"                     [id=6556, stack(0x0000009d09a00000,0x0000009d09b00000) (1024K)]
  0x0000025a9dd582c0 WorkerThread "GC Thread#3"                     [id=19784, stack(0x0000009d09b00000,0x0000009d09c00000) (1024K)]
  0x0000025a9df25880 WorkerThread "GC Thread#4"                     [id=17984, stack(0x0000009d09c00000,0x0000009d09d00000) (1024K)]
  0x0000025a9d5437d0 WorkerThread "GC Thread#5"                     [id=20216, stack(0x0000009d09d00000,0x0000009d09e00000) (1024K)]
  0x0000025a9d543b70 WorkerThread "GC Thread#6"                     [id=25704, stack(0x0000009d09e00000,0x0000009d09f00000) (1024K)]
  0x0000025a9d543f10 WorkerThread "GC Thread#7"                     [id=26816, stack(0x0000009d09f00000,0x0000009d0a000000) (1024K)]
  0x0000025affb47150 ConcurrentGCThread "G1 Main Marker"            [id=18224, stack(0x0000009d08800000,0x0000009d08900000) (1024K)]
  0x0000025affb48460 WorkerThread "G1 Conc#0"                       [id=18112, stack(0x0000009d08900000,0x0000009d08a00000) (1024K)]
  0x0000025a9ebc8740 WorkerThread "G1 Conc#1"                       [id=28564, stack(0x0000009d0a900000,0x0000009d0aa00000) (1024K)]
  0x0000025affb9e330 ConcurrentGCThread "G1 Refine#0"               [id=13860, stack(0x0000009d08a00000,0x0000009d08b00000) (1024K)]
  0x0000025ab5f867e0 ConcurrentGCThread "G1 Refine#1"               [id=32328, stack(0x0000009d13400000,0x0000009d13500000) (1024K)]
  0x0000025aa262d860 ConcurrentGCThread "G1 Refine#2"               [id=11040, stack(0x0000009d14800000,0x0000009d14900000) (1024K)]
  0x0000025a98a6d020 ConcurrentGCThread "G1 Service"                [id=31552, stack(0x0000009d08b00000,0x0000009d08c00000) (1024K)]
Total: 17

Threads with active compile tasks:
C1 CompilerThread0  5728417 89224       3       com.android.tools.r8.internal.uZ$$Lambda/0x0000000103643c40::apply (16 bytes)
Total: 1

VM state: synchronizing (normal execution)

VM Mutex/Monitor currently owned by a thread:  ([mutex/lock_event])
[0x00007fff06ebc1a0] Metaspace_lock - owner thread: 0x0000025aa54e45d0
[0x00007fff06ebe3a0] Threads_lock - owner thread: 0x0000025a9d02d260

Heap address: 0x0000000080000000, size: 2048 MB, Compressed Oops mode: 32-bit

CDS archive(s) not mapped
Compressed class space mapped at: 0x0000000100000000-0x000000011a000000, reserved size: 436207616
Narrow klass base: 0x0000000000000000, Narrow klass shift: 3, Narrow klass range: 0x11a000000

GC Precious Log:
 CardTable entry size: 512
 Card Set container configuration: InlinePtr #cards 5 size 8 Array Of Cards #cards 12 size 40 Howl #buckets 4 coarsen threshold 1843 Howl Bitmap #cards 512 size 80 coarsen threshold 460 Card regions per heap region 1 cards per card region 2048
 CPUs: 8 total, 8 available
 Memory: 7975M
 Large Page Support: Disabled
 NUMA Support: Disabled
 Compressed Oops: Enabled (32-bit)
 Heap Region Size: 1M
 Heap Min Capacity: 8M
 Heap Initial Capacity: 126M
 Heap Max Capacity: 2G
 Pre-touch: Disabled
 Parallel Workers: 8
 Concurrent Workers: 2
 Concurrent Refinement Workers: 8
 Periodic GC: Disabled

Heap:
 garbage-first heap   total 1848320K, used 1652736K [0x0000000080000000, 0x0000000100000000)
  region size 1024K, 957 young (979968K), 8 survivors (8192K)
 Metaspace       used 455995K, committed 459776K, reserved 884736K
  class space    used 54369K, committed 56192K, reserved 425984K

Heap Regions: E=young(eden), S=young(survivor), O=old, HS=humongous(starts), HC=humongous(continues), CS=collection set, F=free, TAMS=top-at-mark-start, PB=parsable bottom
|   0|0x0000000080000000, 0x0000000080100000, 0x0000000080100000|100%|HS|  |TAMS 0x0000000080000000| PB 0x0000000080000000| Complete 
|   1|0x0000000080100000, 0x0000000080200000, 0x0000000080200000|100%|HC|  |TAMS 0x0000000080100000| PB 0x0000000080100000| Complete 
|   2|0x0000000080200000, 0x0000000080300000, 0x0000000080300000|100%|HC|  |TAMS 0x0000000080200000| PB 0x0000000080200000| Complete 
|   3|0x0000000080300000, 0x0000000080400000, 0x0000000080400000|100%| O|  |TAMS 0x0000000080300000| PB 0x0000000080300000| Untracked 
|   4|0x0000000080400000, 0x0000000080500000, 0x0000000080500000|100%| O|  |TAMS 0x0000000080400000| PB 0x0000000080400000| Untracked 
|   5|0x0000000080500000, 0x0000000080600000, 0x0000000080600000|100%| O|  |TAMS 0x0000000080500000| PB 0x0000000080500000| Untracked 
|   6|0x0000000080600000, 0x0000000080700000, 0x0000000080700000|100%|HS|  |TAMS 0x0000000080600000| PB 0x0000000080600000| Complete 
|   7|0x0000000080700000, 0x0000000080800000, 0x0000000080800000|100%| O|  |TAMS 0x0000000080700000| PB 0x0000000080700000| Untracked 
|   8|0x0000000080800000, 0x0000000080900000, 0x0000000080900000|100%| O|  |TAMS 0x0000000080800000| PB 0x0000000080800000| Untracked 
|   9|0x0000000080900000, 0x0000000080a00000, 0x0000000080a00000|100%| O|  |TAMS 0x0000000080900000| PB 0x0000000080900000| Untracked 
|  10|0x0000000080a00000, 0x0000000080b00000, 0x0000000080b00000|100%| O|  |TAMS 0x0000000080a00000| PB 0x0000000080a00000| Untracked 
|  11|0x0000000080b00000, 0x0000000080c00000, 0x0000000080c00000|100%| O|  |TAMS 0x0000000080b00000| PB 0x0000000080b00000| Untracked 
|  12|0x0000000080c00000, 0x0000000080d00000, 0x0000000080d00000|100%| O|  |TAMS 0x0000000080c00000| PB 0x0000000080c00000| Untracked 
|  13|0x0000000080d00000, 0x0000000080e00000, 0x0000000080e00000|100%| O|  |TAMS 0x0000000080d00000| PB 0x0000000080d00000| Untracked 
|  14|0x0000000080e00000, 0x0000000080f00000, 0x0000000080f00000|100%| O|  |TAMS 0x0000000080e00000| PB 0x0000000080e00000| Untracked 
|  15|0x0000000080f00000, 0x0000000081000000, 0x0000000081000000|100%| O|  |TAMS 0x0000000080f00000| PB 0x0000000080f00000| Untracked 
|  16|0x0000000081000000, 0x0000000081100000, 0x0000000081100000|100%| O|  |TAMS 0x0000000081000000| PB 0x0000000081000000| Untracked 
|  17|0x0000000081100000, 0x0000000081200000, 0x0000000081200000|100%| O|  |TAMS 0x0000000081100000| PB 0x0000000081100000| Untracked 
|  18|0x0000000081200000, 0x0000000081300000, 0x0000000081300000|100%| O|  |TAMS 0x0000000081200000| PB 0x0000000081200000| Untracked 
|  19|0x0000000081300000, 0x0000000081400000, 0x0000000081400000|100%| O|  |TAMS 0x0000000081300000| PB 0x0000000081300000| Untracked 
|  20|0x0000000081400000, 0x0000000081500000, 0x0000000081500000|100%| O|  |TAMS 0x0000000081400000| PB 0x0000000081400000| Untracked 
|  21|0x0000000081500000, 0x0000000081600000, 0x0000000081600000|100%| O|  |TAMS 0x0000000081500000| PB 0x0000000081500000| Untracked 
|  22|0x0000000081600000, 0x0000000081700000, 0x0000000081700000|100%| O|  |TAMS 0x0000000081600000| PB 0x0000000081600000| Untracked 
|  23|0x0000000081700000, 0x0000000081800000, 0x0000000081800000|100%|HS|  |TAMS 0x0000000081700000| PB 0x0000000081700000| Complete 
|  24|0x0000000081800000, 0x0000000081900000, 0x0000000081900000|100%|HC|  |TAMS 0x0000000081800000| PB 0x0000000081800000| Complete 
|  25|0x0000000081900000, 0x0000000081a00000, 0x0000000081a00000|100%|HC|  |TAMS 0x0000000081900000| PB 0x0000000081900000| Complete 
|  26|0x0000000081a00000, 0x0000000081b00000, 0x0000000081b00000|100%|HC|  |TAMS 0x0000000081a00000| PB 0x0000000081a00000| Complete 
|  27|0x0000000081b00000, 0x0000000081c00000, 0x0000000081c00000|100%|HC|  |TAMS 0x0000000081b00000| PB 0x0000000081b00000| Complete 
|  28|0x0000000081c00000, 0x0000000081d00000, 0x0000000081d00000|100%|HC|  |TAMS 0x0000000081c00000| PB 0x0000000081c00000| Complete 
|  29|0x0000000081d00000, 0x0000000081e00000, 0x0000000081e00000|100%|HS|  |TAMS 0x0000000081d00000| PB 0x0000000081d00000| Complete 
|  30|0x0000000081e00000, 0x0000000081f00000, 0x0000000081f00000|100%|HC|  |TAMS 0x0000000081e00000| PB 0x0000000081e00000| Complete 
|  31|0x0000000081f00000, 0x0000000082000000, 0x0000000082000000|100%|HC|  |TAMS 0x0000000081f00000| PB 0x0000000081f00000| Complete 
|  32|0x0000000082000000, 0x0000000082100000, 0x0000000082100000|100%|HC|  |TAMS 0x0000000082000000| PB 0x0000000082000000| Complete 
|  33|0x0000000082100000, 0x0000000082200000, 0x0000000082200000|100%|HS|  |TAMS 0x0000000082100000| PB 0x0000000082100000| Complete 
|  34|0x0000000082200000, 0x0000000082300000, 0x0000000082300000|100%|HC|  |TAMS 0x0000000082200000| PB 0x0000000082200000| Complete 
|  35|0x0000000082300000, 0x0000000082400000, 0x0000000082400000|100%|HS|  |TAMS 0x0000000082300000| PB 0x0000000082300000| Complete 
|  36|0x0000000082400000, 0x0000000082500000, 0x0000000082500000|100%| O|  |TAMS 0x0000000082400000| PB 0x0000000082400000| Untracked 
|  37|0x0000000082500000, 0x0000000082600000, 0x0000000082600000|100%| O|  |TAMS 0x0000000082500000| PB 0x0000000082500000| Untracked 
|  38|0x0000000082600000, 0x0000000082700000, 0x0000000082700000|100%| O|  |TAMS 0x0000000082600000| PB 0x0000000082600000| Untracked 
|  39|0x0000000082700000, 0x0000000082800000, 0x0000000082800000|100%| O|  |TAMS 0x0000000082700000| PB 0x0000000082700000| Untracked 
|  40|0x0000000082800000, 0x0000000082900000, 0x0000000082900000|100%| O|  |TAMS 0x0000000082800000| PB 0x0000000082800000| Untracked 
|  41|0x0000000082900000, 0x0000000082a00000, 0x0000000082a00000|100%| O|  |TAMS 0x0000000082900000| PB 0x0000000082900000| Untracked 
|  42|0x0000000082a00000, 0x0000000082b00000, 0x0000000082b00000|100%| O|  |TAMS 0x0000000082a00000| PB 0x0000000082a00000| Untracked 
|  43|0x0000000082b00000, 0x0000000082c00000, 0x0000000082c00000|100%| O|  |TAMS 0x0000000082b00000| PB 0x0000000082b00000| Untracked 
|  44|0x0000000082c00000, 0x0000000082d00000, 0x0000000082d00000|100%| O|  |TAMS 0x0000000082c00000| PB 0x0000000082c00000| Untracked 
|  45|0x0000000082d00000, 0x0000000082e00000, 0x0000000082e00000|100%| O|  |TAMS 0x0000000082d00000| PB 0x0000000082d00000| Untracked 
|  46|0x0000000082e00000, 0x0000000082f00000, 0x0000000082f00000|100%| O|  |TAMS 0x0000000082e00000| PB 0x0000000082e00000| Untracked 
|  47|0x0000000082f00000, 0x0000000083000000, 0x0000000083000000|100%| O|  |TAMS 0x0000000082f00000| PB 0x0000000082f00000| Untracked 
|  48|0x0000000083000000, 0x0000000083100000, 0x0000000083100000|100%| O|  |TAMS 0x0000000083000000| PB 0x0000000083000000| Untracked 
|  49|0x0000000083100000, 0x0000000083200000, 0x0000000083200000|100%| O|  |TAMS 0x0000000083100000| PB 0x0000000083100000| Untracked 
|  50|0x0000000083200000, 0x0000000083300000, 0x0000000083300000|100%| O|  |TAMS 0x0000000083200000| PB 0x0000000083200000| Untracked 
|  51|0x0000000083300000, 0x0000000083400000, 0x0000000083400000|100%| O|  |TAMS 0x0000000083300000| PB 0x0000000083300000| Untracked 
|  52|0x0000000083400000, 0x0000000083500000, 0x0000000083500000|100%| O|  |TAMS 0x0000000083400000| PB 0x0000000083400000| Untracked 
|  53|0x0000000083500000, 0x0000000083600000, 0x0000000083600000|100%| O|  |TAMS 0x0000000083500000| PB 0x0000000083500000| Untracked 
|  54|0x0000000083600000, 0x0000000083700000, 0x0000000083700000|100%| O|  |TAMS 0x0000000083600000| PB 0x0000000083600000| Untracked 
|  55|0x0000000083700000, 0x0000000083800000, 0x0000000083800000|100%| O|  |TAMS 0x0000000083700000| PB 0x0000000083700000| Untracked 
|  56|0x0000000083800000, 0x0000000083900000, 0x0000000083900000|100%| O|  |TAMS 0x0000000083800000| PB 0x0000000083800000| Untracked 
|  57|0x0000000083900000, 0x0000000083a00000, 0x0000000083a00000|100%| O|  |TAMS 0x0000000083900000| PB 0x0000000083900000| Untracked 
|  58|0x0000000083a00000, 0x0000000083b00000, 0x0000000083b00000|100%| O|  |TAMS 0x0000000083a00000| PB 0x0000000083a00000| Untracked 
|  59|0x0000000083b00000, 0x0000000083c00000, 0x0000000083c00000|100%| O|  |TAMS 0x0000000083b00000| PB 0x0000000083b00000| Untracked 
|  60|0x0000000083c00000, 0x0000000083d00000, 0x0000000083d00000|100%| O|  |TAMS 0x0000000083c00000| PB 0x0000000083c00000| Untracked 
|  61|0x0000000083d00000, 0x0000000083e00000, 0x0000000083e00000|100%| O|  |TAMS 0x0000000083d00000| PB 0x0000000083d00000| Untracked 
|  62|0x0000000083e00000, 0x0000000083f00000, 0x0000000083f00000|100%| O|  |TAMS 0x0000000083e00000| PB 0x0000000083e00000| Untracked 
|  63|0x0000000083f00000, 0x0000000084000000, 0x0000000084000000|100%| O|  |TAMS 0x0000000083f00000| PB 0x0000000083f00000| Untracked 
|  64|0x0000000084000000, 0x0000000084100000, 0x0000000084100000|100%| O|  |TAMS 0x0000000084000000| PB 0x0000000084000000| Untracked 
|  65|0x0000000084100000, 0x0000000084200000, 0x0000000084200000|100%| O|  |TAMS 0x0000000084100000| PB 0x0000000084100000| Untracked 
|  66|0x0000000084200000, 0x0000000084300000, 0x0000000084300000|100%| O|  |TAMS 0x0000000084200000| PB 0x0000000084200000| Untracked 
|  67|0x0000000084300000, 0x0000000084400000, 0x0000000084400000|100%| O|  |TAMS 0x0000000084300000| PB 0x0000000084300000| Untracked 
|  68|0x0000000084400000, 0x0000000084500000, 0x0000000084500000|100%| O|  |TAMS 0x0000000084400000| PB 0x0000000084400000| Untracked 
|  69|0x0000000084500000, 0x0000000084600000, 0x0000000084600000|100%| O|  |TAMS 0x0000000084500000| PB 0x0000000084500000| Untracked 
|  70|0x0000000084600000, 0x0000000084700000, 0x0000000084700000|100%| O|  |TAMS 0x0000000084600000| PB 0x0000000084600000| Untracked 
|  71|0x0000000084700000, 0x0000000084800000, 0x0000000084800000|100%| O|  |TAMS 0x0000000084700000| PB 0x0000000084700000| Untracked 
|  72|0x0000000084800000, 0x0000000084900000, 0x0000000084900000|100%| O|  |TAMS 0x0000000084800000| PB 0x0000000084800000| Untracked 
|  73|0x0000000084900000, 0x0000000084a00000, 0x0000000084a00000|100%|HS|  |TAMS 0x0000000084900000| PB 0x0000000084900000| Complete 
|  74|0x0000000084a00000, 0x0000000084b00000, 0x0000000084b00000|100%|HC|  |TAMS 0x0000000084a00000| PB 0x0000000084a00000| Complete 
|  75|0x0000000084b00000, 0x0000000084c00000, 0x0000000084c00000|100%| O|  |TAMS 0x0000000084b00000| PB 0x0000000084b00000| Untracked 
|  76|0x0000000084c00000, 0x0000000084d00000, 0x0000000084d00000|100%| O|  |TAMS 0x0000000084c00000| PB 0x0000000084c00000| Untracked 
|  77|0x0000000084d00000, 0x0000000084e00000, 0x0000000084e00000|100%| O|  |TAMS 0x0000000084d00000| PB 0x0000000084d00000| Untracked 
|  78|0x0000000084e00000, 0x0000000084f00000, 0x0000000084f00000|100%| O|  |TAMS 0x0000000084e00000| PB 0x0000000084e00000| Untracked 
|  79|0x0000000084f00000, 0x0000000085000000, 0x0000000085000000|100%| O|  |TAMS 0x0000000084f00000| PB 0x0000000084f00000| Untracked 
|  80|0x0000000085000000, 0x0000000085100000, 0x0000000085100000|100%|HS|  |TAMS 0x0000000085000000| PB 0x0000000085000000| Complete 
|  81|0x0000000085100000, 0x0000000085200000, 0x0000000085200000|100%| O|  |TAMS 0x0000000085100000| PB 0x0000000085100000| Untracked 
|  82|0x0000000085200000, 0x0000000085300000, 0x0000000085300000|100%| O|  |TAMS 0x0000000085200000| PB 0x0000000085200000| Untracked 
|  83|0x0000000085300000, 0x0000000085400000, 0x0000000085400000|100%| O|  |TAMS 0x0000000085300000| PB 0x0000000085300000| Untracked 
|  84|0x0000000085400000, 0x0000000085500000, 0x0000000085500000|100%| O|  |TAMS 0x0000000085400000| PB 0x0000000085400000| Untracked 
|  85|0x0000000085500000, 0x0000000085600000, 0x0000000085600000|100%| O|  |TAMS 0x0000000085500000| PB 0x0000000085500000| Untracked 
|  86|0x0000000085600000, 0x0000000085700000, 0x0000000085700000|100%| O|  |TAMS 0x0000000085600000| PB 0x0000000085600000| Untracked 
|  87|0x0000000085700000, 0x0000000085800000, 0x0000000085800000|100%| O|  |TAMS 0x0000000085700000| PB 0x0000000085700000| Untracked 
|  88|0x0000000085800000, 0x0000000085900000, 0x0000000085900000|100%| O|  |TAMS 0x0000000085800000| PB 0x0000000085800000| Untracked 
|  89|0x0000000085900000, 0x0000000085a00000, 0x0000000085a00000|100%| O|  |TAMS 0x0000000085900000| PB 0x0000000085900000| Untracked 
|  90|0x0000000085a00000, 0x0000000085b00000, 0x0000000085b00000|100%| O|  |TAMS 0x0000000085a00000| PB 0x0000000085a00000| Untracked 
|  91|0x0000000085b00000, 0x0000000085c00000, 0x0000000085c00000|100%| O|  |TAMS 0x0000000085b00000| PB 0x0000000085b00000| Untracked 
|  92|0x0000000085c00000, 0x0000000085d00000, 0x0000000085d00000|100%| O|  |TAMS 0x0000000085c00000| PB 0x0000000085c00000| Untracked 
|  93|0x0000000085d00000, 0x0000000085e00000, 0x0000000085e00000|100%| O|  |TAMS 0x0000000085d00000| PB 0x0000000085d00000| Untracked 
|  94|0x0000000085e00000, 0x0000000085f00000, 0x0000000085f00000|100%| O|  |TAMS 0x0000000085e00000| PB 0x0000000085e00000| Untracked 
|  95|0x0000000085f00000, 0x0000000086000000, 0x0000000086000000|100%| O|  |TAMS 0x0000000085f00000| PB 0x0000000085f00000| Untracked 
|  96|0x0000000086000000, 0x0000000086100000, 0x0000000086100000|100%| O|  |TAMS 0x0000000086000000| PB 0x0000000086000000| Untracked 
|  97|0x0000000086100000, 0x0000000086200000, 0x0000000086200000|100%| O|  |TAMS 0x0000000086100000| PB 0x0000000086100000| Untracked 
|  98|0x0000000086200000, 0x0000000086300000, 0x0000000086300000|100%| O|  |TAMS 0x0000000086200000| PB 0x0000000086200000| Untracked 
|  99|0x0000000086300000, 0x0000000086400000, 0x0000000086400000|100%| O|  |TAMS 0x0000000086300000| PB 0x0000000086300000| Untracked 
| 100|0x0000000086400000, 0x0000000086500000, 0x0000000086500000|100%| O|  |TAMS 0x0000000086400000| PB 0x0000000086400000| Untracked 
| 101|0x0000000086500000, 0x0000000086600000, 0x0000000086600000|100%| O|  |TAMS 0x0000000086500000| PB 0x0000000086500000| Untracked 
| 102|0x0000000086600000, 0x0000000086700000, 0x0000000086700000|100%| O|  |TAMS 0x0000000086600000| PB 0x0000000086600000| Untracked 
| 103|0x0000000086700000, 0x0000000086800000, 0x0000000086800000|100%| O|Cm|TAMS 0x0000000086700000| PB 0x0000000086700000| Complete 
| 104|0x0000000086800000, 0x0000000086900000, 0x0000000086900000|100%| O|  |TAMS 0x0000000086800000| PB 0x0000000086800000| Untracked 
| 105|0x0000000086900000, 0x0000000086a00000, 0x0000000086a00000|100%| O|  |TAMS 0x0000000086900000| PB 0x0000000086900000| Untracked 
| 106|0x0000000086a00000, 0x0000000086b00000, 0x0000000086b00000|100%| O|  |TAMS 0x0000000086a00000| PB 0x0000000086a00000| Untracked 
| 107|0x0000000086b00000, 0x0000000086c00000, 0x0000000086c00000|100%| O|  |TAMS 0x0000000086b00000| PB 0x0000000086b00000| Untracked 
| 108|0x0000000086c00000, 0x0000000086d00000, 0x0000000086d00000|100%| O|  |TAMS 0x0000000086c00000| PB 0x0000000086c00000| Untracked 
| 109|0x0000000086d00000, 0x0000000086e00000, 0x0000000086e00000|100%| O|  |TAMS 0x0000000086d00000| PB 0x0000000086d00000| Untracked 
| 110|0x0000000086e00000, 0x0000000086f00000, 0x0000000086f00000|100%| O|  |TAMS 0x0000000086e00000| PB 0x0000000086e00000| Untracked 
| 111|0x0000000086f00000, 0x0000000087000000, 0x0000000087000000|100%| O|  |TAMS 0x0000000086f00000| PB 0x0000000086f00000| Untracked 
| 112|0x0000000087000000, 0x0000000087100000, 0x0000000087100000|100%| O|  |TAMS 0x0000000087000000| PB 0x0000000087000000| Untracked 
| 113|0x0000000087100000, 0x0000000087200000, 0x0000000087200000|100%| O|  |TAMS 0x0000000087100000| PB 0x0000000087100000| Untracked 
| 114|0x0000000087200000, 0x0000000087300000, 0x0000000087300000|100%| O|  |TAMS 0x0000000087200000| PB 0x0000000087200000| Untracked 
| 115|0x0000000087300000, 0x0000000087400000, 0x0000000087400000|100%| O|  |TAMS 0x0000000087300000| PB 0x0000000087300000| Untracked 
| 116|0x0000000087400000, 0x0000000087500000, 0x0000000087500000|100%| O|  |TAMS 0x0000000087400000| PB 0x0000000087400000| Untracked 
| 117|0x0000000087500000, 0x0000000087600000, 0x0000000087600000|100%| O|  |TAMS 0x0000000087500000| PB 0x0000000087500000| Untracked 
| 118|0x0000000087600000, 0x0000000087700000, 0x0000000087700000|100%| O|  |TAMS 0x0000000087600000| PB 0x0000000087600000| Untracked 
| 119|0x0000000087700000, 0x0000000087800000, 0x0000000087800000|100%| O|  |TAMS 0x0000000087700000| PB 0x0000000087700000| Untracked 
| 120|0x0000000087800000, 0x0000000087900000, 0x0000000087900000|100%| O|  |TAMS 0x0000000087800000| PB 0x0000000087800000| Untracked 
| 121|0x0000000087900000, 0x0000000087a00000, 0x0000000087a00000|100%| O|  |TAMS 0x0000000087900000| PB 0x0000000087900000| Untracked 
| 122|0x0000000087a00000, 0x0000000087b00000, 0x0000000087b00000|100%| O|  |TAMS 0x0000000087a00000| PB 0x0000000087a00000| Untracked 
| 123|0x0000000087b00000, 0x0000000087c00000, 0x0000000087c00000|100%| O|  |TAMS 0x0000000087b00000| PB 0x0000000087b00000| Untracked 
| 124|0x0000000087c00000, 0x0000000087d00000, 0x0000000087d00000|100%| O|  |TAMS 0x0000000087c00000| PB 0x0000000087c00000| Untracked 
| 125|0x0000000087d00000, 0x0000000087e00000, 0x0000000087e00000|100%| O|  |TAMS 0x0000000087d00000| PB 0x0000000087d00000| Untracked 
| 126|0x0000000087e00000, 0x0000000087f00000, 0x0000000087f00000|100%| O|  |TAMS 0x0000000087e00000| PB 0x0000000087e00000| Untracked 
| 127|0x0000000087f00000, 0x0000000088000000, 0x0000000088000000|100%| O|  |TAMS 0x0000000087f00000| PB 0x0000000087f00000| Untracked 
| 128|0x0000000088000000, 0x0000000088100000, 0x0000000088100000|100%| O|  |TAMS 0x0000000088000000| PB 0x0000000088000000| Untracked 
| 129|0x0000000088100000, 0x0000000088200000, 0x0000000088200000|100%| O|  |TAMS 0x0000000088100000| PB 0x0000000088100000| Untracked 
| 130|0x0000000088200000, 0x0000000088300000, 0x0000000088300000|100%| O|  |TAMS 0x0000000088200000| PB 0x0000000088200000| Untracked 
| 131|0x0000000088300000, 0x0000000088400000, 0x0000000088400000|100%| O|  |TAMS 0x0000000088300000| PB 0x0000000088300000| Untracked 
| 132|0x0000000088400000, 0x0000000088500000, 0x0000000088500000|100%| O|  |TAMS 0x0000000088400000| PB 0x0000000088400000| Untracked 
| 133|0x0000000088500000, 0x0000000088600000, 0x0000000088600000|100%| O|  |TAMS 0x0000000088500000| PB 0x0000000088500000| Untracked 
| 134|0x0000000088600000, 0x0000000088700000, 0x0000000088700000|100%| O|  |TAMS 0x0000000088600000| PB 0x0000000088600000| Untracked 
| 135|0x0000000088700000, 0x0000000088800000, 0x0000000088800000|100%| O|  |TAMS 0x0000000088700000| PB 0x0000000088700000| Untracked 
| 136|0x0000000088800000, 0x0000000088900000, 0x0000000088900000|100%|HS|  |TAMS 0x0000000088800000| PB 0x0000000088800000| Complete 
| 137|0x0000000088900000, 0x0000000088a00000, 0x0000000088a00000|100%|HC|  |TAMS 0x0000000088900000| PB 0x0000000088900000| Complete 
| 138|0x0000000088a00000, 0x0000000088b00000, 0x0000000088b00000|100%| O|  |TAMS 0x0000000088a00000| PB 0x0000000088a00000| Untracked 
| 139|0x0000000088b00000, 0x0000000088c00000, 0x0000000088c00000|100%| O|  |TAMS 0x0000000088b00000| PB 0x0000000088b00000| Untracked 
| 140|0x0000000088c00000, 0x0000000088d00000, 0x0000000088d00000|100%|HS|  |TAMS 0x0000000088c00000| PB 0x0000000088c00000| Complete 
| 141|0x0000000088d00000, 0x0000000088e00000, 0x0000000088e00000|100%| O|  |TAMS 0x0000000088d00000| PB 0x0000000088d00000| Untracked 
| 142|0x0000000088e00000, 0x0000000088f00000, 0x0000000088f00000|100%| O|  |TAMS 0x0000000088e00000| PB 0x0000000088e00000| Untracked 
| 143|0x0000000088f00000, 0x0000000089000000, 0x0000000089000000|100%| O|  |TAMS 0x0000000088f00000| PB 0x0000000088f00000| Untracked 
| 144|0x0000000089000000, 0x0000000089100000, 0x0000000089100000|100%| O|  |TAMS 0x0000000089000000| PB 0x0000000089000000| Untracked 
| 145|0x0000000089100000, 0x0000000089200000, 0x0000000089200000|100%| O|  |TAMS 0x0000000089100000| PB 0x0000000089100000| Untracked 
| 146|0x0000000089200000, 0x0000000089300000, 0x0000000089300000|100%| O|  |TAMS 0x0000000089200000| PB 0x0000000089200000| Untracked 
| 147|0x0000000089300000, 0x0000000089400000, 0x0000000089400000|100%| O|  |TAMS 0x0000000089300000| PB 0x0000000089300000| Untracked 
| 148|0x0000000089400000, 0x0000000089500000, 0x0000000089500000|100%| O|  |TAMS 0x0000000089400000| PB 0x0000000089400000| Untracked 
| 149|0x0000000089500000, 0x0000000089600000, 0x0000000089600000|100%| O|  |TAMS 0x0000000089500000| PB 0x0000000089500000| Untracked 
| 150|0x0000000089600000, 0x0000000089700000, 0x0000000089700000|100%| O|  |TAMS 0x0000000089600000| PB 0x0000000089600000| Untracked 
| 151|0x0000000089700000, 0x0000000089800000, 0x0000000089800000|100%| O|  |TAMS 0x0000000089700000| PB 0x0000000089700000| Untracked 
| 152|0x0000000089800000, 0x0000000089900000, 0x0000000089900000|100%| O|  |TAMS 0x0000000089800000| PB 0x0000000089800000| Untracked 
| 153|0x0000000089900000, 0x0000000089a00000, 0x0000000089a00000|100%| O|  |TAMS 0x0000000089900000| PB 0x0000000089900000| Untracked 
| 154|0x0000000089a00000, 0x0000000089b00000, 0x0000000089b00000|100%| O|  |TAMS 0x0000000089a00000| PB 0x0000000089a00000| Untracked 
| 155|0x0000000089b00000, 0x0000000089c00000, 0x0000000089c00000|100%| O|  |TAMS 0x0000000089b00000| PB 0x0000000089b00000| Untracked 
| 156|0x0000000089c00000, 0x0000000089d00000, 0x0000000089d00000|100%| O|  |TAMS 0x0000000089c00000| PB 0x0000000089c00000| Untracked 
| 157|0x0000000089d00000, 0x0000000089e00000, 0x0000000089e00000|100%| O|  |TAMS 0x0000000089d00000| PB 0x0000000089d00000| Untracked 
| 158|0x0000000089e00000, 0x0000000089f00000, 0x0000000089f00000|100%| O|  |TAMS 0x0000000089e00000| PB 0x0000000089e00000| Untracked 
| 159|0x0000000089f00000, 0x000000008a000000, 0x000000008a000000|100%| O|  |TAMS 0x0000000089f00000| PB 0x0000000089f00000| Untracked 
| 160|0x000000008a000000, 0x000000008a100000, 0x000000008a100000|100%|HS|  |TAMS 0x000000008a000000| PB 0x000000008a000000| Complete 
| 161|0x000000008a100000, 0x000000008a200000, 0x000000008a200000|100%|HC|  |TAMS 0x000000008a100000| PB 0x000000008a100000| Complete 
| 162|0x000000008a200000, 0x000000008a300000, 0x000000008a300000|100%|HC|  |TAMS 0x000000008a200000| PB 0x000000008a200000| Complete 
| 163|0x000000008a300000, 0x000000008a400000, 0x000000008a400000|100%|HC|  |TAMS 0x000000008a300000| PB 0x000000008a300000| Complete 
| 164|0x000000008a400000, 0x000000008a500000, 0x000000008a500000|100%|HC|  |TAMS 0x000000008a400000| PB 0x000000008a400000| Complete 
| 165|0x000000008a500000, 0x000000008a600000, 0x000000008a600000|100%|HC|  |TAMS 0x000000008a500000| PB 0x000000008a500000| Complete 
| 166|0x000000008a600000, 0x000000008a700000, 0x000000008a700000|100%| O|  |TAMS 0x000000008a600000| PB 0x000000008a600000| Untracked 
| 167|0x000000008a700000, 0x000000008a800000, 0x000000008a800000|100%| O|  |TAMS 0x000000008a700000| PB 0x000000008a700000| Untracked 
| 168|0x000000008a800000, 0x000000008a900000, 0x000000008a900000|100%| O|  |TAMS 0x000000008a800000| PB 0x000000008a800000| Untracked 
| 169|0x000000008a900000, 0x000000008aa00000, 0x000000008aa00000|100%| O|  |TAMS 0x000000008a900000| PB 0x000000008a900000| Untracked 
| 170|0x000000008aa00000, 0x000000008ab00000, 0x000000008ab00000|100%| O|  |TAMS 0x000000008aa00000| PB 0x000000008aa00000| Untracked 
| 171|0x000000008ab00000, 0x000000008ac00000, 0x000000008ac00000|100%| O|  |TAMS 0x000000008ab00000| PB 0x000000008ab00000| Untracked 
| 172|0x000000008ac00000, 0x000000008ad00000, 0x000000008ad00000|100%| O|  |TAMS 0x000000008ac00000| PB 0x000000008ac00000| Untracked 
| 173|0x000000008ad00000, 0x000000008ae00000, 0x000000008ae00000|100%| O|  |TAMS 0x000000008ad00000| PB 0x000000008ad00000| Untracked 
| 174|0x000000008ae00000, 0x000000008af00000, 0x000000008af00000|100%|HS|  |TAMS 0x000000008ae00000| PB 0x000000008ae00000| Complete 
| 175|0x000000008af00000, 0x000000008b000000, 0x000000008b000000|100%|HC|  |TAMS 0x000000008af00000| PB 0x000000008af00000| Complete 
| 176|0x000000008b000000, 0x000000008b100000, 0x000000008b100000|100%|HC|  |TAMS 0x000000008b000000| PB 0x000000008b000000| Complete 
| 177|0x000000008b100000, 0x000000008b200000, 0x000000008b200000|100%| O|  |TAMS 0x000000008b100000| PB 0x000000008b100000| Untracked 
| 178|0x000000008b200000, 0x000000008b300000, 0x000000008b300000|100%| O|  |TAMS 0x000000008b200000| PB 0x000000008b200000| Untracked 
| 179|0x000000008b300000, 0x000000008b400000, 0x000000008b400000|100%| O|  |TAMS 0x000000008b300000| PB 0x000000008b300000| Untracked 
| 180|0x000000008b400000, 0x000000008b500000, 0x000000008b500000|100%| O|  |TAMS 0x000000008b400000| PB 0x000000008b400000| Untracked 
| 181|0x000000008b500000, 0x000000008b600000, 0x000000008b600000|100%| O|  |TAMS 0x000000008b500000| PB 0x000000008b500000| Untracked 
| 182|0x000000008b600000, 0x000000008b700000, 0x000000008b700000|100%| O|  |TAMS 0x000000008b600000| PB 0x000000008b600000| Untracked 
| 183|0x000000008b700000, 0x000000008b800000, 0x000000008b800000|100%| O|  |TAMS 0x000000008b700000| PB 0x000000008b700000| Untracked 
| 184|0x000000008b800000, 0x000000008b900000, 0x000000008b900000|100%| O|  |TAMS 0x000000008b800000| PB 0x000000008b800000| Untracked 
| 185|0x000000008b900000, 0x000000008ba00000, 0x000000008ba00000|100%| O|  |TAMS 0x000000008b900000| PB 0x000000008b900000| Untracked 
| 186|0x000000008ba00000, 0x000000008bb00000, 0x000000008bb00000|100%| O|  |TAMS 0x000000008ba00000| PB 0x000000008ba00000| Untracked 
| 187|0x000000008bb00000, 0x000000008bc00000, 0x000000008bc00000|100%|HS|  |TAMS 0x000000008bb00000| PB 0x000000008bb00000| Complete 
| 188|0x000000008bc00000, 0x000000008bd00000, 0x000000008bd00000|100%|HC|  |TAMS 0x000000008bc00000| PB 0x000000008bc00000| Complete 
| 189|0x000000008bd00000, 0x000000008be00000, 0x000000008be00000|100%|HC|  |TAMS 0x000000008bd00000| PB 0x000000008bd00000| Complete 
| 190|0x000000008be00000, 0x000000008bf00000, 0x000000008bf00000|100%|HC|  |TAMS 0x000000008be00000| PB 0x000000008be00000| Complete 
| 191|0x000000008bf00000, 0x000000008c000000, 0x000000008c000000|100%|HC|  |TAMS 0x000000008bf00000| PB 0x000000008bf00000| Complete 
| 192|0x000000008c000000, 0x000000008c100000, 0x000000008c100000|100%|HC|  |TAMS 0x000000008c000000| PB 0x000000008c000000| Complete 
| 193|0x000000008c100000, 0x000000008c200000, 0x000000008c200000|100%|HS|  |TAMS 0x000000008c100000| PB 0x000000008c100000| Complete 
| 194|0x000000008c200000, 0x000000008c300000, 0x000000008c300000|100%|HC|  |TAMS 0x000000008c200000| PB 0x000000008c200000| Complete 
| 195|0x000000008c300000, 0x000000008c400000, 0x000000008c400000|100%| O|  |TAMS 0x000000008c300000| PB 0x000000008c300000| Untracked 
| 196|0x000000008c400000, 0x000000008c500000, 0x000000008c500000|100%| O|  |TAMS 0x000000008c400000| PB 0x000000008c400000| Untracked 
| 197|0x000000008c500000, 0x000000008c600000, 0x000000008c600000|100%| O|  |TAMS 0x000000008c500000| PB 0x000000008c500000| Untracked 
| 198|0x000000008c600000, 0x000000008c700000, 0x000000008c700000|100%| O|  |TAMS 0x000000008c600000| PB 0x000000008c600000| Untracked 
| 199|0x000000008c700000, 0x000000008c800000, 0x000000008c800000|100%| O|  |TAMS 0x000000008c700000| PB 0x000000008c700000| Untracked 
| 200|0x000000008c800000, 0x000000008c900000, 0x000000008c900000|100%| O|  |TAMS 0x000000008c800000| PB 0x000000008c800000| Untracked 
| 201|0x000000008c900000, 0x000000008ca00000, 0x000000008ca00000|100%| O|  |TAMS 0x000000008c900000| PB 0x000000008c900000| Untracked 
| 202|0x000000008ca00000, 0x000000008cb00000, 0x000000008cb00000|100%| O|  |TAMS 0x000000008ca00000| PB 0x000000008ca00000| Untracked 
| 203|0x000000008cb00000, 0x000000008cc00000, 0x000000008cc00000|100%|HS|  |TAMS 0x000000008cb00000| PB 0x000000008cb00000| Complete 
| 204|0x000000008cc00000, 0x000000008cd00000, 0x000000008cd00000|100%|HC|  |TAMS 0x000000008cc00000| PB 0x000000008cc00000| Complete 
| 205|0x000000008cd00000, 0x000000008ce00000, 0x000000008ce00000|100%|HS|  |TAMS 0x000000008cd00000| PB 0x000000008cd00000| Complete 
| 206|0x000000008ce00000, 0x000000008cf00000, 0x000000008cf00000|100%|HC|  |TAMS 0x000000008ce00000| PB 0x000000008ce00000| Complete 
| 207|0x000000008cf00000, 0x000000008d000000, 0x000000008d000000|100%| O|  |TAMS 0x000000008cf00000| PB 0x000000008cf00000| Untracked 
| 208|0x000000008d000000, 0x000000008d100000, 0x000000008d100000|100%| O|  |TAMS 0x000000008d000000| PB 0x000000008d000000| Untracked 
| 209|0x000000008d100000, 0x000000008d200000, 0x000000008d200000|100%|HS|  |TAMS 0x000000008d100000| PB 0x000000008d100000| Complete 
| 210|0x000000008d200000, 0x000000008d300000, 0x000000008d300000|100%|HC|  |TAMS 0x000000008d200000| PB 0x000000008d200000| Complete 
| 211|0x000000008d300000, 0x000000008d400000, 0x000000008d400000|100%|HC|  |TAMS 0x000000008d300000| PB 0x000000008d300000| Complete 
| 212|0x000000008d400000, 0x000000008d500000, 0x000000008d500000|100%| O|  |TAMS 0x000000008d400000| PB 0x000000008d400000| Untracked 
| 213|0x000000008d500000, 0x000000008d600000, 0x000000008d600000|100%| O|  |TAMS 0x000000008d500000| PB 0x000000008d500000| Untracked 
| 214|0x000000008d600000, 0x000000008d700000, 0x000000008d700000|100%| O|  |TAMS 0x000000008d600000| PB 0x000000008d600000| Untracked 
| 215|0x000000008d700000, 0x000000008d800000, 0x000000008d800000|100%|HS|  |TAMS 0x000000008d700000| PB 0x000000008d700000| Complete 
| 216|0x000000008d800000, 0x000000008d900000, 0x000000008d900000|100%| O|  |TAMS 0x000000008d800000| PB 0x000000008d800000| Untracked 
| 217|0x000000008d900000, 0x000000008da00000, 0x000000008da00000|100%| O|  |TAMS 0x000000008d900000| PB 0x000000008d900000| Untracked 
| 218|0x000000008da00000, 0x000000008db00000, 0x000000008db00000|100%| O|  |TAMS 0x000000008da00000| PB 0x000000008da00000| Untracked 
| 219|0x000000008db00000, 0x000000008dc00000, 0x000000008dc00000|100%| O|  |TAMS 0x000000008db00000| PB 0x000000008db00000| Untracked 
| 220|0x000000008dc00000, 0x000000008dd00000, 0x000000008dd00000|100%| O|  |TAMS 0x000000008dc00000| PB 0x000000008dc00000| Untracked 
| 221|0x000000008dd00000, 0x000000008de00000, 0x000000008de00000|100%| O|  |TAMS 0x000000008dd00000| PB 0x000000008dd00000| Untracked 
| 222|0x000000008de00000, 0x000000008df00000, 0x000000008df00000|100%| O|  |TAMS 0x000000008de00000| PB 0x000000008de00000| Untracked 
| 223|0x000000008df00000, 0x000000008e000000, 0x000000008e000000|100%| O|  |TAMS 0x000000008df00000| PB 0x000000008df00000| Untracked 
| 224|0x000000008e000000, 0x000000008e100000, 0x000000008e100000|100%| O|  |TAMS 0x000000008e000000| PB 0x000000008e000000| Untracked 
| 225|0x000000008e100000, 0x000000008e200000, 0x000000008e200000|100%| O|  |TAMS 0x000000008e100000| PB 0x000000008e100000| Untracked 
| 226|0x000000008e200000, 0x000000008e300000, 0x000000008e300000|100%| O|  |TAMS 0x000000008e200000| PB 0x000000008e200000| Untracked 
| 227|0x000000008e300000, 0x000000008e400000, 0x000000008e400000|100%| O|  |TAMS 0x000000008e300000| PB 0x000000008e300000| Untracked 
| 228|0x000000008e400000, 0x000000008e500000, 0x000000008e500000|100%| O|  |TAMS 0x000000008e400000| PB 0x000000008e400000| Untracked 
| 229|0x000000008e500000, 0x000000008e600000, 0x000000008e600000|100%| O|  |TAMS 0x000000008e500000| PB 0x000000008e500000| Untracked 
| 230|0x000000008e600000, 0x000000008e700000, 0x000000008e700000|100%| O|  |TAMS 0x000000008e600000| PB 0x000000008e600000| Untracked 
| 231|0x000000008e700000, 0x000000008e800000, 0x000000008e800000|100%| O|  |TAMS 0x000000008e700000| PB 0x000000008e700000| Untracked 
| 232|0x000000008e800000, 0x000000008e900000, 0x000000008e900000|100%|HS|  |TAMS 0x000000008e800000| PB 0x000000008e800000| Complete 
| 233|0x000000008e900000, 0x000000008ea00000, 0x000000008ea00000|100%| O|  |TAMS 0x000000008e900000| PB 0x000000008e900000| Untracked 
| 234|0x000000008ea00000, 0x000000008eb00000, 0x000000008eb00000|100%|HS|  |TAMS 0x000000008ea00000| PB 0x000000008ea00000| Complete 
| 235|0x000000008eb00000, 0x000000008ec00000, 0x000000008ec00000|100%| O|  |TAMS 0x000000008eb00000| PB 0x000000008eb00000| Untracked 
| 236|0x000000008ec00000, 0x000000008ed00000, 0x000000008ed00000|100%| O|  |TAMS 0x000000008ec00000| PB 0x000000008ec00000| Untracked 
| 237|0x000000008ed00000, 0x000000008ee00000, 0x000000008ee00000|100%| O|  |TAMS 0x000000008ed00000| PB 0x000000008ed00000| Untracked 
| 238|0x000000008ee00000, 0x000000008ef00000, 0x000000008ef00000|100%| O|  |TAMS 0x000000008ee00000| PB 0x000000008ee00000| Untracked 
| 239|0x000000008ef00000, 0x000000008f000000, 0x000000008f000000|100%| O|  |TAMS 0x000000008ef00000| PB 0x000000008ef00000| Untracked 
| 240|0x000000008f000000, 0x000000008f100000, 0x000000008f100000|100%| O|  |TAMS 0x000000008f000000| PB 0x000000008f000000| Untracked 
| 241|0x000000008f100000, 0x000000008f200000, 0x000000008f200000|100%| O|  |TAMS 0x000000008f100000| PB 0x000000008f100000| Untracked 
| 242|0x000000008f200000, 0x000000008f300000, 0x000000008f300000|100%| O|  |TAMS 0x000000008f200000| PB 0x000000008f200000| Untracked 
| 243|0x000000008f300000, 0x000000008f400000, 0x000000008f400000|100%| O|  |TAMS 0x000000008f300000| PB 0x000000008f300000| Untracked 
| 244|0x000000008f400000, 0x000000008f500000, 0x000000008f500000|100%| O|  |TAMS 0x000000008f400000| PB 0x000000008f400000| Untracked 
| 245|0x000000008f500000, 0x000000008f600000, 0x000000008f600000|100%| O|  |TAMS 0x000000008f500000| PB 0x000000008f500000| Untracked 
| 246|0x000000008f600000, 0x000000008f700000, 0x000000008f700000|100%| O|  |TAMS 0x000000008f600000| PB 0x000000008f600000| Untracked 
| 247|0x000000008f700000, 0x000000008f800000, 0x000000008f800000|100%| O|  |TAMS 0x000000008f700000| PB 0x000000008f700000| Untracked 
| 248|0x000000008f800000, 0x000000008f900000, 0x000000008f900000|100%|HS|  |TAMS 0x000000008f800000| PB 0x000000008f800000| Complete 
| 249|0x000000008f900000, 0x000000008fa00000, 0x000000008fa00000|100%| O|  |TAMS 0x000000008f900000| PB 0x000000008f900000| Untracked 
| 250|0x000000008fa00000, 0x000000008fb00000, 0x000000008fb00000|100%| O|  |TAMS 0x000000008fa00000| PB 0x000000008fa00000| Untracked 
| 251|0x000000008fb00000, 0x000000008fc00000, 0x000000008fc00000|100%| O|  |TAMS 0x000000008fb00000| PB 0x000000008fb00000| Untracked 
| 252|0x000000008fc00000, 0x000000008fd00000, 0x000000008fd00000|100%| O|  |TAMS 0x000000008fc00000| PB 0x000000008fc00000| Untracked 
| 253|0x000000008fd00000, 0x000000008fe00000, 0x000000008fe00000|100%| O|  |TAMS 0x000000008fd00000| PB 0x000000008fd00000| Untracked 
| 254|0x000000008fe00000, 0x000000008ff00000, 0x000000008ff00000|100%| O|  |TAMS 0x000000008fe00000| PB 0x000000008fe00000| Untracked 
| 255|0x000000008ff00000, 0x0000000090000000, 0x0000000090000000|100%| O|  |TAMS 0x000000008ff00000| PB 0x000000008ff00000| Untracked 
| 256|0x0000000090000000, 0x0000000090100000, 0x0000000090100000|100%|HS|  |TAMS 0x0000000090000000| PB 0x0000000090000000| Complete 
| 257|0x0000000090100000, 0x0000000090200000, 0x0000000090200000|100%|HC|  |TAMS 0x0000000090100000| PB 0x0000000090100000| Complete 
| 258|0x0000000090200000, 0x0000000090300000, 0x0000000090300000|100%|HC|  |TAMS 0x0000000090200000| PB 0x0000000090200000| Complete 
| 259|0x0000000090300000, 0x0000000090400000, 0x0000000090400000|100%|HC|  |TAMS 0x0000000090300000| PB 0x0000000090300000| Complete 
| 260|0x0000000090400000, 0x0000000090500000, 0x0000000090500000|100%|HS|  |TAMS 0x0000000090400000| PB 0x0000000090400000| Complete 
| 261|0x0000000090500000, 0x0000000090600000, 0x0000000090600000|100%|HC|  |TAMS 0x0000000090500000| PB 0x0000000090500000| Complete 
| 262|0x0000000090600000, 0x0000000090700000, 0x0000000090700000|100%|HC|  |TAMS 0x0000000090600000| PB 0x0000000090600000| Complete 
| 263|0x0000000090700000, 0x0000000090800000, 0x0000000090800000|100%|HC|  |TAMS 0x0000000090700000| PB 0x0000000090700000| Complete 
| 264|0x0000000090800000, 0x0000000090900000, 0x0000000090900000|100%| O|  |TAMS 0x0000000090800000| PB 0x0000000090800000| Untracked 
| 265|0x0000000090900000, 0x0000000090a00000, 0x0000000090a00000|100%| O|  |TAMS 0x0000000090900000| PB 0x0000000090900000| Untracked 
| 266|0x0000000090a00000, 0x0000000090b00000, 0x0000000090b00000|100%| O|  |TAMS 0x0000000090a00000| PB 0x0000000090a00000| Untracked 
| 267|0x0000000090b00000, 0x0000000090c00000, 0x0000000090c00000|100%| O|  |TAMS 0x0000000090b00000| PB 0x0000000090b00000| Untracked 
| 268|0x0000000090c00000, 0x0000000090d00000, 0x0000000090d00000|100%| O|  |TAMS 0x0000000090c00000| PB 0x0000000090c00000| Untracked 
| 269|0x0000000090d00000, 0x0000000090e00000, 0x0000000090e00000|100%| O|  |TAMS 0x0000000090d00000| PB 0x0000000090d00000| Untracked 
| 270|0x0000000090e00000, 0x0000000090f00000, 0x0000000090f00000|100%| O|  |TAMS 0x0000000090e00000| PB 0x0000000090e00000| Untracked 
| 271|0x0000000090f00000, 0x0000000091000000, 0x0000000091000000|100%| O|  |TAMS 0x0000000090f00000| PB 0x0000000090f00000| Untracked 
| 272|0x0000000091000000, 0x0000000091100000, 0x0000000091100000|100%| O|  |TAMS 0x0000000091000000| PB 0x0000000091000000| Untracked 
| 273|0x0000000091100000, 0x0000000091200000, 0x0000000091200000|100%| O|  |TAMS 0x0000000091100000| PB 0x0000000091100000| Untracked 
| 274|0x0000000091200000, 0x0000000091300000, 0x0000000091300000|100%| O|  |TAMS 0x0000000091200000| PB 0x0000000091200000| Untracked 
| 275|0x0000000091300000, 0x0000000091400000, 0x0000000091400000|100%| O|  |TAMS 0x0000000091300000| PB 0x0000000091300000| Untracked 
| 276|0x0000000091400000, 0x0000000091500000, 0x0000000091500000|100%| O|  |TAMS 0x0000000091400000| PB 0x0000000091400000| Untracked 
| 277|0x0000000091500000, 0x0000000091600000, 0x0000000091600000|100%|HS|  |TAMS 0x0000000091500000| PB 0x0000000091500000| Complete 
| 278|0x0000000091600000, 0x0000000091700000, 0x0000000091700000|100%|HS|  |TAMS 0x0000000091600000| PB 0x0000000091600000| Complete 
| 279|0x0000000091700000, 0x0000000091800000, 0x0000000091800000|100%|HS|  |TAMS 0x0000000091700000| PB 0x0000000091700000| Complete 
| 280|0x0000000091800000, 0x0000000091900000, 0x0000000091900000|100%|HS|  |TAMS 0x0000000091800000| PB 0x0000000091800000| Complete 
| 281|0x0000000091900000, 0x0000000091a00000, 0x0000000091a00000|100%|HS|  |TAMS 0x0000000091900000| PB 0x0000000091900000| Complete 
| 282|0x0000000091a00000, 0x0000000091b00000, 0x0000000091b00000|100%| O|  |TAMS 0x0000000091a00000| PB 0x0000000091a00000| Untracked 
| 283|0x0000000091b00000, 0x0000000091c00000, 0x0000000091c00000|100%| O|  |TAMS 0x0000000091b00000| PB 0x0000000091b00000| Untracked 
| 284|0x0000000091c00000, 0x0000000091d00000, 0x0000000091d00000|100%| O|  |TAMS 0x0000000091c00000| PB 0x0000000091c00000| Untracked 
| 285|0x0000000091d00000, 0x0000000091e00000, 0x0000000091e00000|100%| O|  |TAMS 0x0000000091d00000| PB 0x0000000091d00000| Untracked 
| 286|0x0000000091e00000, 0x0000000091f00000, 0x0000000091f00000|100%| O|  |TAMS 0x0000000091e00000| PB 0x0000000091e00000| Untracked 
| 287|0x0000000091f00000, 0x0000000092000000, 0x0000000092000000|100%|HS|  |TAMS 0x0000000091f00000| PB 0x0000000091f00000| Complete 
| 288|0x0000000092000000, 0x0000000092100000, 0x0000000092100000|100%| O|  |TAMS 0x0000000092000000| PB 0x0000000092000000| Untracked 
| 289|0x0000000092100000, 0x0000000092200000, 0x0000000092200000|100%| O|  |TAMS 0x0000000092100000| PB 0x0000000092100000| Untracked 
| 290|0x0000000092200000, 0x0000000092300000, 0x0000000092300000|100%| O|  |TAMS 0x0000000092200000| PB 0x0000000092200000| Untracked 
| 291|0x0000000092300000, 0x0000000092400000, 0x0000000092400000|100%| O|  |TAMS 0x0000000092300000| PB 0x0000000092300000| Untracked 
| 292|0x0000000092400000, 0x0000000092500000, 0x0000000092500000|100%| O|  |TAMS 0x0000000092400000| PB 0x0000000092400000| Untracked 
| 293|0x0000000092500000, 0x0000000092600000, 0x0000000092600000|100%| O|  |TAMS 0x0000000092500000| PB 0x0000000092500000| Untracked 
| 294|0x0000000092600000, 0x0000000092700000, 0x0000000092700000|100%| O|  |TAMS 0x0000000092600000| PB 0x0000000092600000| Untracked 
| 295|0x0000000092700000, 0x0000000092800000, 0x0000000092800000|100%| O|  |TAMS 0x0000000092700000| PB 0x0000000092700000| Untracked 
| 296|0x0000000092800000, 0x0000000092900000, 0x0000000092900000|100%| O|  |TAMS 0x0000000092800000| PB 0x0000000092800000| Untracked 
| 297|0x0000000092900000, 0x0000000092a00000, 0x0000000092a00000|100%| O|  |TAMS 0x0000000092900000| PB 0x0000000092900000| Untracked 
| 298|0x0000000092a00000, 0x0000000092b00000, 0x0000000092b00000|100%| O|  |TAMS 0x0000000092a00000| PB 0x0000000092a00000| Untracked 
| 299|0x0000000092b00000, 0x0000000092c00000, 0x0000000092c00000|100%| O|  |TAMS 0x0000000092b00000| PB 0x0000000092b00000| Untracked 
| 300|0x0000000092c00000, 0x0000000092d00000, 0x0000000092d00000|100%| O|  |TAMS 0x0000000092c00000| PB 0x0000000092c00000| Untracked 
| 301|0x0000000092d00000, 0x0000000092e00000, 0x0000000092e00000|100%| O|  |TAMS 0x0000000092d00000| PB 0x0000000092d00000| Untracked 
| 302|0x0000000092e00000, 0x0000000092f00000, 0x0000000092f00000|100%| O|  |TAMS 0x0000000092e00000| PB 0x0000000092e00000| Untracked 
| 303|0x0000000092f00000, 0x0000000093000000, 0x0000000093000000|100%| O|  |TAMS 0x0000000092f00000| PB 0x0000000092f00000| Untracked 
| 304|0x0000000093000000, 0x0000000093100000, 0x0000000093100000|100%| O|  |TAMS 0x0000000093000000| PB 0x0000000093000000| Untracked 
| 305|0x0000000093100000, 0x0000000093200000, 0x0000000093200000|100%| O|  |TAMS 0x0000000093100000| PB 0x0000000093100000| Untracked 
| 306|0x0000000093200000, 0x0000000093300000, 0x0000000093300000|100%| O|  |TAMS 0x0000000093200000| PB 0x0000000093200000| Untracked 
| 307|0x0000000093300000, 0x0000000093400000, 0x0000000093400000|100%| O|  |TAMS 0x0000000093300000| PB 0x0000000093300000| Untracked 
| 308|0x0000000093400000, 0x0000000093500000, 0x0000000093500000|100%| O|  |TAMS 0x0000000093400000| PB 0x0000000093400000| Untracked 
| 309|0x0000000093500000, 0x0000000093600000, 0x0000000093600000|100%| O|  |TAMS 0x0000000093500000| PB 0x0000000093500000| Untracked 
| 310|0x0000000093600000, 0x0000000093700000, 0x0000000093700000|100%| O|  |TAMS 0x0000000093600000| PB 0x0000000093600000| Untracked 
| 311|0x0000000093700000, 0x0000000093800000, 0x0000000093800000|100%| O|  |TAMS 0x0000000093700000| PB 0x0000000093700000| Untracked 
| 312|0x0000000093800000, 0x0000000093900000, 0x0000000093900000|100%| O|  |TAMS 0x0000000093800000| PB 0x0000000093800000| Untracked 
| 313|0x0000000093900000, 0x0000000093a00000, 0x0000000093a00000|100%| O|  |TAMS 0x0000000093900000| PB 0x0000000093900000| Untracked 
| 314|0x0000000093a00000, 0x0000000093b00000, 0x0000000093b00000|100%| O|  |TAMS 0x0000000093a00000| PB 0x0000000093a00000| Untracked 
| 315|0x0000000093b00000, 0x0000000093c00000, 0x0000000093c00000|100%|HS|  |TAMS 0x0000000093b00000| PB 0x0000000093b00000| Complete 
| 316|0x0000000093c00000, 0x0000000093d00000, 0x0000000093d00000|100%| O|  |TAMS 0x0000000093c00000| PB 0x0000000093c00000| Untracked 
| 317|0x0000000093d00000, 0x0000000093e00000, 0x0000000093e00000|100%| O|  |TAMS 0x0000000093d00000| PB 0x0000000093d00000| Untracked 
| 318|0x0000000093e00000, 0x0000000093f00000, 0x0000000093f00000|100%| O|  |TAMS 0x0000000093e00000| PB 0x0000000093e00000| Untracked 
| 319|0x0000000093f00000, 0x0000000094000000, 0x0000000094000000|100%| O|  |TAMS 0x0000000093f00000| PB 0x0000000093f00000| Untracked 
| 320|0x0000000094000000, 0x0000000094100000, 0x0000000094100000|100%| O|  |TAMS 0x0000000094000000| PB 0x0000000094000000| Untracked 
| 321|0x0000000094100000, 0x0000000094200000, 0x0000000094200000|100%| O|  |TAMS 0x0000000094100000| PB 0x0000000094100000| Untracked 
| 322|0x0000000094200000, 0x0000000094300000, 0x0000000094300000|100%| O|Cm|TAMS 0x0000000094200000| PB 0x0000000094200000| Complete 
| 323|0x0000000094300000, 0x0000000094400000, 0x0000000094400000|100%| O|  |TAMS 0x0000000094300000| PB 0x0000000094300000| Untracked 
| 324|0x0000000094400000, 0x0000000094500000, 0x0000000094500000|100%| O|  |TAMS 0x0000000094400000| PB 0x0000000094400000| Untracked 
| 325|0x0000000094500000, 0x0000000094600000, 0x0000000094600000|100%| O|  |TAMS 0x0000000094500000| PB 0x0000000094500000| Untracked 
| 326|0x0000000094600000, 0x0000000094700000, 0x0000000094700000|100%| O|  |TAMS 0x0000000094600000| PB 0x0000000094600000| Untracked 
| 327|0x0000000094700000, 0x0000000094800000, 0x0000000094800000|100%|HS|  |TAMS 0x0000000094700000| PB 0x0000000094700000| Complete 
| 328|0x0000000094800000, 0x0000000094900000, 0x0000000094900000|100%|HC|  |TAMS 0x0000000094800000| PB 0x0000000094800000| Complete 
| 329|0x0000000094900000, 0x0000000094a00000, 0x0000000094a00000|100%| O|  |TAMS 0x0000000094900000| PB 0x0000000094900000| Untracked 
| 330|0x0000000094a00000, 0x0000000094b00000, 0x0000000094b00000|100%|HS|  |TAMS 0x0000000094a00000| PB 0x0000000094a00000| Complete 
| 331|0x0000000094b00000, 0x0000000094c00000, 0x0000000094c00000|100%| O|  |TAMS 0x0000000094b00000| PB 0x0000000094b00000| Untracked 
| 332|0x0000000094c00000, 0x0000000094d00000, 0x0000000094d00000|100%| O|  |TAMS 0x0000000094c00000| PB 0x0000000094c00000| Untracked 
| 333|0x0000000094d00000, 0x0000000094e00000, 0x0000000094e00000|100%| O|  |TAMS 0x0000000094d00000| PB 0x0000000094d00000| Untracked 
| 334|0x0000000094e00000, 0x0000000094f00000, 0x0000000094f00000|100%| O|  |TAMS 0x0000000094e00000| PB 0x0000000094e00000| Untracked 
| 335|0x0000000094f00000, 0x0000000095000000, 0x0000000095000000|100%| O|  |TAMS 0x0000000094f00000| PB 0x0000000094f00000| Untracked 
| 336|0x0000000095000000, 0x0000000095100000, 0x0000000095100000|100%| O|  |TAMS 0x0000000095000000| PB 0x0000000095000000| Untracked 
| 337|0x0000000095100000, 0x0000000095200000, 0x0000000095200000|100%| O|  |TAMS 0x0000000095100000| PB 0x0000000095100000| Untracked 
| 338|0x0000000095200000, 0x0000000095300000, 0x0000000095300000|100%| O|  |TAMS 0x0000000095200000| PB 0x0000000095200000| Untracked 
| 339|0x0000000095300000, 0x0000000095400000, 0x0000000095400000|100%| O|  |TAMS 0x0000000095300000| PB 0x0000000095300000| Untracked 
| 340|0x0000000095400000, 0x0000000095500000, 0x0000000095500000|100%| O|  |TAMS 0x0000000095400000| PB 0x0000000095400000| Untracked 
| 341|0x0000000095500000, 0x0000000095600000, 0x0000000095600000|100%| O|  |TAMS 0x0000000095500000| PB 0x0000000095500000| Untracked 
| 342|0x0000000095600000, 0x0000000095700000, 0x0000000095700000|100%| O|  |TAMS 0x0000000095600000| PB 0x0000000095600000| Untracked 
| 343|0x0000000095700000, 0x0000000095800000, 0x0000000095800000|100%| O|  |TAMS 0x0000000095700000| PB 0x0000000095700000| Untracked 
| 344|0x0000000095800000, 0x0000000095900000, 0x0000000095900000|100%| O|  |TAMS 0x0000000095800000| PB 0x0000000095800000| Untracked 
| 345|0x0000000095900000, 0x0000000095a00000, 0x0000000095a00000|100%| O|  |TAMS 0x0000000095900000| PB 0x0000000095900000| Untracked 
| 346|0x0000000095a00000, 0x0000000095b00000, 0x0000000095b00000|100%| O|  |TAMS 0x0000000095a00000| PB 0x0000000095a00000| Untracked 
| 347|0x0000000095b00000, 0x0000000095c00000, 0x0000000095c00000|100%| O|  |TAMS 0x0000000095b00000| PB 0x0000000095b00000| Untracked 
| 348|0x0000000095c00000, 0x0000000095d00000, 0x0000000095d00000|100%| O|  |TAMS 0x0000000095c00000| PB 0x0000000095c00000| Untracked 
| 349|0x0000000095d00000, 0x0000000095e00000, 0x0000000095e00000|100%| O|  |TAMS 0x0000000095d00000| PB 0x0000000095d00000| Untracked 
| 350|0x0000000095e00000, 0x0000000095f00000, 0x0000000095f00000|100%| O|  |TAMS 0x0000000095e00000| PB 0x0000000095e00000| Untracked 
| 351|0x0000000095f00000, 0x0000000096000000, 0x0000000096000000|100%| O|  |TAMS 0x0000000095f00000| PB 0x0000000095f00000| Untracked 
| 352|0x0000000096000000, 0x0000000096100000, 0x0000000096100000|100%| O|  |TAMS 0x0000000096000000| PB 0x0000000096000000| Untracked 
| 353|0x0000000096100000, 0x0000000096200000, 0x0000000096200000|100%| O|  |TAMS 0x0000000096100000| PB 0x0000000096100000| Untracked 
| 354|0x0000000096200000, 0x0000000096300000, 0x0000000096300000|100%| O|Cm|TAMS 0x0000000096200000| PB 0x0000000096200000| Complete 
| 355|0x0000000096300000, 0x0000000096400000, 0x0000000096400000|100%| O|  |TAMS 0x0000000096300000| PB 0x0000000096300000| Untracked 
| 356|0x0000000096400000, 0x0000000096500000, 0x0000000096500000|100%| O|  |TAMS 0x0000000096400000| PB 0x0000000096400000| Untracked 
| 357|0x0000000096500000, 0x0000000096600000, 0x0000000096600000|100%| O|  |TAMS 0x0000000096500000| PB 0x0000000096500000| Untracked 
| 358|0x0000000096600000, 0x0000000096700000, 0x0000000096700000|100%| O|  |TAMS 0x0000000096600000| PB 0x0000000096600000| Untracked 
| 359|0x0000000096700000, 0x0000000096800000, 0x0000000096800000|100%| O|  |TAMS 0x0000000096700000| PB 0x0000000096700000| Untracked 
| 360|0x0000000096800000, 0x0000000096900000, 0x0000000096900000|100%|HS|  |TAMS 0x0000000096800000| PB 0x0000000096800000| Complete 
| 361|0x0000000096900000, 0x0000000096a00000, 0x0000000096a00000|100%| O|  |TAMS 0x0000000096900000| PB 0x0000000096900000| Untracked 
| 362|0x0000000096a00000, 0x0000000096b00000, 0x0000000096b00000|100%|HS|  |TAMS 0x0000000096a00000| PB 0x0000000096a00000| Complete 
| 363|0x0000000096b00000, 0x0000000096c00000, 0x0000000096c00000|100%|HS|  |TAMS 0x0000000096b00000| PB 0x0000000096b00000| Complete 
| 364|0x0000000096c00000, 0x0000000096d00000, 0x0000000096d00000|100%| O|  |TAMS 0x0000000096c00000| PB 0x0000000096c00000| Untracked 
| 365|0x0000000096d00000, 0x0000000096e00000, 0x0000000096e00000|100%| O|Cm|TAMS 0x0000000096d00000| PB 0x0000000096d00000| Complete 
| 366|0x0000000096e00000, 0x0000000096f00000, 0x0000000096f00000|100%| O|  |TAMS 0x0000000096e00000| PB 0x0000000096e00000| Untracked 
| 367|0x0000000096f00000, 0x0000000097000000, 0x0000000097000000|100%| O|  |TAMS 0x0000000096f00000| PB 0x0000000096f00000| Untracked 
| 368|0x0000000097000000, 0x0000000097100000, 0x0000000097100000|100%| O|Cm|TAMS 0x0000000097000000| PB 0x0000000097000000| Complete 
| 369|0x0000000097100000, 0x0000000097200000, 0x0000000097200000|100%| O|  |TAMS 0x0000000097100000| PB 0x0000000097100000| Untracked 
| 370|0x0000000097200000, 0x0000000097300000, 0x0000000097300000|100%| O|  |TAMS 0x0000000097200000| PB 0x0000000097200000| Untracked 
| 371|0x0000000097300000, 0x0000000097400000, 0x0000000097400000|100%| O|  |TAMS 0x0000000097300000| PB 0x0000000097300000| Untracked 
| 372|0x0000000097400000, 0x0000000097500000, 0x0000000097500000|100%| O|  |TAMS 0x0000000097400000| PB 0x0000000097400000| Untracked 
| 373|0x0000000097500000, 0x0000000097600000, 0x0000000097600000|100%| O|  |TAMS 0x0000000097500000| PB 0x0000000097500000| Untracked 
| 374|0x0000000097600000, 0x0000000097700000, 0x0000000097700000|100%| O|  |TAMS 0x0000000097600000| PB 0x0000000097600000| Untracked 
| 375|0x0000000097700000, 0x0000000097800000, 0x0000000097800000|100%| O|  |TAMS 0x0000000097700000| PB 0x0000000097700000| Untracked 
| 376|0x0000000097800000, 0x0000000097900000, 0x0000000097900000|100%| O|  |TAMS 0x0000000097800000| PB 0x0000000097800000| Untracked 
| 377|0x0000000097900000, 0x0000000097a00000, 0x0000000097a00000|100%| O|  |TAMS 0x0000000097900000| PB 0x0000000097900000| Untracked 
| 378|0x0000000097a00000, 0x0000000097b00000, 0x0000000097b00000|100%|HS|  |TAMS 0x0000000097a00000| PB 0x0000000097a00000| Complete 
| 379|0x0000000097b00000, 0x0000000097c00000, 0x0000000097c00000|100%| O|  |TAMS 0x0000000097b00000| PB 0x0000000097b00000| Untracked 
| 380|0x0000000097c00000, 0x0000000097d00000, 0x0000000097d00000|100%| O|  |TAMS 0x0000000097c00000| PB 0x0000000097c00000| Untracked 
| 381|0x0000000097d00000, 0x0000000097e00000, 0x0000000097e00000|100%|HS|  |TAMS 0x0000000097d00000| PB 0x0000000097d00000| Complete 
| 382|0x0000000097e00000, 0x0000000097f00000, 0x0000000097f00000|100%|HS|  |TAMS 0x0000000097e00000| PB 0x0000000097e00000| Complete 
| 383|0x0000000097f00000, 0x0000000098000000, 0x0000000098000000|100%|HS|  |TAMS 0x0000000097f00000| PB 0x0000000097f00000| Complete 
| 384|0x0000000098000000, 0x0000000098100000, 0x0000000098100000|100%|HS|  |TAMS 0x0000000098000000| PB 0x0000000098000000| Complete 
| 385|0x0000000098100000, 0x0000000098200000, 0x0000000098200000|100%| O|  |TAMS 0x0000000098100000| PB 0x0000000098100000| Untracked 
| 386|0x0000000098200000, 0x0000000098300000, 0x0000000098300000|100%| O|  |TAMS 0x0000000098200000| PB 0x0000000098200000| Untracked 
| 387|0x0000000098300000, 0x0000000098400000, 0x0000000098400000|100%| O|  |TAMS 0x0000000098300000| PB 0x0000000098300000| Untracked 
| 388|0x0000000098400000, 0x0000000098500000, 0x0000000098500000|100%| O|  |TAMS 0x0000000098400000| PB 0x0000000098400000| Untracked 
| 389|0x0000000098500000, 0x0000000098600000, 0x0000000098600000|100%| O|  |TAMS 0x0000000098500000| PB 0x0000000098500000| Untracked 
| 390|0x0000000098600000, 0x0000000098700000, 0x0000000098700000|100%| O|  |TAMS 0x0000000098600000| PB 0x0000000098600000| Untracked 
| 391|0x0000000098700000, 0x0000000098800000, 0x0000000098800000|100%| O|  |TAMS 0x0000000098700000| PB 0x0000000098700000| Untracked 
| 392|0x0000000098800000, 0x0000000098900000, 0x0000000098900000|100%| O|  |TAMS 0x0000000098800000| PB 0x0000000098800000| Untracked 
| 393|0x0000000098900000, 0x0000000098a00000, 0x0000000098a00000|100%| O|  |TAMS 0x0000000098900000| PB 0x0000000098900000| Untracked 
| 394|0x0000000098a00000, 0x0000000098b00000, 0x0000000098b00000|100%| O|  |TAMS 0x0000000098a00000| PB 0x0000000098a00000| Untracked 
| 395|0x0000000098b00000, 0x0000000098c00000, 0x0000000098c00000|100%| O|  |TAMS 0x0000000098b00000| PB 0x0000000098b00000| Untracked 
| 396|0x0000000098c00000, 0x0000000098d00000, 0x0000000098d00000|100%| O|  |TAMS 0x0000000098c00000| PB 0x0000000098c00000| Untracked 
| 397|0x0000000098d00000, 0x0000000098e00000, 0x0000000098e00000|100%| O|  |TAMS 0x0000000098d00000| PB 0x0000000098d00000| Untracked 
| 398|0x0000000098e00000, 0x0000000098f00000, 0x0000000098f00000|100%| O|  |TAMS 0x0000000098e00000| PB 0x0000000098e00000| Untracked 
| 399|0x0000000098f00000, 0x0000000099000000, 0x0000000099000000|100%| O|Cm|TAMS 0x0000000098f00000| PB 0x0000000098f00000| Complete 
| 400|0x0000000099000000, 0x0000000099100000, 0x0000000099100000|100%| O|  |TAMS 0x0000000099000000| PB 0x0000000099000000| Untracked 
| 401|0x0000000099100000, 0x0000000099200000, 0x0000000099200000|100%| O|  |TAMS 0x0000000099100000| PB 0x0000000099100000| Untracked 
| 402|0x0000000099200000, 0x0000000099300000, 0x0000000099300000|100%| O|  |TAMS 0x0000000099200000| PB 0x0000000099200000| Untracked 
| 403|0x0000000099300000, 0x0000000099400000, 0x0000000099400000|100%| O|  |TAMS 0x0000000099300000| PB 0x0000000099300000| Untracked 
| 404|0x0000000099400000, 0x0000000099500000, 0x0000000099500000|100%| O|  |TAMS 0x0000000099400000| PB 0x0000000099400000| Untracked 
| 405|0x0000000099500000, 0x0000000099600000, 0x0000000099600000|100%| O|  |TAMS 0x0000000099500000| PB 0x0000000099500000| Untracked 
| 406|0x0000000099600000, 0x0000000099700000, 0x0000000099700000|100%| O|  |TAMS 0x0000000099600000| PB 0x0000000099600000| Untracked 
| 407|0x0000000099700000, 0x0000000099800000, 0x0000000099800000|100%| O|  |TAMS 0x0000000099700000| PB 0x0000000099700000| Untracked 
| 408|0x0000000099800000, 0x0000000099900000, 0x0000000099900000|100%| O|Cm|TAMS 0x0000000099800000| PB 0x0000000099800000| Complete 
| 409|0x0000000099900000, 0x0000000099a00000, 0x0000000099a00000|100%| O|  |TAMS 0x0000000099900000| PB 0x0000000099900000| Untracked 
| 410|0x0000000099a00000, 0x0000000099b00000, 0x0000000099b00000|100%| O|  |TAMS 0x0000000099a00000| PB 0x0000000099a00000| Untracked 
| 411|0x0000000099b00000, 0x0000000099c00000, 0x0000000099c00000|100%| O|  |TAMS 0x0000000099b00000| PB 0x0000000099b00000| Untracked 
| 412|0x0000000099c00000, 0x0000000099d00000, 0x0000000099d00000|100%| O|  |TAMS 0x0000000099c00000| PB 0x0000000099c00000| Untracked 
| 413|0x0000000099d00000, 0x0000000099e00000, 0x0000000099e00000|100%| O|  |TAMS 0x0000000099d00000| PB 0x0000000099d00000| Untracked 
| 414|0x0000000099e00000, 0x0000000099f00000, 0x0000000099f00000|100%| O|  |TAMS 0x0000000099e00000| PB 0x0000000099e00000| Untracked 
| 415|0x0000000099f00000, 0x000000009a000000, 0x000000009a000000|100%| O|  |TAMS 0x0000000099f00000| PB 0x0000000099f00000| Untracked 
| 416|0x000000009a000000, 0x000000009a100000, 0x000000009a100000|100%| O|  |TAMS 0x000000009a000000| PB 0x000000009a000000| Untracked 
| 417|0x000000009a100000, 0x000000009a200000, 0x000000009a200000|100%| O|  |TAMS 0x000000009a100000| PB 0x000000009a100000| Untracked 
| 418|0x000000009a200000, 0x000000009a300000, 0x000000009a300000|100%| O|  |TAMS 0x000000009a200000| PB 0x000000009a200000| Untracked 
| 419|0x000000009a300000, 0x000000009a400000, 0x000000009a400000|100%| O|  |TAMS 0x000000009a300000| PB 0x000000009a300000| Untracked 
| 420|0x000000009a400000, 0x000000009a500000, 0x000000009a500000|100%| O|  |TAMS 0x000000009a400000| PB 0x000000009a400000| Untracked 
| 421|0x000000009a500000, 0x000000009a600000, 0x000000009a600000|100%| O|  |TAMS 0x000000009a500000| PB 0x000000009a500000| Untracked 
| 422|0x000000009a600000, 0x000000009a700000, 0x000000009a700000|100%| O|  |TAMS 0x000000009a600000| PB 0x000000009a600000| Untracked 
| 423|0x000000009a700000, 0x000000009a800000, 0x000000009a800000|100%| O|  |TAMS 0x000000009a700000| PB 0x000000009a700000| Untracked 
| 424|0x000000009a800000, 0x000000009a900000, 0x000000009a900000|100%| O|  |TAMS 0x000000009a800000| PB 0x000000009a800000| Untracked 
| 425|0x000000009a900000, 0x000000009aa00000, 0x000000009aa00000|100%| O|  |TAMS 0x000000009a900000| PB 0x000000009a900000| Untracked 
| 426|0x000000009aa00000, 0x000000009ab00000, 0x000000009ab00000|100%| O|  |TAMS 0x000000009aa00000| PB 0x000000009aa00000| Untracked 
| 427|0x000000009ab00000, 0x000000009ac00000, 0x000000009ac00000|100%| O|  |TAMS 0x000000009ab00000| PB 0x000000009ab00000| Untracked 
| 428|0x000000009ac00000, 0x000000009ad00000, 0x000000009ad00000|100%| O|  |TAMS 0x000000009ac00000| PB 0x000000009ac00000| Untracked 
| 429|0x000000009ad00000, 0x000000009ae00000, 0x000000009ae00000|100%|HS|  |TAMS 0x000000009ad00000| PB 0x000000009ad00000| Complete 
| 430|0x000000009ae00000, 0x000000009af00000, 0x000000009af00000|100%|HS|  |TAMS 0x000000009ae00000| PB 0x000000009ae00000| Complete 
| 431|0x000000009af00000, 0x000000009b000000, 0x000000009b000000|100%|HS|  |TAMS 0x000000009af00000| PB 0x000000009af00000| Complete 
| 432|0x000000009b000000, 0x000000009b100000, 0x000000009b100000|100%|HC|  |TAMS 0x000000009b000000| PB 0x000000009b000000| Complete 
| 433|0x000000009b100000, 0x000000009b200000, 0x000000009b200000|100%|HS|  |TAMS 0x000000009b100000| PB 0x000000009b100000| Complete 
| 434|0x000000009b200000, 0x000000009b300000, 0x000000009b300000|100%| O|  |TAMS 0x000000009b200000| PB 0x000000009b200000| Untracked 
| 435|0x000000009b300000, 0x000000009b400000, 0x000000009b400000|100%| O|  |TAMS 0x000000009b300000| PB 0x000000009b300000| Untracked 
| 436|0x000000009b400000, 0x000000009b500000, 0x000000009b500000|100%| O|  |TAMS 0x000000009b400000| PB 0x000000009b400000| Untracked 
| 437|0x000000009b500000, 0x000000009b600000, 0x000000009b600000|100%| O|  |TAMS 0x000000009b500000| PB 0x000000009b500000| Untracked 
| 438|0x000000009b600000, 0x000000009b700000, 0x000000009b700000|100%| O|  |TAMS 0x000000009b600000| PB 0x000000009b600000| Untracked 
| 439|0x000000009b700000, 0x000000009b800000, 0x000000009b800000|100%| O|  |TAMS 0x000000009b700000| PB 0x000000009b700000| Untracked 
| 440|0x000000009b800000, 0x000000009b900000, 0x000000009b900000|100%| O|  |TAMS 0x000000009b800000| PB 0x000000009b800000| Untracked 
| 441|0x000000009b900000, 0x000000009ba00000, 0x000000009ba00000|100%| O|  |TAMS 0x000000009b900000| PB 0x000000009b900000| Untracked 
| 442|0x000000009ba00000, 0x000000009bb00000, 0x000000009bb00000|100%| O|  |TAMS 0x000000009ba00000| PB 0x000000009ba00000| Untracked 
| 443|0x000000009bb00000, 0x000000009bc00000, 0x000000009bc00000|100%| O|  |TAMS 0x000000009bb00000| PB 0x000000009bb00000| Untracked 
| 444|0x000000009bc00000, 0x000000009bd00000, 0x000000009bd00000|100%| O|  |TAMS 0x000000009bc00000| PB 0x000000009bc00000| Untracked 
| 445|0x000000009bd00000, 0x000000009be00000, 0x000000009be00000|100%| O|  |TAMS 0x000000009bd00000| PB 0x000000009bd00000| Untracked 
| 446|0x000000009be00000, 0x000000009bf00000, 0x000000009bf00000|100%| O|  |TAMS 0x000000009be00000| PB 0x000000009be00000| Untracked 
| 447|0x000000009bf00000, 0x000000009c000000, 0x000000009c000000|100%| O|  |TAMS 0x000000009bf00000| PB 0x000000009bf00000| Untracked 
| 448|0x000000009c000000, 0x000000009c100000, 0x000000009c100000|100%| O|  |TAMS 0x000000009c000000| PB 0x000000009c000000| Untracked 
| 449|0x000000009c100000, 0x000000009c200000, 0x000000009c200000|100%| O|  |TAMS 0x000000009c100000| PB 0x000000009c100000| Untracked 
| 450|0x000000009c200000, 0x000000009c300000, 0x000000009c300000|100%| O|  |TAMS 0x000000009c200000| PB 0x000000009c200000| Untracked 
| 451|0x000000009c300000, 0x000000009c400000, 0x000000009c400000|100%| O|  |TAMS 0x000000009c300000| PB 0x000000009c300000| Untracked 
| 452|0x000000009c400000, 0x000000009c500000, 0x000000009c500000|100%| O|  |TAMS 0x000000009c400000| PB 0x000000009c400000| Untracked 
| 453|0x000000009c500000, 0x000000009c600000, 0x000000009c600000|100%| O|  |TAMS 0x000000009c500000| PB 0x000000009c500000| Untracked 
| 454|0x000000009c600000, 0x000000009c700000, 0x000000009c700000|100%| O|  |TAMS 0x000000009c600000| PB 0x000000009c600000| Untracked 
| 455|0x000000009c700000, 0x000000009c800000, 0x000000009c800000|100%| O|  |TAMS 0x000000009c700000| PB 0x000000009c700000| Untracked 
| 456|0x000000009c800000, 0x000000009c900000, 0x000000009c900000|100%| O|  |TAMS 0x000000009c800000| PB 0x000000009c800000| Untracked 
| 457|0x000000009c900000, 0x000000009ca00000, 0x000000009ca00000|100%| O|  |TAMS 0x000000009c900000| PB 0x000000009c900000| Untracked 
| 458|0x000000009ca00000, 0x000000009cb00000, 0x000000009cb00000|100%| O|  |TAMS 0x000000009ca00000| PB 0x000000009ca00000| Untracked 
| 459|0x000000009cb00000, 0x000000009cc00000, 0x000000009cc00000|100%| O|  |TAMS 0x000000009cb00000| PB 0x000000009cb00000| Untracked 
| 460|0x000000009cc00000, 0x000000009cd00000, 0x000000009cd00000|100%| O|Cm|TAMS 0x000000009cc00000| PB 0x000000009cc00000| Complete 
| 461|0x000000009cd00000, 0x000000009ce00000, 0x000000009ce00000|100%| O|  |TAMS 0x000000009cd00000| PB 0x000000009cd00000| Untracked 
| 462|0x000000009ce00000, 0x000000009cf00000, 0x000000009cf00000|100%| O|  |TAMS 0x000000009ce00000| PB 0x000000009ce00000| Untracked 
| 463|0x000000009cf00000, 0x000000009d000000, 0x000000009d000000|100%| O|Cm|TAMS 0x000000009cf00000| PB 0x000000009cf00000| Complete 
| 464|0x000000009d000000, 0x000000009d100000, 0x000000009d100000|100%| O|  |TAMS 0x000000009d000000| PB 0x000000009d000000| Untracked 
| 465|0x000000009d100000, 0x000000009d200000, 0x000000009d200000|100%| O|  |TAMS 0x000000009d100000| PB 0x000000009d100000| Untracked 
| 466|0x000000009d200000, 0x000000009d300000, 0x000000009d300000|100%| O|  |TAMS 0x000000009d200000| PB 0x000000009d200000| Untracked 
| 467|0x000000009d300000, 0x000000009d400000, 0x000000009d400000|100%| O|  |TAMS 0x000000009d300000| PB 0x000000009d300000| Untracked 
| 468|0x000000009d400000, 0x000000009d500000, 0x000000009d500000|100%| O|  |TAMS 0x000000009d400000| PB 0x000000009d400000| Untracked 
| 469|0x000000009d500000, 0x000000009d600000, 0x000000009d600000|100%| O|  |TAMS 0x000000009d500000| PB 0x000000009d500000| Untracked 
| 470|0x000000009d600000, 0x000000009d700000, 0x000000009d700000|100%| O|Cm|TAMS 0x000000009d600000| PB 0x000000009d600000| Complete 
| 471|0x000000009d700000, 0x000000009d800000, 0x000000009d800000|100%| O|  |TAMS 0x000000009d700000| PB 0x000000009d700000| Untracked 
| 472|0x000000009d800000, 0x000000009d900000, 0x000000009d900000|100%| O|  |TAMS 0x000000009d800000| PB 0x000000009d800000| Untracked 
| 473|0x000000009d900000, 0x000000009da00000, 0x000000009da00000|100%| O|  |TAMS 0x000000009d900000| PB 0x000000009d900000| Untracked 
| 474|0x000000009da00000, 0x000000009db00000, 0x000000009db00000|100%| O|  |TAMS 0x000000009da00000| PB 0x000000009da00000| Untracked 
| 475|0x000000009db00000, 0x000000009dc00000, 0x000000009dc00000|100%| O|  |TAMS 0x000000009db00000| PB 0x000000009db00000| Untracked 
| 476|0x000000009dc00000, 0x000000009dd00000, 0x000000009dd00000|100%| O|  |TAMS 0x000000009dc00000| PB 0x000000009dc00000| Untracked 
| 477|0x000000009dd00000, 0x000000009de00000, 0x000000009de00000|100%| O|Cm|TAMS 0x000000009dd00000| PB 0x000000009dd00000| Complete 
| 478|0x000000009de00000, 0x000000009df00000, 0x000000009df00000|100%| O|  |TAMS 0x000000009de00000| PB 0x000000009de00000| Untracked 
| 479|0x000000009df00000, 0x000000009e000000, 0x000000009e000000|100%| O|Cm|TAMS 0x000000009df00000| PB 0x000000009df00000| Complete 
| 480|0x000000009e000000, 0x000000009e100000, 0x000000009e100000|100%| O|  |TAMS 0x000000009e000000| PB 0x000000009e000000| Untracked 
| 481|0x000000009e100000, 0x000000009e200000, 0x000000009e200000|100%| O|Cm|TAMS 0x000000009e100000| PB 0x000000009e100000| Complete 
| 482|0x000000009e200000, 0x000000009e300000, 0x000000009e300000|100%| O|Cm|TAMS 0x000000009e200000| PB 0x000000009e200000| Complete 
| 483|0x000000009e300000, 0x000000009e400000, 0x000000009e400000|100%| O|  |TAMS 0x000000009e300000| PB 0x000000009e300000| Untracked 
| 484|0x000000009e400000, 0x000000009e500000, 0x000000009e500000|100%|HS|  |TAMS 0x000000009e400000| PB 0x000000009e400000| Complete 
| 485|0x000000009e500000, 0x000000009e600000, 0x000000009e600000|100%| O|Cm|TAMS 0x000000009e500000| PB 0x000000009e500000| Complete 
| 486|0x000000009e600000, 0x000000009e700000, 0x000000009e700000|100%| O|  |TAMS 0x000000009e600000| PB 0x000000009e600000| Untracked 
| 487|0x000000009e700000, 0x000000009e800000, 0x000000009e800000|100%| O|  |TAMS 0x000000009e700000| PB 0x000000009e700000| Untracked 
| 488|0x000000009e800000, 0x000000009e900000, 0x000000009e900000|100%| O|Cm|TAMS 0x000000009e800000| PB 0x000000009e800000| Complete 
| 489|0x000000009e900000, 0x000000009ea00000, 0x000000009ea00000|100%| O|  |TAMS 0x000000009e900000| PB 0x000000009e900000| Untracked 
| 490|0x000000009ea00000, 0x000000009eb00000, 0x000000009eb00000|100%| O|  |TAMS 0x000000009ea00000| PB 0x000000009ea00000| Untracked 
| 491|0x000000009eb00000, 0x000000009ec00000, 0x000000009ec00000|100%| O|  |TAMS 0x000000009eb00000| PB 0x000000009eb00000| Untracked 
| 492|0x000000009ec00000, 0x000000009ed00000, 0x000000009ed00000|100%| O|  |TAMS 0x000000009ec00000| PB 0x000000009ec00000| Untracked 
| 493|0x000000009ed00000, 0x000000009ee00000, 0x000000009ee00000|100%| O|  |TAMS 0x000000009ed00000| PB 0x000000009ed00000| Untracked 
| 494|0x000000009ee00000, 0x000000009ef00000, 0x000000009ef00000|100%| O|  |TAMS 0x000000009ee00000| PB 0x000000009ee00000| Untracked 
| 495|0x000000009ef00000, 0x000000009f000000, 0x000000009f000000|100%| O|  |TAMS 0x000000009ef00000| PB 0x000000009ef00000| Untracked 
| 496|0x000000009f000000, 0x000000009f100000, 0x000000009f100000|100%| O|  |TAMS 0x000000009f000000| PB 0x000000009f000000| Untracked 
| 497|0x000000009f100000, 0x000000009f200000, 0x000000009f200000|100%| O|  |TAMS 0x000000009f100000| PB 0x000000009f100000| Untracked 
| 498|0x000000009f200000, 0x000000009f300000, 0x000000009f300000|100%| O|  |TAMS 0x000000009f200000| PB 0x000000009f200000| Untracked 
| 499|0x000000009f300000, 0x000000009f400000, 0x000000009f400000|100%| O|  |TAMS 0x000000009f300000| PB 0x000000009f300000| Untracked 
| 500|0x000000009f400000, 0x000000009f500000, 0x000000009f500000|100%| O|  |TAMS 0x000000009f400000| PB 0x000000009f400000| Untracked 
| 501|0x000000009f500000, 0x000000009f600000, 0x000000009f600000|100%| O|  |TAMS 0x000000009f500000| PB 0x000000009f500000| Untracked 
| 502|0x000000009f600000, 0x000000009f700000, 0x000000009f700000|100%| O|  |TAMS 0x000000009f600000| PB 0x000000009f600000| Untracked 
| 503|0x000000009f700000, 0x000000009f800000, 0x000000009f800000|100%| O|  |TAMS 0x000000009f700000| PB 0x000000009f700000| Untracked 
| 504|0x000000009f800000, 0x000000009f900000, 0x000000009f900000|100%|HS|  |TAMS 0x000000009f800000| PB 0x000000009f800000| Complete 
| 505|0x000000009f900000, 0x000000009fa00000, 0x000000009fa00000|100%|HC|  |TAMS 0x000000009f900000| PB 0x000000009f900000| Complete 
| 506|0x000000009fa00000, 0x000000009fb00000, 0x000000009fb00000|100%| O|  |TAMS 0x000000009fa00000| PB 0x000000009fa00000| Untracked 
| 507|0x000000009fb00000, 0x000000009fc00000, 0x000000009fc00000|100%| O|  |TAMS 0x000000009fb00000| PB 0x000000009fb00000| Untracked 
| 508|0x000000009fc00000, 0x000000009fd00000, 0x000000009fd00000|100%| O|  |TAMS 0x000000009fc00000| PB 0x000000009fc00000| Untracked 
| 509|0x000000009fd00000, 0x000000009fe00000, 0x000000009fe00000|100%| O|  |TAMS 0x000000009fd00000| PB 0x000000009fd00000| Untracked 
| 510|0x000000009fe00000, 0x000000009ff00000, 0x000000009ff00000|100%|HS|  |TAMS 0x000000009fe00000| PB 0x000000009fe00000| Complete 
| 511|0x000000009ff00000, 0x00000000a0000000, 0x00000000a0000000|100%|HS|  |TAMS 0x000000009ff00000| PB 0x000000009ff00000| Complete 
| 512|0x00000000a0000000, 0x00000000a0100000, 0x00000000a0100000|100%|HS|  |TAMS 0x00000000a0000000| PB 0x00000000a0000000| Complete 
| 513|0x00000000a0100000, 0x00000000a0200000, 0x00000000a0200000|100%| O|  |TAMS 0x00000000a0100000| PB 0x00000000a0100000| Untracked 
| 514|0x00000000a0200000, 0x00000000a0300000, 0x00000000a0300000|100%| O|  |TAMS 0x00000000a0200000| PB 0x00000000a0200000| Untracked 
| 515|0x00000000a0300000, 0x00000000a0400000, 0x00000000a0400000|100%| O|  |TAMS 0x00000000a0300000| PB 0x00000000a0300000| Untracked 
| 516|0x00000000a0400000, 0x00000000a0500000, 0x00000000a0500000|100%| O|  |TAMS 0x00000000a0400000| PB 0x00000000a0400000| Untracked 
| 517|0x00000000a0500000, 0x00000000a0600000, 0x00000000a0600000|100%| O|Cm|TAMS 0x00000000a0500000| PB 0x00000000a0500000| Complete 
| 518|0x00000000a0600000, 0x00000000a0700000, 0x00000000a0700000|100%| O|  |TAMS 0x00000000a0600000| PB 0x00000000a0600000| Untracked 
| 519|0x00000000a0700000, 0x00000000a0800000, 0x00000000a0800000|100%| O|  |TAMS 0x00000000a0700000| PB 0x00000000a0700000| Untracked 
| 520|0x00000000a0800000, 0x00000000a0900000, 0x00000000a0900000|100%| O|Cm|TAMS 0x00000000a0800000| PB 0x00000000a0800000| Complete 
| 521|0x00000000a0900000, 0x00000000a0a00000, 0x00000000a0a00000|100%| O|Cm|TAMS 0x00000000a0900000| PB 0x00000000a0900000| Complete 
| 522|0x00000000a0a00000, 0x00000000a0b00000, 0x00000000a0b00000|100%| O|  |TAMS 0x00000000a0a00000| PB 0x00000000a0a00000| Untracked 
| 523|0x00000000a0b00000, 0x00000000a0c00000, 0x00000000a0c00000|100%| O|Cm|TAMS 0x00000000a0b00000| PB 0x00000000a0b00000| Complete 
| 524|0x00000000a0c00000, 0x00000000a0d00000, 0x00000000a0d00000|100%| O|  |TAMS 0x00000000a0c00000| PB 0x00000000a0c00000| Untracked 
| 525|0x00000000a0d00000, 0x00000000a0e00000, 0x00000000a0e00000|100%| O|Cm|TAMS 0x00000000a0d00000| PB 0x00000000a0d00000| Complete 
| 526|0x00000000a0e00000, 0x00000000a0f00000, 0x00000000a0f00000|100%| O|  |TAMS 0x00000000a0e00000| PB 0x00000000a0e00000| Untracked 
| 527|0x00000000a0f00000, 0x00000000a1000000, 0x00000000a1000000|100%| O|  |TAMS 0x00000000a0f00000| PB 0x00000000a0f00000| Untracked 
| 528|0x00000000a1000000, 0x00000000a1100000, 0x00000000a1100000|100%| O|Cm|TAMS 0x00000000a1000000| PB 0x00000000a1000000| Complete 
| 529|0x00000000a1100000, 0x00000000a1200000, 0x00000000a1200000|100%| O|Cm|TAMS 0x00000000a1100000| PB 0x00000000a1100000| Complete 
| 530|0x00000000a1200000, 0x00000000a1300000, 0x00000000a1300000|100%| O|  |TAMS 0x00000000a1200000| PB 0x00000000a1200000| Untracked 
| 531|0x00000000a1300000, 0x00000000a1400000, 0x00000000a1400000|100%|HS|  |TAMS 0x00000000a1300000| PB 0x00000000a1300000| Complete 
| 532|0x00000000a1400000, 0x00000000a1500000, 0x00000000a1500000|100%|HC|  |TAMS 0x00000000a1400000| PB 0x00000000a1400000| Complete 
| 533|0x00000000a1500000, 0x00000000a1600000, 0x00000000a1600000|100%|HC|  |TAMS 0x00000000a1500000| PB 0x00000000a1500000| Complete 
| 534|0x00000000a1600000, 0x00000000a1700000, 0x00000000a1700000|100%|HS|  |TAMS 0x00000000a1600000| PB 0x00000000a1600000| Complete 
| 535|0x00000000a1700000, 0x00000000a1800000, 0x00000000a1800000|100%| O|  |TAMS 0x00000000a1700000| PB 0x00000000a1700000| Untracked 
| 536|0x00000000a1800000, 0x00000000a1900000, 0x00000000a1900000|100%| O|  |TAMS 0x00000000a1800000| PB 0x00000000a1800000| Untracked 
| 537|0x00000000a1900000, 0x00000000a1a00000, 0x00000000a1a00000|100%|HS|  |TAMS 0x00000000a1900000| PB 0x00000000a1900000| Complete 
| 538|0x00000000a1a00000, 0x00000000a1b00000, 0x00000000a1b00000|100%|HC|  |TAMS 0x00000000a1a00000| PB 0x00000000a1a00000| Complete 
| 539|0x00000000a1b00000, 0x00000000a1c00000, 0x00000000a1c00000|100%|HS|  |TAMS 0x00000000a1b00000| PB 0x00000000a1b00000| Complete 
| 540|0x00000000a1c00000, 0x00000000a1d00000, 0x00000000a1d00000|100%|HS|  |TAMS 0x00000000a1c00000| PB 0x00000000a1c00000| Complete 
| 541|0x00000000a1d00000, 0x00000000a1e00000, 0x00000000a1e00000|100%|HC|  |TAMS 0x00000000a1d00000| PB 0x00000000a1d00000| Complete 
| 542|0x00000000a1e00000, 0x00000000a1f00000, 0x00000000a1f00000|100%|HC|  |TAMS 0x00000000a1e00000| PB 0x00000000a1e00000| Complete 
| 543|0x00000000a1f00000, 0x00000000a2000000, 0x00000000a2000000|100%|HS|  |TAMS 0x00000000a1f00000| PB 0x00000000a1f00000| Complete 
| 544|0x00000000a2000000, 0x00000000a2100000, 0x00000000a2100000|100%|HC|  |TAMS 0x00000000a2000000| PB 0x00000000a2000000| Complete 
| 545|0x00000000a2100000, 0x00000000a2200000, 0x00000000a2200000|100%|HS|  |TAMS 0x00000000a2100000| PB 0x00000000a2100000| Complete 
| 546|0x00000000a2200000, 0x00000000a2300000, 0x00000000a2300000|100%|HC|  |TAMS 0x00000000a2200000| PB 0x00000000a2200000| Complete 
| 547|0x00000000a2300000, 0x00000000a2400000, 0x00000000a2400000|100%|HS|  |TAMS 0x00000000a2300000| PB 0x00000000a2300000| Complete 
| 548|0x00000000a2400000, 0x00000000a2500000, 0x00000000a2500000|100%| O|  |TAMS 0x00000000a2400000| PB 0x00000000a2400000| Untracked 
| 549|0x00000000a2500000, 0x00000000a2600000, 0x00000000a2600000|100%| O|  |TAMS 0x00000000a2500000| PB 0x00000000a2500000| Untracked 
| 550|0x00000000a2600000, 0x00000000a2700000, 0x00000000a2700000|100%| O|  |TAMS 0x00000000a2600000| PB 0x00000000a2600000| Untracked 
| 551|0x00000000a2700000, 0x00000000a2800000, 0x00000000a2800000|100%| O|Cm|TAMS 0x00000000a2700000| PB 0x00000000a2700000| Complete 
| 552|0x00000000a2800000, 0x00000000a2900000, 0x00000000a2900000|100%| O|Cm|TAMS 0x00000000a2800000| PB 0x00000000a2800000| Complete 
| 553|0x00000000a2900000, 0x00000000a2a00000, 0x00000000a2a00000|100%| O|  |TAMS 0x00000000a2900000| PB 0x00000000a2900000| Untracked 
| 554|0x00000000a2a00000, 0x00000000a2b00000, 0x00000000a2b00000|100%| O|  |TAMS 0x00000000a2a00000| PB 0x00000000a2a00000| Untracked 
| 555|0x00000000a2b00000, 0x00000000a2c00000, 0x00000000a2c00000|100%| O|  |TAMS 0x00000000a2b00000| PB 0x00000000a2b00000| Untracked 
| 556|0x00000000a2c00000, 0x00000000a2d00000, 0x00000000a2d00000|100%| O|  |TAMS 0x00000000a2c00000| PB 0x00000000a2c00000| Untracked 
| 557|0x00000000a2d00000, 0x00000000a2e00000, 0x00000000a2e00000|100%| O|  |TAMS 0x00000000a2d00000| PB 0x00000000a2d00000| Untracked 
| 558|0x00000000a2e00000, 0x00000000a2f00000, 0x00000000a2f00000|100%| O|  |TAMS 0x00000000a2e00000| PB 0x00000000a2e00000| Untracked 
| 559|0x00000000a2f00000, 0x00000000a3000000, 0x00000000a3000000|100%|HS|  |TAMS 0x00000000a2f00000| PB 0x00000000a2f00000| Complete 
| 560|0x00000000a3000000, 0x00000000a3100000, 0x00000000a3100000|100%|HC|  |TAMS 0x00000000a3000000| PB 0x00000000a3000000| Complete 
| 561|0x00000000a3100000, 0x00000000a3100000, 0x00000000a3200000|  0%| F|  |TAMS 0x00000000a3100000| PB 0x00000000a3100000| Untracked 
| 562|0x00000000a3200000, 0x00000000a3300000, 0x00000000a3300000|100%|HS|  |TAMS 0x00000000a3200000| PB 0x00000000a3200000| Complete 
| 563|0x00000000a3300000, 0x00000000a3400000, 0x00000000a3400000|100%|HC|  |TAMS 0x00000000a3300000| PB 0x00000000a3300000| Complete 
| 564|0x00000000a3400000, 0x00000000a3500000, 0x00000000a3500000|100%|HC|  |TAMS 0x00000000a3400000| PB 0x00000000a3400000| Complete 
| 565|0x00000000a3500000, 0x00000000a3600000, 0x00000000a3600000|100%|HC|  |TAMS 0x00000000a3500000| PB 0x00000000a3500000| Complete 
| 566|0x00000000a3600000, 0x00000000a3700000, 0x00000000a3700000|100%|HC|  |TAMS 0x00000000a3600000| PB 0x00000000a3600000| Complete 
| 567|0x00000000a3700000, 0x00000000a3800000, 0x00000000a3800000|100%|HC|  |TAMS 0x00000000a3700000| PB 0x00000000a3700000| Complete 
| 568|0x00000000a3800000, 0x00000000a3900000, 0x00000000a3900000|100%|HS|  |TAMS 0x00000000a3800000| PB 0x00000000a3800000| Complete 
| 569|0x00000000a3900000, 0x00000000a3a00000, 0x00000000a3a00000|100%|HC|  |TAMS 0x00000000a3900000| PB 0x00000000a3900000| Complete 
| 570|0x00000000a3a00000, 0x00000000a3b00000, 0x00000000a3b00000|100%|HC|  |TAMS 0x00000000a3a00000| PB 0x00000000a3a00000| Complete 
| 571|0x00000000a3b00000, 0x00000000a3c00000, 0x00000000a3c00000|100%|HC|  |TAMS 0x00000000a3b00000| PB 0x00000000a3b00000| Complete 
| 572|0x00000000a3c00000, 0x00000000a3d00000, 0x00000000a3d00000|100%| O|Cm|TAMS 0x00000000a3c00000| PB 0x00000000a3c00000| Complete 
| 573|0x00000000a3d00000, 0x00000000a3d00000, 0x00000000a3e00000|  0%| F|  |TAMS 0x00000000a3d00000| PB 0x00000000a3d00000| Untracked 
| 574|0x00000000a3e00000, 0x00000000a3e00000, 0x00000000a3f00000|  0%| F|  |TAMS 0x00000000a3e00000| PB 0x00000000a3e00000| Untracked 
| 575|0x00000000a3f00000, 0x00000000a3f00000, 0x00000000a4000000|  0%| F|  |TAMS 0x00000000a3f00000| PB 0x00000000a3f00000| Untracked 
| 576|0x00000000a4000000, 0x00000000a4000000, 0x00000000a4100000|  0%| F|  |TAMS 0x00000000a4000000| PB 0x00000000a4000000| Untracked 
| 577|0x00000000a4100000, 0x00000000a4100000, 0x00000000a4200000|  0%| F|  |TAMS 0x00000000a4100000| PB 0x00000000a4100000| Untracked 
| 578|0x00000000a4200000, 0x00000000a4200000, 0x00000000a4300000|  0%| F|  |TAMS 0x00000000a4200000| PB 0x00000000a4200000| Untracked 
| 579|0x00000000a4300000, 0x00000000a4400000, 0x00000000a4400000|100%| O|  |TAMS 0x00000000a4300000| PB 0x00000000a4300000| Untracked 
| 580|0x00000000a4400000, 0x00000000a4500000, 0x00000000a4500000|100%| O|  |TAMS 0x00000000a4400000| PB 0x00000000a4400000| Untracked 
| 581|0x00000000a4500000, 0x00000000a4500000, 0x00000000a4600000|  0%| F|  |TAMS 0x00000000a4500000| PB 0x00000000a4500000| Untracked 
| 582|0x00000000a4600000, 0x00000000a4600000, 0x00000000a4700000|  0%| F|  |TAMS 0x00000000a4600000| PB 0x00000000a4600000| Untracked 
| 583|0x00000000a4700000, 0x00000000a4700000, 0x00000000a4800000|  0%| F|  |TAMS 0x00000000a4700000| PB 0x00000000a4700000| Untracked 
| 584|0x00000000a4800000, 0x00000000a4800000, 0x00000000a4900000|  0%| F|  |TAMS 0x00000000a4800000| PB 0x00000000a4800000| Untracked 
| 585|0x00000000a4900000, 0x00000000a4a00000, 0x00000000a4a00000|100%| O|  |TAMS 0x00000000a4900000| PB 0x00000000a4900000| Untracked 
| 586|0x00000000a4a00000, 0x00000000a4b00000, 0x00000000a4b00000|100%| O|  |TAMS 0x00000000a4a00000| PB 0x00000000a4a00000| Untracked 
| 587|0x00000000a4b00000, 0x00000000a4c00000, 0x00000000a4c00000|100%| O|  |TAMS 0x00000000a4b00000| PB 0x00000000a4b00000| Untracked 
| 588|0x00000000a4c00000, 0x00000000a4c00000, 0x00000000a4d00000|  0%| F|  |TAMS 0x00000000a4c00000| PB 0x00000000a4c00000| Untracked 
| 589|0x00000000a4d00000, 0x00000000a4d00000, 0x00000000a4e00000|  0%| F|  |TAMS 0x00000000a4d00000| PB 0x00000000a4d00000| Untracked 
| 590|0x00000000a4e00000, 0x00000000a4e00000, 0x00000000a4f00000|  0%| F|  |TAMS 0x00000000a4e00000| PB 0x00000000a4e00000| Untracked 
| 591|0x00000000a4f00000, 0x00000000a4f00000, 0x00000000a5000000|  0%| F|  |TAMS 0x00000000a4f00000| PB 0x00000000a4f00000| Untracked 
| 592|0x00000000a5000000, 0x00000000a5000000, 0x00000000a5100000|  0%| F|  |TAMS 0x00000000a5000000| PB 0x00000000a5000000| Untracked 
| 593|0x00000000a5100000, 0x00000000a5200000, 0x00000000a5200000|100%| O|  |TAMS 0x00000000a5100000| PB 0x00000000a5100000| Untracked 
| 594|0x00000000a5200000, 0x00000000a5300000, 0x00000000a5300000|100%| O|  |TAMS 0x00000000a5200000| PB 0x00000000a5200000| Untracked 
| 595|0x00000000a5300000, 0x00000000a5400000, 0x00000000a5400000|100%| O|Cm|TAMS 0x00000000a5300000| PB 0x00000000a5300000| Complete 
| 596|0x00000000a5400000, 0x00000000a5400000, 0x00000000a5500000|  0%| F|  |TAMS 0x00000000a5400000| PB 0x00000000a5400000| Untracked 
| 597|0x00000000a5500000, 0x00000000a5600000, 0x00000000a5600000|100%| O|  |TAMS 0x00000000a5500000| PB 0x00000000a5500000| Untracked 
| 598|0x00000000a5600000, 0x00000000a5700000, 0x00000000a5700000|100%| O|Cm|TAMS 0x00000000a5600000| PB 0x00000000a5600000| Complete 
| 599|0x00000000a5700000, 0x00000000a5800000, 0x00000000a5800000|100%| O|Cm|TAMS 0x00000000a5700000| PB 0x00000000a5700000| Complete 
| 600|0x00000000a5800000, 0x00000000a5900000, 0x00000000a5900000|100%| O|  |TAMS 0x00000000a5800000| PB 0x00000000a5800000| Untracked 
| 601|0x00000000a5900000, 0x00000000a5a00000, 0x00000000a5a00000|100%| O|  |TAMS 0x00000000a5900000| PB 0x00000000a5900000| Untracked 
| 602|0x00000000a5a00000, 0x00000000a5a00000, 0x00000000a5b00000|  0%| F|  |TAMS 0x00000000a5a00000| PB 0x00000000a5a00000| Untracked 
| 603|0x00000000a5b00000, 0x00000000a5c00000, 0x00000000a5c00000|100%| O|  |TAMS 0x00000000a5b00000| PB 0x00000000a5b00000| Untracked 
| 604|0x00000000a5c00000, 0x00000000a5d00000, 0x00000000a5d00000|100%| O|  |TAMS 0x00000000a5c00000| PB 0x00000000a5c00000| Untracked 
| 605|0x00000000a5d00000, 0x00000000a5e00000, 0x00000000a5e00000|100%| O|  |TAMS 0x00000000a5d00000| PB 0x00000000a5d00000| Untracked 
| 606|0x00000000a5e00000, 0x00000000a5f00000, 0x00000000a5f00000|100%| O|  |TAMS 0x00000000a5e00000| PB 0x00000000a5e00000| Untracked 
| 607|0x00000000a5f00000, 0x00000000a6000000, 0x00000000a6000000|100%| O|Cm|TAMS 0x00000000a5f00000| PB 0x00000000a5f00000| Complete 
| 608|0x00000000a6000000, 0x00000000a6100000, 0x00000000a6100000|100%| O|  |TAMS 0x00000000a6000000| PB 0x00000000a6000000| Untracked 
| 609|0x00000000a6100000, 0x00000000a6200000, 0x00000000a6200000|100%| O|  |TAMS 0x00000000a6100000| PB 0x00000000a6100000| Untracked 
| 610|0x00000000a6200000, 0x00000000a6300000, 0x00000000a6300000|100%| O|Cm|TAMS 0x00000000a6200000| PB 0x00000000a6200000| Complete 
| 611|0x00000000a6300000, 0x00000000a6400000, 0x00000000a6400000|100%| O|  |TAMS 0x00000000a6300000| PB 0x00000000a6300000| Untracked 
| 612|0x00000000a6400000, 0x00000000a6500000, 0x00000000a6500000|100%| O|Cm|TAMS 0x00000000a6400000| PB 0x00000000a6400000| Complete 
| 613|0x00000000a6500000, 0x00000000a6600000, 0x00000000a6600000|100%| O|  |TAMS 0x00000000a6500000| PB 0x00000000a6500000| Untracked 
| 614|0x00000000a6600000, 0x00000000a6600000, 0x00000000a6700000|  0%| F|  |TAMS 0x00000000a6600000| PB 0x00000000a6600000| Untracked 
| 615|0x00000000a6700000, 0x00000000a6800000, 0x00000000a6800000|100%| O|  |TAMS 0x00000000a6700000| PB 0x00000000a6700000| Untracked 
| 616|0x00000000a6800000, 0x00000000a6900000, 0x00000000a6900000|100%| O|  |TAMS 0x00000000a6800000| PB 0x00000000a6800000| Untracked 
| 617|0x00000000a6900000, 0x00000000a6a00000, 0x00000000a6a00000|100%| O|  |TAMS 0x00000000a6900000| PB 0x00000000a6900000| Untracked 
| 618|0x00000000a6a00000, 0x00000000a6b00000, 0x00000000a6b00000|100%| O|  |TAMS 0x00000000a6a00000| PB 0x00000000a6a00000| Untracked 
| 619|0x00000000a6b00000, 0x00000000a6c00000, 0x00000000a6c00000|100%| O|  |TAMS 0x00000000a6b00000| PB 0x00000000a6b00000| Untracked 
| 620|0x00000000a6c00000, 0x00000000a6d00000, 0x00000000a6d00000|100%| O|Cm|TAMS 0x00000000a6c00000| PB 0x00000000a6c00000| Complete 
| 621|0x00000000a6d00000, 0x00000000a6e00000, 0x00000000a6e00000|100%| O|  |TAMS 0x00000000a6d00000| PB 0x00000000a6d00000| Untracked 
| 622|0x00000000a6e00000, 0x00000000a6e00000, 0x00000000a6f00000|  0%| F|  |TAMS 0x00000000a6e00000| PB 0x00000000a6e00000| Untracked 
| 623|0x00000000a6f00000, 0x00000000a6f00000, 0x00000000a7000000|  0%| F|  |TAMS 0x00000000a6f00000| PB 0x00000000a6f00000| Untracked 
| 624|0x00000000a7000000, 0x00000000a7000000, 0x00000000a7100000|  0%| F|  |TAMS 0x00000000a7000000| PB 0x00000000a7000000| Untracked 
| 625|0x00000000a7100000, 0x00000000a7200000, 0x00000000a7200000|100%| O|  |TAMS 0x00000000a7100000| PB 0x00000000a7100000| Untracked 
| 626|0x00000000a7200000, 0x00000000a7300000, 0x00000000a7300000|100%| O|  |TAMS 0x00000000a7200000| PB 0x00000000a7200000| Untracked 
| 627|0x00000000a7300000, 0x00000000a7400000, 0x00000000a7400000|100%| O|  |TAMS 0x00000000a7300000| PB 0x00000000a7300000| Untracked 
| 628|0x00000000a7400000, 0x00000000a7500000, 0x00000000a7500000|100%| O|  |TAMS 0x00000000a7400000| PB 0x00000000a7400000| Untracked 
| 629|0x00000000a7500000, 0x00000000a7600000, 0x00000000a7600000|100%| O|  |TAMS 0x00000000a7500000| PB 0x00000000a7500000| Untracked 
| 630|0x00000000a7600000, 0x00000000a7700000, 0x00000000a7700000|100%| O|  |TAMS 0x00000000a7600000| PB 0x00000000a7600000| Untracked 
| 631|0x00000000a7700000, 0x00000000a7800000, 0x00000000a7800000|100%| O|  |TAMS 0x00000000a7700000| PB 0x00000000a7700000| Untracked 
| 632|0x00000000a7800000, 0x00000000a7900000, 0x00000000a7900000|100%| O|  |TAMS 0x00000000a7800000| PB 0x00000000a7800000| Untracked 
| 633|0x00000000a7900000, 0x00000000a7a00000, 0x00000000a7a00000|100%| O|  |TAMS 0x00000000a7900000| PB 0x00000000a7900000| Untracked 
| 634|0x00000000a7a00000, 0x00000000a7b00000, 0x00000000a7b00000|100%| O|  |TAMS 0x00000000a7a00000| PB 0x00000000a7a00000| Untracked 
| 635|0x00000000a7b00000, 0x00000000a7c00000, 0x00000000a7c00000|100%| O|  |TAMS 0x00000000a7b00000| PB 0x00000000a7b00000| Untracked 
| 636|0x00000000a7c00000, 0x00000000a7d00000, 0x00000000a7d00000|100%| O|  |TAMS 0x00000000a7c00000| PB 0x00000000a7c00000| Untracked 
| 637|0x00000000a7d00000, 0x00000000a7e00000, 0x00000000a7e00000|100%| O|  |TAMS 0x00000000a7d00000| PB 0x00000000a7d00000| Untracked 
| 638|0x00000000a7e00000, 0x00000000a7f00000, 0x00000000a7f00000|100%| O|  |TAMS 0x00000000a7e00000| PB 0x00000000a7e00000| Untracked 
| 639|0x00000000a7f00000, 0x00000000a8000000, 0x00000000a8000000|100%| O|  |TAMS 0x00000000a7f00000| PB 0x00000000a7f00000| Untracked 
| 640|0x00000000a8000000, 0x00000000a8100000, 0x00000000a8100000|100%| O|  |TAMS 0x00000000a8000000| PB 0x00000000a8000000| Untracked 
| 641|0x00000000a8100000, 0x00000000a8200000, 0x00000000a8200000|100%| O|  |TAMS 0x00000000a8100000| PB 0x00000000a8100000| Untracked 
| 642|0x00000000a8200000, 0x00000000a8300000, 0x00000000a8300000|100%| O|  |TAMS 0x00000000a8200000| PB 0x00000000a8200000| Untracked 
| 643|0x00000000a8300000, 0x00000000a8400000, 0x00000000a8400000|100%| O|  |TAMS 0x00000000a8300000| PB 0x00000000a8300000| Untracked 
| 644|0x00000000a8400000, 0x00000000a8400000, 0x00000000a8500000|  0%| F|  |TAMS 0x00000000a8400000| PB 0x00000000a8400000| Untracked 
| 645|0x00000000a8500000, 0x00000000a8600000, 0x00000000a8600000|100%| O|  |TAMS 0x00000000a8500000| PB 0x00000000a8500000| Untracked 
| 646|0x00000000a8600000, 0x00000000a8700000, 0x00000000a8700000|100%| O|Cm|TAMS 0x00000000a8600000| PB 0x00000000a8600000| Complete 
| 647|0x00000000a8700000, 0x00000000a8800000, 0x00000000a8800000|100%| O|  |TAMS 0x00000000a8700000| PB 0x00000000a8700000| Untracked 
| 648|0x00000000a8800000, 0x00000000a8900000, 0x00000000a8900000|100%| O|  |TAMS 0x00000000a8800000| PB 0x00000000a8800000| Untracked 
| 649|0x00000000a8900000, 0x00000000a8a00000, 0x00000000a8a00000|100%| O|  |TAMS 0x00000000a8900000| PB 0x00000000a8900000| Untracked 
| 650|0x00000000a8a00000, 0x00000000a8b00000, 0x00000000a8b00000|100%| O|  |TAMS 0x00000000a8a00000| PB 0x00000000a8a00000| Untracked 
| 651|0x00000000a8b00000, 0x00000000a8c00000, 0x00000000a8c00000|100%| O|  |TAMS 0x00000000a8b00000| PB 0x00000000a8b00000| Untracked 
| 652|0x00000000a8c00000, 0x00000000a8d00000, 0x00000000a8d00000|100%| O|  |TAMS 0x00000000a8c00000| PB 0x00000000a8c00000| Untracked 
| 653|0x00000000a8d00000, 0x00000000a8e00000, 0x00000000a8e00000|100%| O|  |TAMS 0x00000000a8d00000| PB 0x00000000a8d00000| Untracked 
| 654|0x00000000a8e00000, 0x00000000a8f00000, 0x00000000a8f00000|100%| O|  |TAMS 0x00000000a8e00000| PB 0x00000000a8e00000| Untracked 
| 655|0x00000000a8f00000, 0x00000000a9000000, 0x00000000a9000000|100%| O|Cm|TAMS 0x00000000a8f00000| PB 0x00000000a8f00000| Complete 
| 656|0x00000000a9000000, 0x00000000a9000000, 0x00000000a9100000|  0%| F|  |TAMS 0x00000000a9000000| PB 0x00000000a9000000| Untracked 
| 657|0x00000000a9100000, 0x00000000a9100000, 0x00000000a9200000|  0%| F|  |TAMS 0x00000000a9100000| PB 0x00000000a9100000| Untracked 
| 658|0x00000000a9200000, 0x00000000a9200000, 0x00000000a9300000|  0%| F|  |TAMS 0x00000000a9200000| PB 0x00000000a9200000| Untracked 
| 659|0x00000000a9300000, 0x00000000a9300000, 0x00000000a9400000|  0%| F|  |TAMS 0x00000000a9300000| PB 0x00000000a9300000| Untracked 
| 660|0x00000000a9400000, 0x00000000a9400000, 0x00000000a9500000|  0%| F|  |TAMS 0x00000000a9400000| PB 0x00000000a9400000| Untracked 
| 661|0x00000000a9500000, 0x00000000a9600000, 0x00000000a9600000|100%| O|  |TAMS 0x00000000a9500000| PB 0x00000000a9500000| Untracked 
| 662|0x00000000a9600000, 0x00000000a9600000, 0x00000000a9700000|  0%| F|  |TAMS 0x00000000a9600000| PB 0x00000000a9600000| Untracked 
| 663|0x00000000a9700000, 0x00000000a9700000, 0x00000000a9800000|  0%| F|  |TAMS 0x00000000a9700000| PB 0x00000000a9700000| Untracked 
| 664|0x00000000a9800000, 0x00000000a9900000, 0x00000000a9900000|100%| O|  |TAMS 0x00000000a9800000| PB 0x00000000a9800000| Untracked 
| 665|0x00000000a9900000, 0x00000000a9900000, 0x00000000a9a00000|  0%| F|  |TAMS 0x00000000a9900000| PB 0x00000000a9900000| Untracked 
| 666|0x00000000a9a00000, 0x00000000a9b00000, 0x00000000a9b00000|100%| O|  |TAMS 0x00000000a9a00000| PB 0x00000000a9a00000| Untracked 
| 667|0x00000000a9b00000, 0x00000000a9c00000, 0x00000000a9c00000|100%| O|  |TAMS 0x00000000a9b00000| PB 0x00000000a9b00000| Untracked 
| 668|0x00000000a9c00000, 0x00000000a9d00000, 0x00000000a9d00000|100%| O|  |TAMS 0x00000000a9c00000| PB 0x00000000a9c00000| Untracked 
| 669|0x00000000a9d00000, 0x00000000a9e00000, 0x00000000a9e00000|100%| O|  |TAMS 0x00000000a9d00000| PB 0x00000000a9d00000| Untracked 
| 670|0x00000000a9e00000, 0x00000000a9f00000, 0x00000000a9f00000|100%| O|  |TAMS 0x00000000a9e00000| PB 0x00000000a9e00000| Untracked 
| 671|0x00000000a9f00000, 0x00000000aa000000, 0x00000000aa000000|100%| O|Cm|TAMS 0x00000000a9f00000| PB 0x00000000a9f00000| Complete 
| 672|0x00000000aa000000, 0x00000000aa100000, 0x00000000aa100000|100%| O|  |TAMS 0x00000000aa000000| PB 0x00000000aa000000| Untracked 
| 673|0x00000000aa100000, 0x00000000aa200000, 0x00000000aa200000|100%| O|Cm|TAMS 0x00000000aa100000| PB 0x00000000aa100000| Complete 
| 674|0x00000000aa200000, 0x00000000aa200000, 0x00000000aa300000|  0%| F|  |TAMS 0x00000000aa200000| PB 0x00000000aa200000| Untracked 
| 675|0x00000000aa300000, 0x00000000aa300000, 0x00000000aa400000|  0%| F|  |TAMS 0x00000000aa300000| PB 0x00000000aa300000| Untracked 
| 676|0x00000000aa400000, 0x00000000aa400000, 0x00000000aa500000|  0%| F|  |TAMS 0x00000000aa400000| PB 0x00000000aa400000| Untracked 
| 677|0x00000000aa500000, 0x00000000aa600000, 0x00000000aa600000|100%| O|  |TAMS 0x00000000aa500000| PB 0x00000000aa500000| Untracked 
| 678|0x00000000aa600000, 0x00000000aa600000, 0x00000000aa700000|  0%| F|  |TAMS 0x00000000aa600000| PB 0x00000000aa600000| Untracked 
| 679|0x00000000aa700000, 0x00000000aa700000, 0x00000000aa800000|  0%| F|  |TAMS 0x00000000aa700000| PB 0x00000000aa700000| Untracked 
| 680|0x00000000aa800000, 0x00000000aa800000, 0x00000000aa900000|  0%| F|  |TAMS 0x00000000aa800000| PB 0x00000000aa800000| Untracked 
| 681|0x00000000aa900000, 0x00000000aa900000, 0x00000000aaa00000|  0%| F|  |TAMS 0x00000000aa900000| PB 0x00000000aa900000| Untracked 
| 682|0x00000000aaa00000, 0x00000000aab00000, 0x00000000aab00000|100%| O|  |TAMS 0x00000000aaa00000| PB 0x00000000aaa00000| Untracked 
| 683|0x00000000aab00000, 0x00000000aab00000, 0x00000000aac00000|  0%| F|  |TAMS 0x00000000aab00000| PB 0x00000000aab00000| Untracked 
| 684|0x00000000aac00000, 0x00000000aac00000, 0x00000000aad00000|  0%| F|  |TAMS 0x00000000aac00000| PB 0x00000000aac00000| Untracked 
| 685|0x00000000aad00000, 0x00000000aad00000, 0x00000000aae00000|  0%| F|  |TAMS 0x00000000aad00000| PB 0x00000000aad00000| Untracked 
| 686|0x00000000aae00000, 0x00000000aae00000, 0x00000000aaf00000|  0%| F|  |TAMS 0x00000000aae00000| PB 0x00000000aae00000| Untracked 
| 687|0x00000000aaf00000, 0x00000000ab000000, 0x00000000ab000000|100%| O|  |TAMS 0x00000000aaf00000| PB 0x00000000aaf00000| Untracked 
| 688|0x00000000ab000000, 0x00000000ab100000, 0x00000000ab100000|100%| O|  |TAMS 0x00000000ab000000| PB 0x00000000ab000000| Untracked 
| 689|0x00000000ab100000, 0x00000000ab200000, 0x00000000ab200000|100%| O|Cm|TAMS 0x00000000ab100000| PB 0x00000000ab100000| Complete 
| 690|0x00000000ab200000, 0x00000000ab300000, 0x00000000ab300000|100%| O|Cm|TAMS 0x00000000ab200000| PB 0x00000000ab200000| Complete 
| 691|0x00000000ab300000, 0x00000000ab300000, 0x00000000ab400000|  0%| F|  |TAMS 0x00000000ab300000| PB 0x00000000ab300000| Untracked 
| 692|0x00000000ab400000, 0x00000000ab400000, 0x00000000ab500000|  0%| F|  |TAMS 0x00000000ab400000| PB 0x00000000ab400000| Untracked 
| 693|0x00000000ab500000, 0x00000000ab500000, 0x00000000ab600000|  0%| F|  |TAMS 0x00000000ab500000| PB 0x00000000ab500000| Untracked 
| 694|0x00000000ab600000, 0x00000000ab600000, 0x00000000ab700000|  0%| F|  |TAMS 0x00000000ab600000| PB 0x00000000ab600000| Untracked 
| 695|0x00000000ab700000, 0x00000000ab700000, 0x00000000ab800000|  0%| F|  |TAMS 0x00000000ab700000| PB 0x00000000ab700000| Untracked 
| 696|0x00000000ab800000, 0x00000000ab800000, 0x00000000ab900000|  0%| F|  |TAMS 0x00000000ab800000| PB 0x00000000ab800000| Untracked 
| 697|0x00000000ab900000, 0x00000000ab900000, 0x00000000aba00000|  0%| F|  |TAMS 0x00000000ab900000| PB 0x00000000ab900000| Untracked 
| 698|0x00000000aba00000, 0x00000000aba00000, 0x00000000abb00000|  0%| F|  |TAMS 0x00000000aba00000| PB 0x00000000aba00000| Untracked 
| 699|0x00000000abb00000, 0x00000000abb00000, 0x00000000abc00000|  0%| F|  |TAMS 0x00000000abb00000| PB 0x00000000abb00000| Untracked 
| 700|0x00000000abc00000, 0x00000000abc00000, 0x00000000abd00000|  0%| F|  |TAMS 0x00000000abc00000| PB 0x00000000abc00000| Untracked 
| 701|0x00000000abd00000, 0x00000000abd00000, 0x00000000abe00000|  0%| F|  |TAMS 0x00000000abd00000| PB 0x00000000abd00000| Untracked 
| 702|0x00000000abe00000, 0x00000000abe00000, 0x00000000abf00000|  0%| F|  |TAMS 0x00000000abe00000| PB 0x00000000abe00000| Untracked 
| 703|0x00000000abf00000, 0x00000000abf00000, 0x00000000ac000000|  0%| F|  |TAMS 0x00000000abf00000| PB 0x00000000abf00000| Untracked 
| 704|0x00000000ac000000, 0x00000000ac000000, 0x00000000ac100000|  0%| F|  |TAMS 0x00000000ac000000| PB 0x00000000ac000000| Untracked 
| 705|0x00000000ac100000, 0x00000000ac100000, 0x00000000ac200000|  0%| F|  |TAMS 0x00000000ac100000| PB 0x00000000ac100000| Untracked 
| 706|0x00000000ac200000, 0x00000000ac200000, 0x00000000ac300000|  0%| F|  |TAMS 0x00000000ac200000| PB 0x00000000ac200000| Untracked 
| 707|0x00000000ac300000, 0x00000000ac300000, 0x00000000ac400000|  0%| F|  |TAMS 0x00000000ac300000| PB 0x00000000ac300000| Untracked 
| 708|0x00000000ac400000, 0x00000000ac400000, 0x00000000ac500000|  0%| F|  |TAMS 0x00000000ac400000| PB 0x00000000ac400000| Untracked 
| 709|0x00000000ac500000, 0x00000000ac500000, 0x00000000ac600000|  0%| F|  |TAMS 0x00000000ac500000| PB 0x00000000ac500000| Untracked 
| 710|0x00000000ac600000, 0x00000000ac600000, 0x00000000ac700000|  0%| F|  |TAMS 0x00000000ac600000| PB 0x00000000ac600000| Untracked 
| 711|0x00000000ac700000, 0x00000000ac700000, 0x00000000ac800000|  0%| F|  |TAMS 0x00000000ac700000| PB 0x00000000ac700000| Untracked 
| 712|0x00000000ac800000, 0x00000000ac800000, 0x00000000ac900000|  0%| F|  |TAMS 0x00000000ac800000| PB 0x00000000ac800000| Untracked 
| 713|0x00000000ac900000, 0x00000000ac900000, 0x00000000aca00000|  0%| F|  |TAMS 0x00000000ac900000| PB 0x00000000ac900000| Untracked 
| 714|0x00000000aca00000, 0x00000000aca00000, 0x00000000acb00000|  0%| F|  |TAMS 0x00000000aca00000| PB 0x00000000aca00000| Untracked 
| 715|0x00000000acb00000, 0x00000000acb00000, 0x00000000acc00000|  0%| F|  |TAMS 0x00000000acb00000| PB 0x00000000acb00000| Untracked 
| 716|0x00000000acc00000, 0x00000000acc00000, 0x00000000acd00000|  0%| F|  |TAMS 0x00000000acc00000| PB 0x00000000acc00000| Untracked 
| 717|0x00000000acd00000, 0x00000000acd00000, 0x00000000ace00000|  0%| F|  |TAMS 0x00000000acd00000| PB 0x00000000acd00000| Untracked 
| 718|0x00000000ace00000, 0x00000000ace00000, 0x00000000acf00000|  0%| F|  |TAMS 0x00000000ace00000| PB 0x00000000ace00000| Untracked 
| 719|0x00000000acf00000, 0x00000000acf00000, 0x00000000ad000000|  0%| F|  |TAMS 0x00000000acf00000| PB 0x00000000acf00000| Untracked 
| 720|0x00000000ad000000, 0x00000000ad000000, 0x00000000ad100000|  0%| F|  |TAMS 0x00000000ad000000| PB 0x00000000ad000000| Untracked 
| 721|0x00000000ad100000, 0x00000000ad100000, 0x00000000ad200000|  0%| F|  |TAMS 0x00000000ad100000| PB 0x00000000ad100000| Untracked 
| 722|0x00000000ad200000, 0x00000000ad200000, 0x00000000ad300000|  0%| F|  |TAMS 0x00000000ad200000| PB 0x00000000ad200000| Untracked 
| 723|0x00000000ad300000, 0x00000000ad300000, 0x00000000ad400000|  0%| F|  |TAMS 0x00000000ad300000| PB 0x00000000ad300000| Untracked 
| 724|0x00000000ad400000, 0x00000000ad400000, 0x00000000ad500000|  0%| F|  |TAMS 0x00000000ad400000| PB 0x00000000ad400000| Untracked 
| 725|0x00000000ad500000, 0x00000000ad500000, 0x00000000ad600000|  0%| F|  |TAMS 0x00000000ad500000| PB 0x00000000ad500000| Untracked 
| 726|0x00000000ad600000, 0x00000000ad600000, 0x00000000ad700000|  0%| F|  |TAMS 0x00000000ad600000| PB 0x00000000ad600000| Untracked 
| 727|0x00000000ad700000, 0x00000000ad700000, 0x00000000ad800000|  0%| F|  |TAMS 0x00000000ad700000| PB 0x00000000ad700000| Untracked 
| 728|0x00000000ad800000, 0x00000000ad800000, 0x00000000ad900000|  0%| F|  |TAMS 0x00000000ad800000| PB 0x00000000ad800000| Untracked 
| 729|0x00000000ad900000, 0x00000000ad900000, 0x00000000ada00000|  0%| F|  |TAMS 0x00000000ad900000| PB 0x00000000ad900000| Untracked 
| 730|0x00000000ada00000, 0x00000000ada00000, 0x00000000adb00000|  0%| F|  |TAMS 0x00000000ada00000| PB 0x00000000ada00000| Untracked 
| 731|0x00000000adb00000, 0x00000000adb00000, 0x00000000adc00000|  0%| F|  |TAMS 0x00000000adb00000| PB 0x00000000adb00000| Untracked 
| 732|0x00000000adc00000, 0x00000000adc00000, 0x00000000add00000|  0%| F|  |TAMS 0x00000000adc00000| PB 0x00000000adc00000| Untracked 
| 733|0x00000000add00000, 0x00000000ade00000, 0x00000000ade00000|100%| O|  |TAMS 0x00000000add00000| PB 0x00000000add00000| Untracked 
| 734|0x00000000ade00000, 0x00000000adf00000, 0x00000000adf00000|100%| O|  |TAMS 0x00000000ade00000| PB 0x00000000ade00000| Untracked 
| 735|0x00000000adf00000, 0x00000000ae000000, 0x00000000ae000000|100%| O|  |TAMS 0x00000000adf00000| PB 0x00000000adf00000| Untracked 
| 736|0x00000000ae000000, 0x00000000ae000000, 0x00000000ae100000|  0%| F|  |TAMS 0x00000000ae000000| PB 0x00000000ae000000| Untracked 
| 737|0x00000000ae100000, 0x00000000ae200000, 0x00000000ae200000|100%| O|  |TAMS 0x00000000ae100000| PB 0x00000000ae100000| Untracked 
| 738|0x00000000ae200000, 0x00000000ae200000, 0x00000000ae300000|  0%| F|  |TAMS 0x00000000ae200000| PB 0x00000000ae200000| Untracked 
| 739|0x00000000ae300000, 0x00000000ae400000, 0x00000000ae400000|100%| O|  |TAMS 0x00000000ae300000| PB 0x00000000ae300000| Untracked 
| 740|0x00000000ae400000, 0x00000000ae400000, 0x00000000ae500000|  0%| F|  |TAMS 0x00000000ae400000| PB 0x00000000ae400000| Untracked 
| 741|0x00000000ae500000, 0x00000000ae500000, 0x00000000ae600000|  0%| F|  |TAMS 0x00000000ae500000| PB 0x00000000ae500000| Untracked 
| 742|0x00000000ae600000, 0x00000000ae600000, 0x00000000ae700000|  0%| F|  |TAMS 0x00000000ae600000| PB 0x00000000ae600000| Untracked 
| 743|0x00000000ae700000, 0x00000000ae800000, 0x00000000ae800000|100%| O|  |TAMS 0x00000000ae700000| PB 0x00000000ae700000| Untracked 
| 744|0x00000000ae800000, 0x00000000ae900000, 0x00000000ae900000|100%| O|  |TAMS 0x00000000ae800000| PB 0x00000000ae800000| Untracked 
| 745|0x00000000ae900000, 0x00000000aea00000, 0x00000000aea00000|100%| O|  |TAMS 0x00000000ae900000| PB 0x00000000ae900000| Untracked 
| 746|0x00000000aea00000, 0x00000000aea00000, 0x00000000aeb00000|  0%| F|  |TAMS 0x00000000aea00000| PB 0x00000000aea00000| Untracked 
| 747|0x00000000aeb00000, 0x00000000aeb00000, 0x00000000aec00000|  0%| F|  |TAMS 0x00000000aeb00000| PB 0x00000000aeb00000| Untracked 
| 748|0x00000000aec00000, 0x00000000aec00000, 0x00000000aed00000|  0%| F|  |TAMS 0x00000000aec00000| PB 0x00000000aec00000| Untracked 
| 749|0x00000000aed00000, 0x00000000aed00000, 0x00000000aee00000|  0%| F|  |TAMS 0x00000000aed00000| PB 0x00000000aed00000| Untracked 
| 750|0x00000000aee00000, 0x00000000aee00000, 0x00000000aef00000|  0%| F|  |TAMS 0x00000000aee00000| PB 0x00000000aee00000| Untracked 
| 751|0x00000000aef00000, 0x00000000aef00000, 0x00000000af000000|  0%| F|  |TAMS 0x00000000aef00000| PB 0x00000000aef00000| Untracked 
| 752|0x00000000af000000, 0x00000000af000000, 0x00000000af100000|  0%| F|  |TAMS 0x00000000af000000| PB 0x00000000af000000| Untracked 
| 753|0x00000000af100000, 0x00000000af100000, 0x00000000af200000|  0%| F|  |TAMS 0x00000000af100000| PB 0x00000000af100000| Untracked 
| 754|0x00000000af200000, 0x00000000af200000, 0x00000000af300000|  0%| F|  |TAMS 0x00000000af200000| PB 0x00000000af200000| Untracked 
| 755|0x00000000af300000, 0x00000000af300000, 0x00000000af400000|  0%| F|  |TAMS 0x00000000af300000| PB 0x00000000af300000| Untracked 
| 756|0x00000000af400000, 0x00000000af400000, 0x00000000af500000|  0%| F|  |TAMS 0x00000000af400000| PB 0x00000000af400000| Untracked 
| 757|0x00000000af500000, 0x00000000af500000, 0x00000000af600000|  0%| F|  |TAMS 0x00000000af500000| PB 0x00000000af500000| Untracked 
| 758|0x00000000af600000, 0x00000000af600000, 0x00000000af700000|  0%| F|  |TAMS 0x00000000af600000| PB 0x00000000af600000| Untracked 
| 759|0x00000000af700000, 0x00000000af700000, 0x00000000af800000|  0%| F|  |TAMS 0x00000000af700000| PB 0x00000000af700000| Untracked 
| 760|0x00000000af800000, 0x00000000af800000, 0x00000000af900000|  0%| F|  |TAMS 0x00000000af800000| PB 0x00000000af800000| Untracked 
| 761|0x00000000af900000, 0x00000000af900000, 0x00000000afa00000|  0%| F|  |TAMS 0x00000000af900000| PB 0x00000000af900000| Untracked 
| 762|0x00000000afa00000, 0x00000000afa00000, 0x00000000afb00000|  0%| F|  |TAMS 0x00000000afa00000| PB 0x00000000afa00000| Untracked 
| 763|0x00000000afb00000, 0x00000000afb00000, 0x00000000afc00000|  0%| F|  |TAMS 0x00000000afb00000| PB 0x00000000afb00000| Untracked 
| 764|0x00000000afc00000, 0x00000000afc00000, 0x00000000afd00000|  0%| F|  |TAMS 0x00000000afc00000| PB 0x00000000afc00000| Untracked 
| 765|0x00000000afd00000, 0x00000000afd00000, 0x00000000afe00000|  0%| F|  |TAMS 0x00000000afd00000| PB 0x00000000afd00000| Untracked 
| 766|0x00000000afe00000, 0x00000000afe00000, 0x00000000aff00000|  0%| F|  |TAMS 0x00000000afe00000| PB 0x00000000afe00000| Untracked 
| 767|0x00000000aff00000, 0x00000000aff00000, 0x00000000b0000000|  0%| F|  |TAMS 0x00000000aff00000| PB 0x00000000aff00000| Untracked 
| 768|0x00000000b0000000, 0x00000000b0000000, 0x00000000b0100000|  0%| F|  |TAMS 0x00000000b0000000| PB 0x00000000b0000000| Untracked 
| 769|0x00000000b0100000, 0x00000000b0100000, 0x00000000b0200000|  0%| F|  |TAMS 0x00000000b0100000| PB 0x00000000b0100000| Untracked 
| 770|0x00000000b0200000, 0x00000000b0200000, 0x00000000b0300000|  0%| F|  |TAMS 0x00000000b0200000| PB 0x00000000b0200000| Untracked 
| 771|0x00000000b0300000, 0x00000000b0300000, 0x00000000b0400000|  0%| F|  |TAMS 0x00000000b0300000| PB 0x00000000b0300000| Untracked 
| 772|0x00000000b0400000, 0x00000000b0400000, 0x00000000b0500000|  0%| F|  |TAMS 0x00000000b0400000| PB 0x00000000b0400000| Untracked 
| 773|0x00000000b0500000, 0x00000000b0500000, 0x00000000b0600000|  0%| F|  |TAMS 0x00000000b0500000| PB 0x00000000b0500000| Untracked 
| 774|0x00000000b0600000, 0x00000000b0600000, 0x00000000b0700000|  0%| F|  |TAMS 0x00000000b0600000| PB 0x00000000b0600000| Untracked 
| 775|0x00000000b0700000, 0x00000000b0700000, 0x00000000b0800000|  0%| F|  |TAMS 0x00000000b0700000| PB 0x00000000b0700000| Untracked 
| 776|0x00000000b0800000, 0x00000000b0800000, 0x00000000b0900000|  0%| F|  |TAMS 0x00000000b0800000| PB 0x00000000b0800000| Untracked 
| 777|0x00000000b0900000, 0x00000000b0900000, 0x00000000b0a00000|  0%| F|  |TAMS 0x00000000b0900000| PB 0x00000000b0900000| Untracked 
| 778|0x00000000b0a00000, 0x00000000b0a00000, 0x00000000b0b00000|  0%| F|  |TAMS 0x00000000b0a00000| PB 0x00000000b0a00000| Untracked 
| 779|0x00000000b0b00000, 0x00000000b0b00000, 0x00000000b0c00000|  0%| F|  |TAMS 0x00000000b0b00000| PB 0x00000000b0b00000| Untracked 
| 780|0x00000000b0c00000, 0x00000000b0c00000, 0x00000000b0d00000|  0%| F|  |TAMS 0x00000000b0c00000| PB 0x00000000b0c00000| Untracked 
| 781|0x00000000b0d00000, 0x00000000b0d00000, 0x00000000b0e00000|  0%| F|  |TAMS 0x00000000b0d00000| PB 0x00000000b0d00000| Untracked 
| 782|0x00000000b0e00000, 0x00000000b0e00000, 0x00000000b0f00000|  0%| F|  |TAMS 0x00000000b0e00000| PB 0x00000000b0e00000| Untracked 
| 783|0x00000000b0f00000, 0x00000000b0f00000, 0x00000000b1000000|  0%| F|  |TAMS 0x00000000b0f00000| PB 0x00000000b0f00000| Untracked 
| 784|0x00000000b1000000, 0x00000000b1000000, 0x00000000b1100000|  0%| F|  |TAMS 0x00000000b1000000| PB 0x00000000b1000000| Untracked 
| 785|0x00000000b1100000, 0x00000000b1100000, 0x00000000b1200000|  0%| F|  |TAMS 0x00000000b1100000| PB 0x00000000b1100000| Untracked 
| 786|0x00000000b1200000, 0x00000000b1200000, 0x00000000b1300000|  0%| F|  |TAMS 0x00000000b1200000| PB 0x00000000b1200000| Untracked 
| 787|0x00000000b1300000, 0x00000000b1300000, 0x00000000b1400000|  0%| F|  |TAMS 0x00000000b1300000| PB 0x00000000b1300000| Untracked 
| 788|0x00000000b1400000, 0x00000000b1400000, 0x00000000b1500000|  0%| F|  |TAMS 0x00000000b1400000| PB 0x00000000b1400000| Untracked 
| 789|0x00000000b1500000, 0x00000000b1500000, 0x00000000b1600000|  0%| F|  |TAMS 0x00000000b1500000| PB 0x00000000b1500000| Untracked 
| 790|0x00000000b1600000, 0x00000000b1600000, 0x00000000b1700000|  0%| F|  |TAMS 0x00000000b1600000| PB 0x00000000b1600000| Untracked 
| 791|0x00000000b1700000, 0x00000000b1700000, 0x00000000b1800000|  0%| F|  |TAMS 0x00000000b1700000| PB 0x00000000b1700000| Untracked 
| 792|0x00000000b1800000, 0x00000000b1800000, 0x00000000b1900000|  0%| F|  |TAMS 0x00000000b1800000| PB 0x00000000b1800000| Untracked 
| 793|0x00000000b1900000, 0x00000000b1900000, 0x00000000b1a00000|  0%| F|  |TAMS 0x00000000b1900000| PB 0x00000000b1900000| Untracked 
| 794|0x00000000b1a00000, 0x00000000b1a00000, 0x00000000b1b00000|  0%| F|  |TAMS 0x00000000b1a00000| PB 0x00000000b1a00000| Untracked 
| 795|0x00000000b1b00000, 0x00000000b1b00000, 0x00000000b1c00000|  0%| F|  |TAMS 0x00000000b1b00000| PB 0x00000000b1b00000| Untracked 
| 796|0x00000000b1c00000, 0x00000000b1c00000, 0x00000000b1d00000|  0%| F|  |TAMS 0x00000000b1c00000| PB 0x00000000b1c00000| Untracked 
| 797|0x00000000b1d00000, 0x00000000b1d00000, 0x00000000b1e00000|  0%| F|  |TAMS 0x00000000b1d00000| PB 0x00000000b1d00000| Untracked 
| 798|0x00000000b1e00000, 0x00000000b1e00000, 0x00000000b1f00000|  0%| F|  |TAMS 0x00000000b1e00000| PB 0x00000000b1e00000| Untracked 
| 799|0x00000000b1f00000, 0x00000000b1f00000, 0x00000000b2000000|  0%| F|  |TAMS 0x00000000b1f00000| PB 0x00000000b1f00000| Untracked 
| 800|0x00000000b2000000, 0x00000000b2000000, 0x00000000b2100000|  0%| F|  |TAMS 0x00000000b2000000| PB 0x00000000b2000000| Untracked 
| 801|0x00000000b2100000, 0x00000000b2100000, 0x00000000b2200000|  0%| F|  |TAMS 0x00000000b2100000| PB 0x00000000b2100000| Untracked 
| 802|0x00000000b2200000, 0x00000000b2200000, 0x00000000b2300000|  0%| F|  |TAMS 0x00000000b2200000| PB 0x00000000b2200000| Untracked 
| 803|0x00000000b2300000, 0x00000000b2300000, 0x00000000b2400000|  0%| F|  |TAMS 0x00000000b2300000| PB 0x00000000b2300000| Untracked 
| 804|0x00000000b2400000, 0x00000000b2400000, 0x00000000b2500000|  0%| F|  |TAMS 0x00000000b2400000| PB 0x00000000b2400000| Untracked 
| 805|0x00000000b2500000, 0x00000000b2500000, 0x00000000b2600000|  0%| F|  |TAMS 0x00000000b2500000| PB 0x00000000b2500000| Untracked 
| 806|0x00000000b2600000, 0x00000000b2600000, 0x00000000b2700000|  0%| F|  |TAMS 0x00000000b2600000| PB 0x00000000b2600000| Untracked 
| 807|0x00000000b2700000, 0x00000000b2700000, 0x00000000b2800000|  0%| F|  |TAMS 0x00000000b2700000| PB 0x00000000b2700000| Untracked 
| 808|0x00000000b2800000, 0x00000000b2800000, 0x00000000b2900000|  0%| F|  |TAMS 0x00000000b2800000| PB 0x00000000b2800000| Untracked 
| 809|0x00000000b2900000, 0x00000000b2900000, 0x00000000b2a00000|  0%| F|  |TAMS 0x00000000b2900000| PB 0x00000000b2900000| Untracked 
| 810|0x00000000b2a00000, 0x00000000b2a00000, 0x00000000b2b00000|  0%| F|  |TAMS 0x00000000b2a00000| PB 0x00000000b2a00000| Untracked 
| 811|0x00000000b2b00000, 0x00000000b2b00000, 0x00000000b2c00000|  0%| F|  |TAMS 0x00000000b2b00000| PB 0x00000000b2b00000| Untracked 
| 812|0x00000000b2c00000, 0x00000000b2c00000, 0x00000000b2d00000|  0%| F|  |TAMS 0x00000000b2c00000| PB 0x00000000b2c00000| Untracked 
| 813|0x00000000b2d00000, 0x00000000b2d00000, 0x00000000b2e00000|  0%| F|  |TAMS 0x00000000b2d00000| PB 0x00000000b2d00000| Untracked 
| 814|0x00000000b2e00000, 0x00000000b2e00000, 0x00000000b2f00000|  0%| F|  |TAMS 0x00000000b2e00000| PB 0x00000000b2e00000| Untracked 
| 815|0x00000000b2f00000, 0x00000000b2f00000, 0x00000000b3000000|  0%| F|  |TAMS 0x00000000b2f00000| PB 0x00000000b2f00000| Untracked 
| 816|0x00000000b3000000, 0x00000000b3000000, 0x00000000b3100000|  0%| F|  |TAMS 0x00000000b3000000| PB 0x00000000b3000000| Untracked 
| 817|0x00000000b3100000, 0x00000000b3100000, 0x00000000b3200000|  0%| F|  |TAMS 0x00000000b3100000| PB 0x00000000b3100000| Untracked 
| 818|0x00000000b3200000, 0x00000000b3200000, 0x00000000b3300000|  0%| F|  |TAMS 0x00000000b3200000| PB 0x00000000b3200000| Untracked 
| 819|0x00000000b3300000, 0x00000000b3300000, 0x00000000b3400000|  0%| F|  |TAMS 0x00000000b3300000| PB 0x00000000b3300000| Untracked 
| 820|0x00000000b3400000, 0x00000000b3400000, 0x00000000b3500000|  0%| F|  |TAMS 0x00000000b3400000| PB 0x00000000b3400000| Untracked 
| 821|0x00000000b3500000, 0x00000000b3500000, 0x00000000b3600000|  0%| F|  |TAMS 0x00000000b3500000| PB 0x00000000b3500000| Untracked 
| 822|0x00000000b3600000, 0x00000000b3600000, 0x00000000b3700000|  0%| F|  |TAMS 0x00000000b3600000| PB 0x00000000b3600000| Untracked 
| 823|0x00000000b3700000, 0x00000000b3700000, 0x00000000b3800000|  0%| F|  |TAMS 0x00000000b3700000| PB 0x00000000b3700000| Untracked 
| 824|0x00000000b3800000, 0x00000000b3800000, 0x00000000b3900000|  0%| F|  |TAMS 0x00000000b3800000| PB 0x00000000b3800000| Untracked 
| 825|0x00000000b3900000, 0x00000000b3900000, 0x00000000b3a00000|  0%| F|  |TAMS 0x00000000b3900000| PB 0x00000000b3900000| Untracked 
| 826|0x00000000b3a00000, 0x00000000b3a00000, 0x00000000b3b00000|  0%| F|  |TAMS 0x00000000b3a00000| PB 0x00000000b3a00000| Untracked 
| 827|0x00000000b3b00000, 0x00000000b3b00000, 0x00000000b3c00000|  0%| F|  |TAMS 0x00000000b3b00000| PB 0x00000000b3b00000| Untracked 
| 828|0x00000000b3c00000, 0x00000000b3c00000, 0x00000000b3d00000|  0%| F|  |TAMS 0x00000000b3c00000| PB 0x00000000b3c00000| Untracked 
| 829|0x00000000b3d00000, 0x00000000b3d00000, 0x00000000b3e00000|  0%| F|  |TAMS 0x00000000b3d00000| PB 0x00000000b3d00000| Untracked 
| 830|0x00000000b3e00000, 0x00000000b3e00000, 0x00000000b3f00000|  0%| F|  |TAMS 0x00000000b3e00000| PB 0x00000000b3e00000| Untracked 
| 831|0x00000000b3f00000, 0x00000000b3f00000, 0x00000000b4000000|  0%| F|  |TAMS 0x00000000b3f00000| PB 0x00000000b3f00000| Untracked 
| 832|0x00000000b4000000, 0x00000000b4000000, 0x00000000b4100000|  0%| F|  |TAMS 0x00000000b4000000| PB 0x00000000b4000000| Untracked 
| 833|0x00000000b4100000, 0x00000000b4100000, 0x00000000b4200000|  0%| F|  |TAMS 0x00000000b4100000| PB 0x00000000b4100000| Untracked 
| 834|0x00000000b4200000, 0x00000000b4200000, 0x00000000b4300000|  0%| F|  |TAMS 0x00000000b4200000| PB 0x00000000b4200000| Untracked 
| 835|0x00000000b4300000, 0x00000000b4300000, 0x00000000b4400000|  0%| F|  |TAMS 0x00000000b4300000| PB 0x00000000b4300000| Untracked 
| 836|0x00000000b4400000, 0x00000000b4400000, 0x00000000b4500000|  0%| F|  |TAMS 0x00000000b4400000| PB 0x00000000b4400000| Untracked 
| 837|0x00000000b4500000, 0x00000000b4500000, 0x00000000b4600000|  0%| F|  |TAMS 0x00000000b4500000| PB 0x00000000b4500000| Untracked 
| 838|0x00000000b4600000, 0x00000000b4600000, 0x00000000b4700000|  0%| F|  |TAMS 0x00000000b4600000| PB 0x00000000b4600000| Untracked 
| 839|0x00000000b4700000, 0x00000000b4700000, 0x00000000b4800000|  0%| F|  |TAMS 0x00000000b4700000| PB 0x00000000b4700000| Untracked 
| 840|0x00000000b4800000, 0x00000000b4800000, 0x00000000b4900000|  0%| F|  |TAMS 0x00000000b4800000| PB 0x00000000b4800000| Untracked 
| 841|0x00000000b4900000, 0x00000000b4900000, 0x00000000b4a00000|  0%| F|  |TAMS 0x00000000b4900000| PB 0x00000000b4900000| Untracked 
| 842|0x00000000b4a00000, 0x00000000b4a00000, 0x00000000b4b00000|  0%| F|  |TAMS 0x00000000b4a00000| PB 0x00000000b4a00000| Untracked 
| 843|0x00000000b4b00000, 0x00000000b4b00000, 0x00000000b4c00000|  0%| F|  |TAMS 0x00000000b4b00000| PB 0x00000000b4b00000| Untracked 
| 844|0x00000000b4c00000, 0x00000000b4c00000, 0x00000000b4d00000|  0%| F|  |TAMS 0x00000000b4c00000| PB 0x00000000b4c00000| Untracked 
| 845|0x00000000b4d00000, 0x00000000b4d00000, 0x00000000b4e00000|  0%| F|  |TAMS 0x00000000b4d00000| PB 0x00000000b4d00000| Untracked 
| 846|0x00000000b4e00000, 0x00000000b4e80000, 0x00000000b4f00000| 50%| E|  |TAMS 0x00000000b4e00000| PB 0x00000000b4e00000| Complete 
| 847|0x00000000b4f00000, 0x00000000b5000000, 0x00000000b5000000|100%| E|CS|TAMS 0x00000000b4f00000| PB 0x00000000b4f00000| Complete 
| 848|0x00000000b5000000, 0x00000000b5100000, 0x00000000b5100000|100%| E|CS|TAMS 0x00000000b5000000| PB 0x00000000b5000000| Complete 
| 849|0x00000000b5100000, 0x00000000b5200000, 0x00000000b5200000|100%| E|CS|TAMS 0x00000000b5100000| PB 0x00000000b5100000| Complete 
| 850|0x00000000b5200000, 0x00000000b5300000, 0x00000000b5300000|100%| E|CS|TAMS 0x00000000b5200000| PB 0x00000000b5200000| Complete 
| 851|0x00000000b5300000, 0x00000000b5400000, 0x00000000b5400000|100%| E|CS|TAMS 0x00000000b5300000| PB 0x00000000b5300000| Complete 
| 852|0x00000000b5400000, 0x00000000b5500000, 0x00000000b5500000|100%| E|CS|TAMS 0x00000000b5400000| PB 0x00000000b5400000| Complete 
| 853|0x00000000b5500000, 0x00000000b5600000, 0x00000000b5600000|100%| E|CS|TAMS 0x00000000b5500000| PB 0x00000000b5500000| Complete 
| 854|0x00000000b5600000, 0x00000000b5700000, 0x00000000b5700000|100%| E|CS|TAMS 0x00000000b5600000| PB 0x00000000b5600000| Complete 
| 855|0x00000000b5700000, 0x00000000b5800000, 0x00000000b5800000|100%| E|CS|TAMS 0x00000000b5700000| PB 0x00000000b5700000| Complete 
| 856|0x00000000b5800000, 0x00000000b5900000, 0x00000000b5900000|100%| E|CS|TAMS 0x00000000b5800000| PB 0x00000000b5800000| Complete 
| 857|0x00000000b5900000, 0x00000000b5a00000, 0x00000000b5a00000|100%| E|CS|TAMS 0x00000000b5900000| PB 0x00000000b5900000| Complete 
| 858|0x00000000b5a00000, 0x00000000b5b00000, 0x00000000b5b00000|100%| E|CS|TAMS 0x00000000b5a00000| PB 0x00000000b5a00000| Complete 
| 859|0x00000000b5b00000, 0x00000000b5c00000, 0x00000000b5c00000|100%| E|CS|TAMS 0x00000000b5b00000| PB 0x00000000b5b00000| Complete 
| 860|0x00000000b5c00000, 0x00000000b5d00000, 0x00000000b5d00000|100%| E|CS|TAMS 0x00000000b5c00000| PB 0x00000000b5c00000| Complete 
| 861|0x00000000b5d00000, 0x00000000b5e00000, 0x00000000b5e00000|100%| E|CS|TAMS 0x00000000b5d00000| PB 0x00000000b5d00000| Complete 
| 862|0x00000000b5e00000, 0x00000000b5f00000, 0x00000000b5f00000|100%| E|CS|TAMS 0x00000000b5e00000| PB 0x00000000b5e00000| Complete 
| 863|0x00000000b5f00000, 0x00000000b6000000, 0x00000000b6000000|100%| E|CS|TAMS 0x00000000b5f00000| PB 0x00000000b5f00000| Complete 
| 864|0x00000000b6000000, 0x00000000b6100000, 0x00000000b6100000|100%| E|CS|TAMS 0x00000000b6000000| PB 0x00000000b6000000| Complete 
| 865|0x00000000b6100000, 0x00000000b6200000, 0x00000000b6200000|100%| E|CS|TAMS 0x00000000b6100000| PB 0x00000000b6100000| Complete 
| 866|0x00000000b6200000, 0x00000000b6300000, 0x00000000b6300000|100%| E|CS|TAMS 0x00000000b6200000| PB 0x00000000b6200000| Complete 
| 867|0x00000000b6300000, 0x00000000b6400000, 0x00000000b6400000|100%| E|CS|TAMS 0x00000000b6300000| PB 0x00000000b6300000| Complete 
| 868|0x00000000b6400000, 0x00000000b6500000, 0x00000000b6500000|100%| E|CS|TAMS 0x00000000b6400000| PB 0x00000000b6400000| Complete 
| 869|0x00000000b6500000, 0x00000000b6600000, 0x00000000b6600000|100%| E|CS|TAMS 0x00000000b6500000| PB 0x00000000b6500000| Complete 
| 870|0x00000000b6600000, 0x00000000b6700000, 0x00000000b6700000|100%| E|CS|TAMS 0x00000000b6600000| PB 0x00000000b6600000| Complete 
| 871|0x00000000b6700000, 0x00000000b6800000, 0x00000000b6800000|100%| E|CS|TAMS 0x00000000b6700000| PB 0x00000000b6700000| Complete 
| 872|0x00000000b6800000, 0x00000000b6900000, 0x00000000b6900000|100%| E|CS|TAMS 0x00000000b6800000| PB 0x00000000b6800000| Complete 
| 873|0x00000000b6900000, 0x00000000b6a00000, 0x00000000b6a00000|100%| E|CS|TAMS 0x00000000b6900000| PB 0x00000000b6900000| Complete 
| 874|0x00000000b6a00000, 0x00000000b6b00000, 0x00000000b6b00000|100%| E|CS|TAMS 0x00000000b6a00000| PB 0x00000000b6a00000| Complete 
| 875|0x00000000b6b00000, 0x00000000b6c00000, 0x00000000b6c00000|100%| E|CS|TAMS 0x00000000b6b00000| PB 0x00000000b6b00000| Complete 
| 876|0x00000000b6c00000, 0x00000000b6d00000, 0x00000000b6d00000|100%| E|CS|TAMS 0x00000000b6c00000| PB 0x00000000b6c00000| Complete 
| 877|0x00000000b6d00000, 0x00000000b6e00000, 0x00000000b6e00000|100%| E|CS|TAMS 0x00000000b6d00000| PB 0x00000000b6d00000| Complete 
| 878|0x00000000b6e00000, 0x00000000b6f00000, 0x00000000b6f00000|100%| E|CS|TAMS 0x00000000b6e00000| PB 0x00000000b6e00000| Complete 
| 879|0x00000000b6f00000, 0x00000000b7000000, 0x00000000b7000000|100%| E|CS|TAMS 0x00000000b6f00000| PB 0x00000000b6f00000| Complete 
| 880|0x00000000b7000000, 0x00000000b7100000, 0x00000000b7100000|100%| E|CS|TAMS 0x00000000b7000000| PB 0x00000000b7000000| Complete 
| 881|0x00000000b7100000, 0x00000000b7200000, 0x00000000b7200000|100%| E|CS|TAMS 0x00000000b7100000| PB 0x00000000b7100000| Complete 
| 882|0x00000000b7200000, 0x00000000b7300000, 0x00000000b7300000|100%| E|CS|TAMS 0x00000000b7200000| PB 0x00000000b7200000| Complete 
| 883|0x00000000b7300000, 0x00000000b7400000, 0x00000000b7400000|100%| E|CS|TAMS 0x00000000b7300000| PB 0x00000000b7300000| Complete 
| 884|0x00000000b7400000, 0x00000000b7500000, 0x00000000b7500000|100%| E|CS|TAMS 0x00000000b7400000| PB 0x00000000b7400000| Complete 
| 885|0x00000000b7500000, 0x00000000b7600000, 0x00000000b7600000|100%| E|CS|TAMS 0x00000000b7500000| PB 0x00000000b7500000| Complete 
| 886|0x00000000b7600000, 0x00000000b7700000, 0x00000000b7700000|100%| E|CS|TAMS 0x00000000b7600000| PB 0x00000000b7600000| Complete 
| 887|0x00000000b7700000, 0x00000000b7800000, 0x00000000b7800000|100%| E|CS|TAMS 0x00000000b7700000| PB 0x00000000b7700000| Complete 
| 888|0x00000000b7800000, 0x00000000b7900000, 0x00000000b7900000|100%| E|CS|TAMS 0x00000000b7800000| PB 0x00000000b7800000| Complete 
| 889|0x00000000b7900000, 0x00000000b7a00000, 0x00000000b7a00000|100%| E|CS|TAMS 0x00000000b7900000| PB 0x00000000b7900000| Complete 
| 890|0x00000000b7a00000, 0x00000000b7b00000, 0x00000000b7b00000|100%| E|CS|TAMS 0x00000000b7a00000| PB 0x00000000b7a00000| Complete 
| 891|0x00000000b7b00000, 0x00000000b7c00000, 0x00000000b7c00000|100%| E|CS|TAMS 0x00000000b7b00000| PB 0x00000000b7b00000| Complete 
| 892|0x00000000b7c00000, 0x00000000b7d00000, 0x00000000b7d00000|100%| E|CS|TAMS 0x00000000b7c00000| PB 0x00000000b7c00000| Complete 
| 893|0x00000000b7d00000, 0x00000000b7e00000, 0x00000000b7e00000|100%| E|CS|TAMS 0x00000000b7d00000| PB 0x00000000b7d00000| Complete 
| 894|0x00000000b7e00000, 0x00000000b7f00000, 0x00000000b7f00000|100%| E|CS|TAMS 0x00000000b7e00000| PB 0x00000000b7e00000| Complete 
| 895|0x00000000b7f00000, 0x00000000b8000000, 0x00000000b8000000|100%| E|CS|TAMS 0x00000000b7f00000| PB 0x00000000b7f00000| Complete 
| 896|0x00000000b8000000, 0x00000000b8100000, 0x00000000b8100000|100%| E|CS|TAMS 0x00000000b8000000| PB 0x00000000b8000000| Complete 
| 897|0x00000000b8100000, 0x00000000b8200000, 0x00000000b8200000|100%| E|CS|TAMS 0x00000000b8100000| PB 0x00000000b8100000| Complete 
| 898|0x00000000b8200000, 0x00000000b8300000, 0x00000000b8300000|100%| E|CS|TAMS 0x00000000b8200000| PB 0x00000000b8200000| Complete 
| 899|0x00000000b8300000, 0x00000000b8400000, 0x00000000b8400000|100%| E|CS|TAMS 0x00000000b8300000| PB 0x00000000b8300000| Complete 
| 900|0x00000000b8400000, 0x00000000b8500000, 0x00000000b8500000|100%| E|CS|TAMS 0x00000000b8400000| PB 0x00000000b8400000| Complete 
| 901|0x00000000b8500000, 0x00000000b8600000, 0x00000000b8600000|100%| E|CS|TAMS 0x00000000b8500000| PB 0x00000000b8500000| Complete 
| 902|0x00000000b8600000, 0x00000000b8700000, 0x00000000b8700000|100%| E|CS|TAMS 0x00000000b8600000| PB 0x00000000b8600000| Complete 
| 903|0x00000000b8700000, 0x00000000b8800000, 0x00000000b8800000|100%| E|CS|TAMS 0x00000000b8700000| PB 0x00000000b8700000| Complete 
| 904|0x00000000b8800000, 0x00000000b8900000, 0x00000000b8900000|100%| E|CS|TAMS 0x00000000b8800000| PB 0x00000000b8800000| Complete 
| 905|0x00000000b8900000, 0x00000000b8a00000, 0x00000000b8a00000|100%| E|CS|TAMS 0x00000000b8900000| PB 0x00000000b8900000| Complete 
| 906|0x00000000b8a00000, 0x00000000b8b00000, 0x00000000b8b00000|100%| E|CS|TAMS 0x00000000b8a00000| PB 0x00000000b8a00000| Complete 
| 907|0x00000000b8b00000, 0x00000000b8c00000, 0x00000000b8c00000|100%| E|CS|TAMS 0x00000000b8b00000| PB 0x00000000b8b00000| Complete 
| 908|0x00000000b8c00000, 0x00000000b8d00000, 0x00000000b8d00000|100%| E|CS|TAMS 0x00000000b8c00000| PB 0x00000000b8c00000| Complete 
| 909|0x00000000b8d00000, 0x00000000b8e00000, 0x00000000b8e00000|100%| E|CS|TAMS 0x00000000b8d00000| PB 0x00000000b8d00000| Complete 
| 910|0x00000000b8e00000, 0x00000000b8f00000, 0x00000000b8f00000|100%| E|CS|TAMS 0x00000000b8e00000| PB 0x00000000b8e00000| Complete 
| 911|0x00000000b8f00000, 0x00000000b9000000, 0x00000000b9000000|100%| E|CS|TAMS 0x00000000b8f00000| PB 0x00000000b8f00000| Complete 
| 912|0x00000000b9000000, 0x00000000b9100000, 0x00000000b9100000|100%| E|CS|TAMS 0x00000000b9000000| PB 0x00000000b9000000| Complete 
| 913|0x00000000b9100000, 0x00000000b9200000, 0x00000000b9200000|100%| E|CS|TAMS 0x00000000b9100000| PB 0x00000000b9100000| Complete 
| 914|0x00000000b9200000, 0x00000000b9300000, 0x00000000b9300000|100%| E|CS|TAMS 0x00000000b9200000| PB 0x00000000b9200000| Complete 
| 915|0x00000000b9300000, 0x00000000b9400000, 0x00000000b9400000|100%| E|CS|TAMS 0x00000000b9300000| PB 0x00000000b9300000| Complete 
| 916|0x00000000b9400000, 0x00000000b9500000, 0x00000000b9500000|100%| E|CS|TAMS 0x00000000b9400000| PB 0x00000000b9400000| Complete 
| 917|0x00000000b9500000, 0x00000000b9600000, 0x00000000b9600000|100%| E|CS|TAMS 0x00000000b9500000| PB 0x00000000b9500000| Complete 
| 918|0x00000000b9600000, 0x00000000b9700000, 0x00000000b9700000|100%| E|CS|TAMS 0x00000000b9600000| PB 0x00000000b9600000| Complete 
| 919|0x00000000b9700000, 0x00000000b9800000, 0x00000000b9800000|100%| E|CS|TAMS 0x00000000b9700000| PB 0x00000000b9700000| Complete 
| 920|0x00000000b9800000, 0x00000000b9900000, 0x00000000b9900000|100%| E|CS|TAMS 0x00000000b9800000| PB 0x00000000b9800000| Complete 
| 921|0x00000000b9900000, 0x00000000b9a00000, 0x00000000b9a00000|100%| E|CS|TAMS 0x00000000b9900000| PB 0x00000000b9900000| Complete 
| 922|0x00000000b9a00000, 0x00000000b9b00000, 0x00000000b9b00000|100%| E|CS|TAMS 0x00000000b9a00000| PB 0x00000000b9a00000| Complete 
| 923|0x00000000b9b00000, 0x00000000b9c00000, 0x00000000b9c00000|100%| E|CS|TAMS 0x00000000b9b00000| PB 0x00000000b9b00000| Complete 
| 924|0x00000000b9c00000, 0x00000000b9d00000, 0x00000000b9d00000|100%| E|CS|TAMS 0x00000000b9c00000| PB 0x00000000b9c00000| Complete 
| 925|0x00000000b9d00000, 0x00000000b9e00000, 0x00000000b9e00000|100%| E|CS|TAMS 0x00000000b9d00000| PB 0x00000000b9d00000| Complete 
| 926|0x00000000b9e00000, 0x00000000b9f00000, 0x00000000b9f00000|100%| E|CS|TAMS 0x00000000b9e00000| PB 0x00000000b9e00000| Complete 
| 927|0x00000000b9f00000, 0x00000000ba000000, 0x00000000ba000000|100%| E|CS|TAMS 0x00000000b9f00000| PB 0x00000000b9f00000| Complete 
| 928|0x00000000ba000000, 0x00000000ba100000, 0x00000000ba100000|100%| E|CS|TAMS 0x00000000ba000000| PB 0x00000000ba000000| Complete 
| 929|0x00000000ba100000, 0x00000000ba200000, 0x00000000ba200000|100%| E|CS|TAMS 0x00000000ba100000| PB 0x00000000ba100000| Complete 
| 930|0x00000000ba200000, 0x00000000ba300000, 0x00000000ba300000|100%| E|CS|TAMS 0x00000000ba200000| PB 0x00000000ba200000| Complete 
| 931|0x00000000ba300000, 0x00000000ba400000, 0x00000000ba400000|100%| E|CS|TAMS 0x00000000ba300000| PB 0x00000000ba300000| Complete 
| 932|0x00000000ba400000, 0x00000000ba500000, 0x00000000ba500000|100%| E|CS|TAMS 0x00000000ba400000| PB 0x00000000ba400000| Complete 
| 933|0x00000000ba500000, 0x00000000ba600000, 0x00000000ba600000|100%| E|CS|TAMS 0x00000000ba500000| PB 0x00000000ba500000| Complete 
| 934|0x00000000ba600000, 0x00000000ba700000, 0x00000000ba700000|100%| E|CS|TAMS 0x00000000ba600000| PB 0x00000000ba600000| Complete 
| 935|0x00000000ba700000, 0x00000000ba800000, 0x00000000ba800000|100%| E|CS|TAMS 0x00000000ba700000| PB 0x00000000ba700000| Complete 
| 936|0x00000000ba800000, 0x00000000ba900000, 0x00000000ba900000|100%| E|CS|TAMS 0x00000000ba800000| PB 0x00000000ba800000| Complete 
| 937|0x00000000ba900000, 0x00000000baa00000, 0x00000000baa00000|100%| E|CS|TAMS 0x00000000ba900000| PB 0x00000000ba900000| Complete 
| 938|0x00000000baa00000, 0x00000000bab00000, 0x00000000bab00000|100%| E|CS|TAMS 0x00000000baa00000| PB 0x00000000baa00000| Complete 
| 939|0x00000000bab00000, 0x00000000bac00000, 0x00000000bac00000|100%| E|CS|TAMS 0x00000000bab00000| PB 0x00000000bab00000| Complete 
| 940|0x00000000bac00000, 0x00000000bad00000, 0x00000000bad00000|100%| E|CS|TAMS 0x00000000bac00000| PB 0x00000000bac00000| Complete 
| 941|0x00000000bad00000, 0x00000000bae00000, 0x00000000bae00000|100%| E|CS|TAMS 0x00000000bad00000| PB 0x00000000bad00000| Complete 
| 942|0x00000000bae00000, 0x00000000baf00000, 0x00000000baf00000|100%| E|CS|TAMS 0x00000000bae00000| PB 0x00000000bae00000| Complete 
| 943|0x00000000baf00000, 0x00000000bb000000, 0x00000000bb000000|100%| E|CS|TAMS 0x00000000baf00000| PB 0x00000000baf00000| Complete 
| 944|0x00000000bb000000, 0x00000000bb100000, 0x00000000bb100000|100%| E|CS|TAMS 0x00000000bb000000| PB 0x00000000bb000000| Complete 
| 945|0x00000000bb100000, 0x00000000bb200000, 0x00000000bb200000|100%| E|CS|TAMS 0x00000000bb100000| PB 0x00000000bb100000| Complete 
| 946|0x00000000bb200000, 0x00000000bb300000, 0x00000000bb300000|100%| E|CS|TAMS 0x00000000bb200000| PB 0x00000000bb200000| Complete 
| 947|0x00000000bb300000, 0x00000000bb400000, 0x00000000bb400000|100%| E|CS|TAMS 0x00000000bb300000| PB 0x00000000bb300000| Complete 
| 948|0x00000000bb400000, 0x00000000bb500000, 0x00000000bb500000|100%| E|CS|TAMS 0x00000000bb400000| PB 0x00000000bb400000| Complete 
| 949|0x00000000bb500000, 0x00000000bb600000, 0x00000000bb600000|100%| E|CS|TAMS 0x00000000bb500000| PB 0x00000000bb500000| Complete 
| 950|0x00000000bb600000, 0x00000000bb700000, 0x00000000bb700000|100%| E|CS|TAMS 0x00000000bb600000| PB 0x00000000bb600000| Complete 
| 951|0x00000000bb700000, 0x00000000bb800000, 0x00000000bb800000|100%| E|CS|TAMS 0x00000000bb700000| PB 0x00000000bb700000| Complete 
| 952|0x00000000bb800000, 0x00000000bb900000, 0x00000000bb900000|100%| E|CS|TAMS 0x00000000bb800000| PB 0x00000000bb800000| Complete 
| 953|0x00000000bb900000, 0x00000000bba00000, 0x00000000bba00000|100%| E|CS|TAMS 0x00000000bb900000| PB 0x00000000bb900000| Complete 
| 954|0x00000000bba00000, 0x00000000bbb00000, 0x00000000bbb00000|100%| E|CS|TAMS 0x00000000bba00000| PB 0x00000000bba00000| Complete 
| 955|0x00000000bbb00000, 0x00000000bbc00000, 0x00000000bbc00000|100%| E|CS|TAMS 0x00000000bbb00000| PB 0x00000000bbb00000| Complete 
| 956|0x00000000bbc00000, 0x00000000bbd00000, 0x00000000bbd00000|100%| E|CS|TAMS 0x00000000bbc00000| PB 0x00000000bbc00000| Complete 
| 957|0x00000000bbd00000, 0x00000000bbe00000, 0x00000000bbe00000|100%| E|CS|TAMS 0x00000000bbd00000| PB 0x00000000bbd00000| Complete 
| 958|0x00000000bbe00000, 0x00000000bbf00000, 0x00000000bbf00000|100%| E|CS|TAMS 0x00000000bbe00000| PB 0x00000000bbe00000| Complete 
| 959|0x00000000bbf00000, 0x00000000bc000000, 0x00000000bc000000|100%| E|CS|TAMS 0x00000000bbf00000| PB 0x00000000bbf00000| Complete 
| 960|0x00000000bc000000, 0x00000000bc100000, 0x00000000bc100000|100%| E|CS|TAMS 0x00000000bc000000| PB 0x00000000bc000000| Complete 
| 961|0x00000000bc100000, 0x00000000bc200000, 0x00000000bc200000|100%| E|CS|TAMS 0x00000000bc100000| PB 0x00000000bc100000| Complete 
| 962|0x00000000bc200000, 0x00000000bc300000, 0x00000000bc300000|100%| E|CS|TAMS 0x00000000bc200000| PB 0x00000000bc200000| Complete 
| 963|0x00000000bc300000, 0x00000000bc400000, 0x00000000bc400000|100%| E|CS|TAMS 0x00000000bc300000| PB 0x00000000bc300000| Complete 
| 964|0x00000000bc400000, 0x00000000bc500000, 0x00000000bc500000|100%| E|CS|TAMS 0x00000000bc400000| PB 0x00000000bc400000| Complete 
| 965|0x00000000bc500000, 0x00000000bc600000, 0x00000000bc600000|100%| E|CS|TAMS 0x00000000bc500000| PB 0x00000000bc500000| Complete 
| 966|0x00000000bc600000, 0x00000000bc700000, 0x00000000bc700000|100%| E|CS|TAMS 0x00000000bc600000| PB 0x00000000bc600000| Complete 
| 967|0x00000000bc700000, 0x00000000bc800000, 0x00000000bc800000|100%| E|CS|TAMS 0x00000000bc700000| PB 0x00000000bc700000| Complete 
| 968|0x00000000bc800000, 0x00000000bc900000, 0x00000000bc900000|100%| E|CS|TAMS 0x00000000bc800000| PB 0x00000000bc800000| Complete 
| 969|0x00000000bc900000, 0x00000000bca00000, 0x00000000bca00000|100%| E|CS|TAMS 0x00000000bc900000| PB 0x00000000bc900000| Complete 
| 970|0x00000000bca00000, 0x00000000bcb00000, 0x00000000bcb00000|100%| E|CS|TAMS 0x00000000bca00000| PB 0x00000000bca00000| Complete 
| 971|0x00000000bcb00000, 0x00000000bcc00000, 0x00000000bcc00000|100%| E|CS|TAMS 0x00000000bcb00000| PB 0x00000000bcb00000| Complete 
| 972|0x00000000bcc00000, 0x00000000bcd00000, 0x00000000bcd00000|100%| E|CS|TAMS 0x00000000bcc00000| PB 0x00000000bcc00000| Complete 
| 973|0x00000000bcd00000, 0x00000000bce00000, 0x00000000bce00000|100%| E|CS|TAMS 0x00000000bcd00000| PB 0x00000000bcd00000| Complete 
| 974|0x00000000bce00000, 0x00000000bcf00000, 0x00000000bcf00000|100%| E|CS|TAMS 0x00000000bce00000| PB 0x00000000bce00000| Complete 
| 975|0x00000000bcf00000, 0x00000000bd000000, 0x00000000bd000000|100%| E|CS|TAMS 0x00000000bcf00000| PB 0x00000000bcf00000| Complete 
| 976|0x00000000bd000000, 0x00000000bd100000, 0x00000000bd100000|100%| E|CS|TAMS 0x00000000bd000000| PB 0x00000000bd000000| Complete 
| 977|0x00000000bd100000, 0x00000000bd200000, 0x00000000bd200000|100%| E|CS|TAMS 0x00000000bd100000| PB 0x00000000bd100000| Complete 
| 978|0x00000000bd200000, 0x00000000bd300000, 0x00000000bd300000|100%| E|CS|TAMS 0x00000000bd200000| PB 0x00000000bd200000| Complete 
| 979|0x00000000bd300000, 0x00000000bd400000, 0x00000000bd400000|100%| E|CS|TAMS 0x00000000bd300000| PB 0x00000000bd300000| Complete 
| 980|0x00000000bd400000, 0x00000000bd500000, 0x00000000bd500000|100%| E|CS|TAMS 0x00000000bd400000| PB 0x00000000bd400000| Complete 
| 981|0x00000000bd500000, 0x00000000bd600000, 0x00000000bd600000|100%| E|CS|TAMS 0x00000000bd500000| PB 0x00000000bd500000| Complete 
| 982|0x00000000bd600000, 0x00000000bd700000, 0x00000000bd700000|100%| E|CS|TAMS 0x00000000bd600000| PB 0x00000000bd600000| Complete 
| 983|0x00000000bd700000, 0x00000000bd800000, 0x00000000bd800000|100%| E|CS|TAMS 0x00000000bd700000| PB 0x00000000bd700000| Complete 
| 984|0x00000000bd800000, 0x00000000bd900000, 0x00000000bd900000|100%| E|CS|TAMS 0x00000000bd800000| PB 0x00000000bd800000| Complete 
| 985|0x00000000bd900000, 0x00000000bda00000, 0x00000000bda00000|100%| E|CS|TAMS 0x00000000bd900000| PB 0x00000000bd900000| Complete 
| 986|0x00000000bda00000, 0x00000000bdb00000, 0x00000000bdb00000|100%| E|CS|TAMS 0x00000000bda00000| PB 0x00000000bda00000| Complete 
| 987|0x00000000bdb00000, 0x00000000bdc00000, 0x00000000bdc00000|100%| E|CS|TAMS 0x00000000bdb00000| PB 0x00000000bdb00000| Complete 
| 988|0x00000000bdc00000, 0x00000000bdd00000, 0x00000000bdd00000|100%| E|CS|TAMS 0x00000000bdc00000| PB 0x00000000bdc00000| Complete 
| 989|0x00000000bdd00000, 0x00000000bde00000, 0x00000000bde00000|100%| E|CS|TAMS 0x00000000bdd00000| PB 0x00000000bdd00000| Complete 
| 990|0x00000000bde00000, 0x00000000bdf00000, 0x00000000bdf00000|100%| E|CS|TAMS 0x00000000bde00000| PB 0x00000000bde00000| Complete 
| 991|0x00000000bdf00000, 0x00000000be000000, 0x00000000be000000|100%| E|CS|TAMS 0x00000000bdf00000| PB 0x00000000bdf00000| Complete 
| 992|0x00000000be000000, 0x00000000be100000, 0x00000000be100000|100%| E|CS|TAMS 0x00000000be000000| PB 0x00000000be000000| Complete 
| 993|0x00000000be100000, 0x00000000be200000, 0x00000000be200000|100%| E|CS|TAMS 0x00000000be100000| PB 0x00000000be100000| Complete 
| 994|0x00000000be200000, 0x00000000be300000, 0x00000000be300000|100%| E|CS|TAMS 0x00000000be200000| PB 0x00000000be200000| Complete 
| 995|0x00000000be300000, 0x00000000be400000, 0x00000000be400000|100%| E|CS|TAMS 0x00000000be300000| PB 0x00000000be300000| Complete 
| 996|0x00000000be400000, 0x00000000be500000, 0x00000000be500000|100%| E|CS|TAMS 0x00000000be400000| PB 0x00000000be400000| Complete 
| 997|0x00000000be500000, 0x00000000be600000, 0x00000000be600000|100%| E|CS|TAMS 0x00000000be500000| PB 0x00000000be500000| Complete 
| 998|0x00000000be600000, 0x00000000be700000, 0x00000000be700000|100%| E|CS|TAMS 0x00000000be600000| PB 0x00000000be600000| Complete 
| 999|0x00000000be700000, 0x00000000be800000, 0x00000000be800000|100%| E|CS|TAMS 0x00000000be700000| PB 0x00000000be700000| Complete 
|1000|0x00000000be800000, 0x00000000be900000, 0x00000000be900000|100%| E|CS|TAMS 0x00000000be800000| PB 0x00000000be800000| Complete 
|1001|0x00000000be900000, 0x00000000bea00000, 0x00000000bea00000|100%| E|CS|TAMS 0x00000000be900000| PB 0x00000000be900000| Complete 
|1002|0x00000000bea00000, 0x00000000beb00000, 0x00000000beb00000|100%| E|CS|TAMS 0x00000000bea00000| PB 0x00000000bea00000| Complete 
|1003|0x00000000beb00000, 0x00000000bec00000, 0x00000000bec00000|100%| E|CS|TAMS 0x00000000beb00000| PB 0x00000000beb00000| Complete 
|1004|0x00000000bec00000, 0x00000000bed00000, 0x00000000bed00000|100%| E|CS|TAMS 0x00000000bec00000| PB 0x00000000bec00000| Complete 
|1005|0x00000000bed00000, 0x00000000bee00000, 0x00000000bee00000|100%| E|CS|TAMS 0x00000000bed00000| PB 0x00000000bed00000| Complete 
|1006|0x00000000bee00000, 0x00000000bef00000, 0x00000000bef00000|100%| E|CS|TAMS 0x00000000bee00000| PB 0x00000000bee00000| Complete 
|1007|0x00000000bef00000, 0x00000000bf000000, 0x00000000bf000000|100%| E|CS|TAMS 0x00000000bef00000| PB 0x00000000bef00000| Complete 
|1008|0x00000000bf000000, 0x00000000bf100000, 0x00000000bf100000|100%| E|CS|TAMS 0x00000000bf000000| PB 0x00000000bf000000| Complete 
|1009|0x00000000bf100000, 0x00000000bf200000, 0x00000000bf200000|100%| E|CS|TAMS 0x00000000bf100000| PB 0x00000000bf100000| Complete 
|1010|0x00000000bf200000, 0x00000000bf300000, 0x00000000bf300000|100%| E|CS|TAMS 0x00000000bf200000| PB 0x00000000bf200000| Complete 
|1011|0x00000000bf300000, 0x00000000bf400000, 0x00000000bf400000|100%| E|CS|TAMS 0x00000000bf300000| PB 0x00000000bf300000| Complete 
|1012|0x00000000bf400000, 0x00000000bf500000, 0x00000000bf500000|100%| E|CS|TAMS 0x00000000bf400000| PB 0x00000000bf400000| Complete 
|1013|0x00000000bf500000, 0x00000000bf600000, 0x00000000bf600000|100%| E|CS|TAMS 0x00000000bf500000| PB 0x00000000bf500000| Complete 
|1014|0x00000000bf600000, 0x00000000bf700000, 0x00000000bf700000|100%| E|CS|TAMS 0x00000000bf600000| PB 0x00000000bf600000| Complete 
|1015|0x00000000bf700000, 0x00000000bf800000, 0x00000000bf800000|100%| E|CS|TAMS 0x00000000bf700000| PB 0x00000000bf700000| Complete 
|1016|0x00000000bf800000, 0x00000000bf900000, 0x00000000bf900000|100%| E|CS|TAMS 0x00000000bf800000| PB 0x00000000bf800000| Complete 
|1017|0x00000000bf900000, 0x00000000bfa00000, 0x00000000bfa00000|100%| E|CS|TAMS 0x00000000bf900000| PB 0x00000000bf900000| Complete 
|1018|0x00000000bfa00000, 0x00000000bfb00000, 0x00000000bfb00000|100%| E|CS|TAMS 0x00000000bfa00000| PB 0x00000000bfa00000| Complete 
|1019|0x00000000bfb00000, 0x00000000bfc00000, 0x00000000bfc00000|100%| E|CS|TAMS 0x00000000bfb00000| PB 0x00000000bfb00000| Complete 
|1020|0x00000000bfc00000, 0x00000000bfd00000, 0x00000000bfd00000|100%| E|CS|TAMS 0x00000000bfc00000| PB 0x00000000bfc00000| Complete 
|1021|0x00000000bfd00000, 0x00000000bfe00000, 0x00000000bfe00000|100%| E|CS|TAMS 0x00000000bfd00000| PB 0x00000000bfd00000| Complete 
|1022|0x00000000bfe00000, 0x00000000bff00000, 0x00000000bff00000|100%| E|CS|TAMS 0x00000000bfe00000| PB 0x00000000bfe00000| Complete 
|1023|0x00000000bff00000, 0x00000000c0000000, 0x00000000c0000000|100%| E|CS|TAMS 0x00000000bff00000| PB 0x00000000bff00000| Complete 
|1024|0x00000000c0000000, 0x00000000c0100000, 0x00000000c0100000|100%| E|CS|TAMS 0x00000000c0000000| PB 0x00000000c0000000| Complete 
|1025|0x00000000c0100000, 0x00000000c0200000, 0x00000000c0200000|100%| E|CS|TAMS 0x00000000c0100000| PB 0x00000000c0100000| Complete 
|1026|0x00000000c0200000, 0x00000000c0300000, 0x00000000c0300000|100%| E|CS|TAMS 0x00000000c0200000| PB 0x00000000c0200000| Complete 
|1027|0x00000000c0300000, 0x00000000c0400000, 0x00000000c0400000|100%| E|CS|TAMS 0x00000000c0300000| PB 0x00000000c0300000| Complete 
|1028|0x00000000c0400000, 0x00000000c0500000, 0x00000000c0500000|100%| E|CS|TAMS 0x00000000c0400000| PB 0x00000000c0400000| Complete 
|1029|0x00000000c0500000, 0x00000000c0600000, 0x00000000c0600000|100%| E|CS|TAMS 0x00000000c0500000| PB 0x00000000c0500000| Complete 
|1030|0x00000000c0600000, 0x00000000c0700000, 0x00000000c0700000|100%| E|CS|TAMS 0x00000000c0600000| PB 0x00000000c0600000| Complete 
|1031|0x00000000c0700000, 0x00000000c0800000, 0x00000000c0800000|100%| E|CS|TAMS 0x00000000c0700000| PB 0x00000000c0700000| Complete 
|1032|0x00000000c0800000, 0x00000000c0900000, 0x00000000c0900000|100%| E|CS|TAMS 0x00000000c0800000| PB 0x00000000c0800000| Complete 
|1033|0x00000000c0900000, 0x00000000c0a00000, 0x00000000c0a00000|100%| E|CS|TAMS 0x00000000c0900000| PB 0x00000000c0900000| Complete 
|1034|0x00000000c0a00000, 0x00000000c0b00000, 0x00000000c0b00000|100%| E|CS|TAMS 0x00000000c0a00000| PB 0x00000000c0a00000| Complete 
|1035|0x00000000c0b00000, 0x00000000c0c00000, 0x00000000c0c00000|100%| E|CS|TAMS 0x00000000c0b00000| PB 0x00000000c0b00000| Complete 
|1036|0x00000000c0c00000, 0x00000000c0d00000, 0x00000000c0d00000|100%| E|CS|TAMS 0x00000000c0c00000| PB 0x00000000c0c00000| Complete 
|1037|0x00000000c0d00000, 0x00000000c0e00000, 0x00000000c0e00000|100%| E|CS|TAMS 0x00000000c0d00000| PB 0x00000000c0d00000| Complete 
|1038|0x00000000c0e00000, 0x00000000c0f00000, 0x00000000c0f00000|100%| E|CS|TAMS 0x00000000c0e00000| PB 0x00000000c0e00000| Complete 
|1039|0x00000000c0f00000, 0x00000000c1000000, 0x00000000c1000000|100%| E|CS|TAMS 0x00000000c0f00000| PB 0x00000000c0f00000| Complete 
|1040|0x00000000c1000000, 0x00000000c1100000, 0x00000000c1100000|100%| E|CS|TAMS 0x00000000c1000000| PB 0x00000000c1000000| Complete 
|1041|0x00000000c1100000, 0x00000000c1200000, 0x00000000c1200000|100%| E|CS|TAMS 0x00000000c1100000| PB 0x00000000c1100000| Complete 
|1042|0x00000000c1200000, 0x00000000c1300000, 0x00000000c1300000|100%| E|CS|TAMS 0x00000000c1200000| PB 0x00000000c1200000| Complete 
|1043|0x00000000c1300000, 0x00000000c1400000, 0x00000000c1400000|100%| E|CS|TAMS 0x00000000c1300000| PB 0x00000000c1300000| Complete 
|1044|0x00000000c1400000, 0x00000000c1500000, 0x00000000c1500000|100%| E|CS|TAMS 0x00000000c1400000| PB 0x00000000c1400000| Complete 
|1045|0x00000000c1500000, 0x00000000c1600000, 0x00000000c1600000|100%| E|CS|TAMS 0x00000000c1500000| PB 0x00000000c1500000| Complete 
|1046|0x00000000c1600000, 0x00000000c1700000, 0x00000000c1700000|100%| E|CS|TAMS 0x00000000c1600000| PB 0x00000000c1600000| Complete 
|1047|0x00000000c1700000, 0x00000000c1800000, 0x00000000c1800000|100%| E|CS|TAMS 0x00000000c1700000| PB 0x00000000c1700000| Complete 
|1048|0x00000000c1800000, 0x00000000c1900000, 0x00000000c1900000|100%| E|CS|TAMS 0x00000000c1800000| PB 0x00000000c1800000| Complete 
|1049|0x00000000c1900000, 0x00000000c1a00000, 0x00000000c1a00000|100%| E|CS|TAMS 0x00000000c1900000| PB 0x00000000c1900000| Complete 
|1050|0x00000000c1a00000, 0x00000000c1b00000, 0x00000000c1b00000|100%| E|CS|TAMS 0x00000000c1a00000| PB 0x00000000c1a00000| Complete 
|1051|0x00000000c1b00000, 0x00000000c1c00000, 0x00000000c1c00000|100%| E|CS|TAMS 0x00000000c1b00000| PB 0x00000000c1b00000| Complete 
|1052|0x00000000c1c00000, 0x00000000c1d00000, 0x00000000c1d00000|100%| E|CS|TAMS 0x00000000c1c00000| PB 0x00000000c1c00000| Complete 
|1053|0x00000000c1d00000, 0x00000000c1e00000, 0x00000000c1e00000|100%| E|CS|TAMS 0x00000000c1d00000| PB 0x00000000c1d00000| Complete 
|1054|0x00000000c1e00000, 0x00000000c1f00000, 0x00000000c1f00000|100%| E|CS|TAMS 0x00000000c1e00000| PB 0x00000000c1e00000| Complete 
|1055|0x00000000c1f00000, 0x00000000c2000000, 0x00000000c2000000|100%| E|CS|TAMS 0x00000000c1f00000| PB 0x00000000c1f00000| Complete 
|1056|0x00000000c2000000, 0x00000000c2100000, 0x00000000c2100000|100%| E|CS|TAMS 0x00000000c2000000| PB 0x00000000c2000000| Complete 
|1057|0x00000000c2100000, 0x00000000c2200000, 0x00000000c2200000|100%| E|CS|TAMS 0x00000000c2100000| PB 0x00000000c2100000| Complete 
|1058|0x00000000c2200000, 0x00000000c2300000, 0x00000000c2300000|100%| E|CS|TAMS 0x00000000c2200000| PB 0x00000000c2200000| Complete 
|1059|0x00000000c2300000, 0x00000000c2400000, 0x00000000c2400000|100%| E|CS|TAMS 0x00000000c2300000| PB 0x00000000c2300000| Complete 
|1060|0x00000000c2400000, 0x00000000c2500000, 0x00000000c2500000|100%| E|CS|TAMS 0x00000000c2400000| PB 0x00000000c2400000| Complete 
|1061|0x00000000c2500000, 0x00000000c2600000, 0x00000000c2600000|100%| E|CS|TAMS 0x00000000c2500000| PB 0x00000000c2500000| Complete 
|1062|0x00000000c2600000, 0x00000000c2700000, 0x00000000c2700000|100%| E|CS|TAMS 0x00000000c2600000| PB 0x00000000c2600000| Complete 
|1063|0x00000000c2700000, 0x00000000c2800000, 0x00000000c2800000|100%| E|CS|TAMS 0x00000000c2700000| PB 0x00000000c2700000| Complete 
|1064|0x00000000c2800000, 0x00000000c2900000, 0x00000000c2900000|100%| E|CS|TAMS 0x00000000c2800000| PB 0x00000000c2800000| Complete 
|1065|0x00000000c2900000, 0x00000000c2a00000, 0x00000000c2a00000|100%| E|CS|TAMS 0x00000000c2900000| PB 0x00000000c2900000| Complete 
|1066|0x00000000c2a00000, 0x00000000c2b00000, 0x00000000c2b00000|100%| E|CS|TAMS 0x00000000c2a00000| PB 0x00000000c2a00000| Complete 
|1067|0x00000000c2b00000, 0x00000000c2c00000, 0x00000000c2c00000|100%| E|CS|TAMS 0x00000000c2b00000| PB 0x00000000c2b00000| Complete 
|1068|0x00000000c2c00000, 0x00000000c2d00000, 0x00000000c2d00000|100%| E|CS|TAMS 0x00000000c2c00000| PB 0x00000000c2c00000| Complete 
|1069|0x00000000c2d00000, 0x00000000c2e00000, 0x00000000c2e00000|100%| E|CS|TAMS 0x00000000c2d00000| PB 0x00000000c2d00000| Complete 
|1070|0x00000000c2e00000, 0x00000000c2f00000, 0x00000000c2f00000|100%| E|CS|TAMS 0x00000000c2e00000| PB 0x00000000c2e00000| Complete 
|1071|0x00000000c2f00000, 0x00000000c3000000, 0x00000000c3000000|100%| E|CS|TAMS 0x00000000c2f00000| PB 0x00000000c2f00000| Complete 
|1072|0x00000000c3000000, 0x00000000c3100000, 0x00000000c3100000|100%| E|CS|TAMS 0x00000000c3000000| PB 0x00000000c3000000| Complete 
|1073|0x00000000c3100000, 0x00000000c3200000, 0x00000000c3200000|100%| E|CS|TAMS 0x00000000c3100000| PB 0x00000000c3100000| Complete 
|1074|0x00000000c3200000, 0x00000000c3300000, 0x00000000c3300000|100%| E|CS|TAMS 0x00000000c3200000| PB 0x00000000c3200000| Complete 
|1075|0x00000000c3300000, 0x00000000c3400000, 0x00000000c3400000|100%| E|CS|TAMS 0x00000000c3300000| PB 0x00000000c3300000| Complete 
|1076|0x00000000c3400000, 0x00000000c3500000, 0x00000000c3500000|100%| E|CS|TAMS 0x00000000c3400000| PB 0x00000000c3400000| Complete 
|1077|0x00000000c3500000, 0x00000000c3600000, 0x00000000c3600000|100%| E|CS|TAMS 0x00000000c3500000| PB 0x00000000c3500000| Complete 
|1078|0x00000000c3600000, 0x00000000c3700000, 0x00000000c3700000|100%| E|  |TAMS 0x00000000c3600000| PB 0x00000000c3600000| Complete 
|1079|0x00000000c3700000, 0x00000000c3800000, 0x00000000c3800000|100%| E|CS|TAMS 0x00000000c3700000| PB 0x00000000c3700000| Complete 
|1080|0x00000000c3800000, 0x00000000c3900000, 0x00000000c3900000|100%| E|CS|TAMS 0x00000000c3800000| PB 0x00000000c3800000| Complete 
|1081|0x00000000c3900000, 0x00000000c3a00000, 0x00000000c3a00000|100%| E|CS|TAMS 0x00000000c3900000| PB 0x00000000c3900000| Complete 
|1082|0x00000000c3a00000, 0x00000000c3b00000, 0x00000000c3b00000|100%| E|CS|TAMS 0x00000000c3a00000| PB 0x00000000c3a00000| Complete 
|1083|0x00000000c3b00000, 0x00000000c3c00000, 0x00000000c3c00000|100%| E|CS|TAMS 0x00000000c3b00000| PB 0x00000000c3b00000| Complete 
|1084|0x00000000c3c00000, 0x00000000c3d00000, 0x00000000c3d00000|100%| E|CS|TAMS 0x00000000c3c00000| PB 0x00000000c3c00000| Complete 
|1085|0x00000000c3d00000, 0x00000000c3e00000, 0x00000000c3e00000|100%| E|CS|TAMS 0x00000000c3d00000| PB 0x00000000c3d00000| Complete 
|1086|0x00000000c3e00000, 0x00000000c3f00000, 0x00000000c3f00000|100%| E|CS|TAMS 0x00000000c3e00000| PB 0x00000000c3e00000| Complete 
|1087|0x00000000c3f00000, 0x00000000c4000000, 0x00000000c4000000|100%| E|CS|TAMS 0x00000000c3f00000| PB 0x00000000c3f00000| Complete 
|1088|0x00000000c4000000, 0x00000000c4100000, 0x00000000c4100000|100%| E|CS|TAMS 0x00000000c4000000| PB 0x00000000c4000000| Complete 
|1089|0x00000000c4100000, 0x00000000c4200000, 0x00000000c4200000|100%| E|CS|TAMS 0x00000000c4100000| PB 0x00000000c4100000| Complete 
|1090|0x00000000c4200000, 0x00000000c4300000, 0x00000000c4300000|100%| E|CS|TAMS 0x00000000c4200000| PB 0x00000000c4200000| Complete 
|1091|0x00000000c4300000, 0x00000000c4400000, 0x00000000c4400000|100%| E|CS|TAMS 0x00000000c4300000| PB 0x00000000c4300000| Complete 
|1092|0x00000000c4400000, 0x00000000c4500000, 0x00000000c4500000|100%| E|CS|TAMS 0x00000000c4400000| PB 0x00000000c4400000| Complete 
|1093|0x00000000c4500000, 0x00000000c4600000, 0x00000000c4600000|100%| E|CS|TAMS 0x00000000c4500000| PB 0x00000000c4500000| Complete 
|1094|0x00000000c4600000, 0x00000000c4700000, 0x00000000c4700000|100%| E|CS|TAMS 0x00000000c4600000| PB 0x00000000c4600000| Complete 
|1095|0x00000000c4700000, 0x00000000c4800000, 0x00000000c4800000|100%| E|CS|TAMS 0x00000000c4700000| PB 0x00000000c4700000| Complete 
|1096|0x00000000c4800000, 0x00000000c4900000, 0x00000000c4900000|100%| E|CS|TAMS 0x00000000c4800000| PB 0x00000000c4800000| Complete 
|1097|0x00000000c4900000, 0x00000000c4a00000, 0x00000000c4a00000|100%| E|CS|TAMS 0x00000000c4900000| PB 0x00000000c4900000| Complete 
|1098|0x00000000c4a00000, 0x00000000c4b00000, 0x00000000c4b00000|100%| E|CS|TAMS 0x00000000c4a00000| PB 0x00000000c4a00000| Complete 
|1099|0x00000000c4b00000, 0x00000000c4c00000, 0x00000000c4c00000|100%| E|CS|TAMS 0x00000000c4b00000| PB 0x00000000c4b00000| Complete 
|1100|0x00000000c4c00000, 0x00000000c4d00000, 0x00000000c4d00000|100%| E|CS|TAMS 0x00000000c4c00000| PB 0x00000000c4c00000| Complete 
|1101|0x00000000c4d00000, 0x00000000c4e00000, 0x00000000c4e00000|100%| E|CS|TAMS 0x00000000c4d00000| PB 0x00000000c4d00000| Complete 
|1102|0x00000000c4e00000, 0x00000000c4f00000, 0x00000000c4f00000|100%| E|CS|TAMS 0x00000000c4e00000| PB 0x00000000c4e00000| Complete 
|1103|0x00000000c4f00000, 0x00000000c5000000, 0x00000000c5000000|100%| E|CS|TAMS 0x00000000c4f00000| PB 0x00000000c4f00000| Complete 
|1104|0x00000000c5000000, 0x00000000c5100000, 0x00000000c5100000|100%| E|CS|TAMS 0x00000000c5000000| PB 0x00000000c5000000| Complete 
|1105|0x00000000c5100000, 0x00000000c5200000, 0x00000000c5200000|100%| E|CS|TAMS 0x00000000c5100000| PB 0x00000000c5100000| Complete 
|1106|0x00000000c5200000, 0x00000000c5300000, 0x00000000c5300000|100%| E|CS|TAMS 0x00000000c5200000| PB 0x00000000c5200000| Complete 
|1107|0x00000000c5300000, 0x00000000c5400000, 0x00000000c5400000|100%| E|CS|TAMS 0x00000000c5300000| PB 0x00000000c5300000| Complete 
|1108|0x00000000c5400000, 0x00000000c5500000, 0x00000000c5500000|100%| E|CS|TAMS 0x00000000c5400000| PB 0x00000000c5400000| Complete 
|1109|0x00000000c5500000, 0x00000000c5600000, 0x00000000c5600000|100%| E|CS|TAMS 0x00000000c5500000| PB 0x00000000c5500000| Complete 
|1110|0x00000000c5600000, 0x00000000c5700000, 0x00000000c5700000|100%| E|CS|TAMS 0x00000000c5600000| PB 0x00000000c5600000| Complete 
|1111|0x00000000c5700000, 0x00000000c5800000, 0x00000000c5800000|100%| E|CS|TAMS 0x00000000c5700000| PB 0x00000000c5700000| Complete 
|1112|0x00000000c5800000, 0x00000000c5900000, 0x00000000c5900000|100%| E|CS|TAMS 0x00000000c5800000| PB 0x00000000c5800000| Complete 
|1113|0x00000000c5900000, 0x00000000c5a00000, 0x00000000c5a00000|100%| E|CS|TAMS 0x00000000c5900000| PB 0x00000000c5900000| Complete 
|1114|0x00000000c5a00000, 0x00000000c5b00000, 0x00000000c5b00000|100%| E|CS|TAMS 0x00000000c5a00000| PB 0x00000000c5a00000| Complete 
|1115|0x00000000c5b00000, 0x00000000c5c00000, 0x00000000c5c00000|100%| E|CS|TAMS 0x00000000c5b00000| PB 0x00000000c5b00000| Complete 
|1116|0x00000000c5c00000, 0x00000000c5d00000, 0x00000000c5d00000|100%| E|CS|TAMS 0x00000000c5c00000| PB 0x00000000c5c00000| Complete 
|1117|0x00000000c5d00000, 0x00000000c5e00000, 0x00000000c5e00000|100%| E|CS|TAMS 0x00000000c5d00000| PB 0x00000000c5d00000| Complete 
|1118|0x00000000c5e00000, 0x00000000c5f00000, 0x00000000c5f00000|100%| E|CS|TAMS 0x00000000c5e00000| PB 0x00000000c5e00000| Complete 
|1119|0x00000000c5f00000, 0x00000000c6000000, 0x00000000c6000000|100%| E|CS|TAMS 0x00000000c5f00000| PB 0x00000000c5f00000| Complete 
|1120|0x00000000c6000000, 0x00000000c6100000, 0x00000000c6100000|100%| E|CS|TAMS 0x00000000c6000000| PB 0x00000000c6000000| Complete 
|1121|0x00000000c6100000, 0x00000000c6200000, 0x00000000c6200000|100%| E|CS|TAMS 0x00000000c6100000| PB 0x00000000c6100000| Complete 
|1122|0x00000000c6200000, 0x00000000c6300000, 0x00000000c6300000|100%| E|CS|TAMS 0x00000000c6200000| PB 0x00000000c6200000| Complete 
|1123|0x00000000c6300000, 0x00000000c6400000, 0x00000000c6400000|100%| E|CS|TAMS 0x00000000c6300000| PB 0x00000000c6300000| Complete 
|1124|0x00000000c6400000, 0x00000000c6500000, 0x00000000c6500000|100%| E|CS|TAMS 0x00000000c6400000| PB 0x00000000c6400000| Complete 
|1125|0x00000000c6500000, 0x00000000c6600000, 0x00000000c6600000|100%| E|CS|TAMS 0x00000000c6500000| PB 0x00000000c6500000| Complete 
|1126|0x00000000c6600000, 0x00000000c6700000, 0x00000000c6700000|100%| E|CS|TAMS 0x00000000c6600000| PB 0x00000000c6600000| Complete 
|1127|0x00000000c6700000, 0x00000000c6800000, 0x00000000c6800000|100%| E|CS|TAMS 0x00000000c6700000| PB 0x00000000c6700000| Complete 
|1128|0x00000000c6800000, 0x00000000c6900000, 0x00000000c6900000|100%| E|CS|TAMS 0x00000000c6800000| PB 0x00000000c6800000| Complete 
|1129|0x00000000c6900000, 0x00000000c6a00000, 0x00000000c6a00000|100%| E|CS|TAMS 0x00000000c6900000| PB 0x00000000c6900000| Complete 
|1130|0x00000000c6a00000, 0x00000000c6b00000, 0x00000000c6b00000|100%| E|CS|TAMS 0x00000000c6a00000| PB 0x00000000c6a00000| Complete 
|1131|0x00000000c6b00000, 0x00000000c6c00000, 0x00000000c6c00000|100%| E|CS|TAMS 0x00000000c6b00000| PB 0x00000000c6b00000| Complete 
|1132|0x00000000c6c00000, 0x00000000c6d00000, 0x00000000c6d00000|100%| E|CS|TAMS 0x00000000c6c00000| PB 0x00000000c6c00000| Complete 
|1133|0x00000000c6d00000, 0x00000000c6e00000, 0x00000000c6e00000|100%| E|CS|TAMS 0x00000000c6d00000| PB 0x00000000c6d00000| Complete 
|1134|0x00000000c6e00000, 0x00000000c6f00000, 0x00000000c6f00000|100%| E|CS|TAMS 0x00000000c6e00000| PB 0x00000000c6e00000| Complete 
|1135|0x00000000c6f00000, 0x00000000c7000000, 0x00000000c7000000|100%| E|CS|TAMS 0x00000000c6f00000| PB 0x00000000c6f00000| Complete 
|1136|0x00000000c7000000, 0x00000000c7100000, 0x00000000c7100000|100%| E|CS|TAMS 0x00000000c7000000| PB 0x00000000c7000000| Complete 
|1137|0x00000000c7100000, 0x00000000c7200000, 0x00000000c7200000|100%| E|CS|TAMS 0x00000000c7100000| PB 0x00000000c7100000| Complete 
|1138|0x00000000c7200000, 0x00000000c7300000, 0x00000000c7300000|100%| E|CS|TAMS 0x00000000c7200000| PB 0x00000000c7200000| Complete 
|1139|0x00000000c7300000, 0x00000000c7400000, 0x00000000c7400000|100%| E|CS|TAMS 0x00000000c7300000| PB 0x00000000c7300000| Complete 
|1140|0x00000000c7400000, 0x00000000c7500000, 0x00000000c7500000|100%| E|CS|TAMS 0x00000000c7400000| PB 0x00000000c7400000| Complete 
|1141|0x00000000c7500000, 0x00000000c7600000, 0x00000000c7600000|100%| E|CS|TAMS 0x00000000c7500000| PB 0x00000000c7500000| Complete 
|1142|0x00000000c7600000, 0x00000000c7700000, 0x00000000c7700000|100%| E|CS|TAMS 0x00000000c7600000| PB 0x00000000c7600000| Complete 
|1143|0x00000000c7700000, 0x00000000c7800000, 0x00000000c7800000|100%| E|CS|TAMS 0x00000000c7700000| PB 0x00000000c7700000| Complete 
|1144|0x00000000c7800000, 0x00000000c7900000, 0x00000000c7900000|100%| E|CS|TAMS 0x00000000c7800000| PB 0x00000000c7800000| Complete 
|1145|0x00000000c7900000, 0x00000000c7a00000, 0x00000000c7a00000|100%| E|CS|TAMS 0x00000000c7900000| PB 0x00000000c7900000| Complete 
|1146|0x00000000c7a00000, 0x00000000c7b00000, 0x00000000c7b00000|100%| E|CS|TAMS 0x00000000c7a00000| PB 0x00000000c7a00000| Complete 
|1147|0x00000000c7b00000, 0x00000000c7c00000, 0x00000000c7c00000|100%| E|CS|TAMS 0x00000000c7b00000| PB 0x00000000c7b00000| Complete 
|1148|0x00000000c7c00000, 0x00000000c7d00000, 0x00000000c7d00000|100%| E|CS|TAMS 0x00000000c7c00000| PB 0x00000000c7c00000| Complete 
|1149|0x00000000c7d00000, 0x00000000c7e00000, 0x00000000c7e00000|100%| E|CS|TAMS 0x00000000c7d00000| PB 0x00000000c7d00000| Complete 
|1150|0x00000000c7e00000, 0x00000000c7f00000, 0x00000000c7f00000|100%| E|CS|TAMS 0x00000000c7e00000| PB 0x00000000c7e00000| Complete 
|1151|0x00000000c7f00000, 0x00000000c8000000, 0x00000000c8000000|100%| E|CS|TAMS 0x00000000c7f00000| PB 0x00000000c7f00000| Complete 
|1152|0x00000000c8000000, 0x00000000c8100000, 0x00000000c8100000|100%| E|CS|TAMS 0x00000000c8000000| PB 0x00000000c8000000| Complete 
|1153|0x00000000c8100000, 0x00000000c8200000, 0x00000000c8200000|100%| E|CS|TAMS 0x00000000c8100000| PB 0x00000000c8100000| Complete 
|1154|0x00000000c8200000, 0x00000000c8300000, 0x00000000c8300000|100%| E|CS|TAMS 0x00000000c8200000| PB 0x00000000c8200000| Complete 
|1155|0x00000000c8300000, 0x00000000c8400000, 0x00000000c8400000|100%| E|CS|TAMS 0x00000000c8300000| PB 0x00000000c8300000| Complete 
|1156|0x00000000c8400000, 0x00000000c8500000, 0x00000000c8500000|100%| E|CS|TAMS 0x00000000c8400000| PB 0x00000000c8400000| Complete 
|1157|0x00000000c8500000, 0x00000000c8600000, 0x00000000c8600000|100%| E|CS|TAMS 0x00000000c8500000| PB 0x00000000c8500000| Complete 
|1158|0x00000000c8600000, 0x00000000c8700000, 0x00000000c8700000|100%| E|CS|TAMS 0x00000000c8600000| PB 0x00000000c8600000| Complete 
|1159|0x00000000c8700000, 0x00000000c8800000, 0x00000000c8800000|100%| E|CS|TAMS 0x00000000c8700000| PB 0x00000000c8700000| Complete 
|1160|0x00000000c8800000, 0x00000000c8900000, 0x00000000c8900000|100%| E|CS|TAMS 0x00000000c8800000| PB 0x00000000c8800000| Complete 
|1161|0x00000000c8900000, 0x00000000c8a00000, 0x00000000c8a00000|100%| E|CS|TAMS 0x00000000c8900000| PB 0x00000000c8900000| Complete 
|1162|0x00000000c8a00000, 0x00000000c8b00000, 0x00000000c8b00000|100%| E|CS|TAMS 0x00000000c8a00000| PB 0x00000000c8a00000| Complete 
|1163|0x00000000c8b00000, 0x00000000c8c00000, 0x00000000c8c00000|100%| E|CS|TAMS 0x00000000c8b00000| PB 0x00000000c8b00000| Complete 
|1164|0x00000000c8c00000, 0x00000000c8d00000, 0x00000000c8d00000|100%| E|CS|TAMS 0x00000000c8c00000| PB 0x00000000c8c00000| Complete 
|1165|0x00000000c8d00000, 0x00000000c8e00000, 0x00000000c8e00000|100%| E|CS|TAMS 0x00000000c8d00000| PB 0x00000000c8d00000| Complete 
|1166|0x00000000c8e00000, 0x00000000c8f00000, 0x00000000c8f00000|100%| E|CS|TAMS 0x00000000c8e00000| PB 0x00000000c8e00000| Complete 
|1167|0x00000000c8f00000, 0x00000000c9000000, 0x00000000c9000000|100%| E|CS|TAMS 0x00000000c8f00000| PB 0x00000000c8f00000| Complete 
|1168|0x00000000c9000000, 0x00000000c9100000, 0x00000000c9100000|100%| E|CS|TAMS 0x00000000c9000000| PB 0x00000000c9000000| Complete 
|1169|0x00000000c9100000, 0x00000000c9200000, 0x00000000c9200000|100%| E|CS|TAMS 0x00000000c9100000| PB 0x00000000c9100000| Complete 
|1170|0x00000000c9200000, 0x00000000c9300000, 0x00000000c9300000|100%| E|CS|TAMS 0x00000000c9200000| PB 0x00000000c9200000| Complete 
|1171|0x00000000c9300000, 0x00000000c9400000, 0x00000000c9400000|100%| E|CS|TAMS 0x00000000c9300000| PB 0x00000000c9300000| Complete 
|1172|0x00000000c9400000, 0x00000000c9500000, 0x00000000c9500000|100%| E|CS|TAMS 0x00000000c9400000| PB 0x00000000c9400000| Complete 
|1173|0x00000000c9500000, 0x00000000c9600000, 0x00000000c9600000|100%| E|CS|TAMS 0x00000000c9500000| PB 0x00000000c9500000| Complete 
|1174|0x00000000c9600000, 0x00000000c9700000, 0x00000000c9700000|100%| E|CS|TAMS 0x00000000c9600000| PB 0x00000000c9600000| Complete 
|1175|0x00000000c9700000, 0x00000000c9800000, 0x00000000c9800000|100%| E|CS|TAMS 0x00000000c9700000| PB 0x00000000c9700000| Complete 
|1176|0x00000000c9800000, 0x00000000c9900000, 0x00000000c9900000|100%| E|CS|TAMS 0x00000000c9800000| PB 0x00000000c9800000| Complete 
|1177|0x00000000c9900000, 0x00000000c9a00000, 0x00000000c9a00000|100%| E|CS|TAMS 0x00000000c9900000| PB 0x00000000c9900000| Complete 
|1178|0x00000000c9a00000, 0x00000000c9b00000, 0x00000000c9b00000|100%| E|CS|TAMS 0x00000000c9a00000| PB 0x00000000c9a00000| Complete 
|1179|0x00000000c9b00000, 0x00000000c9c00000, 0x00000000c9c00000|100%| E|CS|TAMS 0x00000000c9b00000| PB 0x00000000c9b00000| Complete 
|1180|0x00000000c9c00000, 0x00000000c9d00000, 0x00000000c9d00000|100%| E|CS|TAMS 0x00000000c9c00000| PB 0x00000000c9c00000| Complete 
|1181|0x00000000c9d00000, 0x00000000c9e00000, 0x00000000c9e00000|100%| E|CS|TAMS 0x00000000c9d00000| PB 0x00000000c9d00000| Complete 
|1182|0x00000000c9e00000, 0x00000000c9f00000, 0x00000000c9f00000|100%| E|CS|TAMS 0x00000000c9e00000| PB 0x00000000c9e00000| Complete 
|1183|0x00000000c9f00000, 0x00000000ca000000, 0x00000000ca000000|100%| E|CS|TAMS 0x00000000c9f00000| PB 0x00000000c9f00000| Complete 
|1184|0x00000000ca000000, 0x00000000ca100000, 0x00000000ca100000|100%| E|CS|TAMS 0x00000000ca000000| PB 0x00000000ca000000| Complete 
|1185|0x00000000ca100000, 0x00000000ca200000, 0x00000000ca200000|100%| E|CS|TAMS 0x00000000ca100000| PB 0x00000000ca100000| Complete 
|1186|0x00000000ca200000, 0x00000000ca300000, 0x00000000ca300000|100%| E|CS|TAMS 0x00000000ca200000| PB 0x00000000ca200000| Complete 
|1187|0x00000000ca300000, 0x00000000ca400000, 0x00000000ca400000|100%| E|CS|TAMS 0x00000000ca300000| PB 0x00000000ca300000| Complete 
|1188|0x00000000ca400000, 0x00000000ca500000, 0x00000000ca500000|100%| E|CS|TAMS 0x00000000ca400000| PB 0x00000000ca400000| Complete 
|1189|0x00000000ca500000, 0x00000000ca600000, 0x00000000ca600000|100%| E|CS|TAMS 0x00000000ca500000| PB 0x00000000ca500000| Complete 
|1190|0x00000000ca600000, 0x00000000ca700000, 0x00000000ca700000|100%| E|CS|TAMS 0x00000000ca600000| PB 0x00000000ca600000| Complete 
|1191|0x00000000ca700000, 0x00000000ca800000, 0x00000000ca800000|100%| E|CS|TAMS 0x00000000ca700000| PB 0x00000000ca700000| Complete 
|1192|0x00000000ca800000, 0x00000000ca900000, 0x00000000ca900000|100%| E|CS|TAMS 0x00000000ca800000| PB 0x00000000ca800000| Complete 
|1193|0x00000000ca900000, 0x00000000caa00000, 0x00000000caa00000|100%| E|CS|TAMS 0x00000000ca900000| PB 0x00000000ca900000| Complete 
|1194|0x00000000caa00000, 0x00000000cab00000, 0x00000000cab00000|100%| E|CS|TAMS 0x00000000caa00000| PB 0x00000000caa00000| Complete 
|1195|0x00000000cab00000, 0x00000000cac00000, 0x00000000cac00000|100%| E|CS|TAMS 0x00000000cab00000| PB 0x00000000cab00000| Complete 
|1196|0x00000000cac00000, 0x00000000cad00000, 0x00000000cad00000|100%| E|CS|TAMS 0x00000000cac00000| PB 0x00000000cac00000| Complete 
|1197|0x00000000cad00000, 0x00000000cae00000, 0x00000000cae00000|100%| E|CS|TAMS 0x00000000cad00000| PB 0x00000000cad00000| Complete 
|1198|0x00000000cae00000, 0x00000000caf00000, 0x00000000caf00000|100%| E|CS|TAMS 0x00000000cae00000| PB 0x00000000cae00000| Complete 
|1199|0x00000000caf00000, 0x00000000cb000000, 0x00000000cb000000|100%| E|CS|TAMS 0x00000000caf00000| PB 0x00000000caf00000| Complete 
|1200|0x00000000cb000000, 0x00000000cb100000, 0x00000000cb100000|100%| E|CS|TAMS 0x00000000cb000000| PB 0x00000000cb000000| Complete 
|1201|0x00000000cb100000, 0x00000000cb200000, 0x00000000cb200000|100%| E|CS|TAMS 0x00000000cb100000| PB 0x00000000cb100000| Complete 
|1202|0x00000000cb200000, 0x00000000cb300000, 0x00000000cb300000|100%| E|CS|TAMS 0x00000000cb200000| PB 0x00000000cb200000| Complete 
|1203|0x00000000cb300000, 0x00000000cb400000, 0x00000000cb400000|100%| E|CS|TAMS 0x00000000cb300000| PB 0x00000000cb300000| Complete 
|1204|0x00000000cb400000, 0x00000000cb500000, 0x00000000cb500000|100%| E|CS|TAMS 0x00000000cb400000| PB 0x00000000cb400000| Complete 
|1205|0x00000000cb500000, 0x00000000cb600000, 0x00000000cb600000|100%| E|CS|TAMS 0x00000000cb500000| PB 0x00000000cb500000| Complete 
|1206|0x00000000cb600000, 0x00000000cb700000, 0x00000000cb700000|100%| E|CS|TAMS 0x00000000cb600000| PB 0x00000000cb600000| Complete 
|1207|0x00000000cb700000, 0x00000000cb800000, 0x00000000cb800000|100%| E|CS|TAMS 0x00000000cb700000| PB 0x00000000cb700000| Complete 
|1208|0x00000000cb800000, 0x00000000cb900000, 0x00000000cb900000|100%| E|CS|TAMS 0x00000000cb800000| PB 0x00000000cb800000| Complete 
|1209|0x00000000cb900000, 0x00000000cba00000, 0x00000000cba00000|100%| E|CS|TAMS 0x00000000cb900000| PB 0x00000000cb900000| Complete 
|1210|0x00000000cba00000, 0x00000000cbb00000, 0x00000000cbb00000|100%| E|CS|TAMS 0x00000000cba00000| PB 0x00000000cba00000| Complete 
|1211|0x00000000cbb00000, 0x00000000cbc00000, 0x00000000cbc00000|100%| E|CS|TAMS 0x00000000cbb00000| PB 0x00000000cbb00000| Complete 
|1212|0x00000000cbc00000, 0x00000000cbd00000, 0x00000000cbd00000|100%| E|CS|TAMS 0x00000000cbc00000| PB 0x00000000cbc00000| Complete 
|1213|0x00000000cbd00000, 0x00000000cbe00000, 0x00000000cbe00000|100%| E|CS|TAMS 0x00000000cbd00000| PB 0x00000000cbd00000| Complete 
|1214|0x00000000cbe00000, 0x00000000cbf00000, 0x00000000cbf00000|100%| E|CS|TAMS 0x00000000cbe00000| PB 0x00000000cbe00000| Complete 
|1215|0x00000000cbf00000, 0x00000000cc000000, 0x00000000cc000000|100%| E|CS|TAMS 0x00000000cbf00000| PB 0x00000000cbf00000| Complete 
|1216|0x00000000cc000000, 0x00000000cc100000, 0x00000000cc100000|100%| E|CS|TAMS 0x00000000cc000000| PB 0x00000000cc000000| Complete 
|1217|0x00000000cc100000, 0x00000000cc200000, 0x00000000cc200000|100%| E|CS|TAMS 0x00000000cc100000| PB 0x00000000cc100000| Complete 
|1218|0x00000000cc200000, 0x00000000cc300000, 0x00000000cc300000|100%| E|CS|TAMS 0x00000000cc200000| PB 0x00000000cc200000| Complete 
|1219|0x00000000cc300000, 0x00000000cc400000, 0x00000000cc400000|100%| E|CS|TAMS 0x00000000cc300000| PB 0x00000000cc300000| Complete 
|1220|0x00000000cc400000, 0x00000000cc500000, 0x00000000cc500000|100%| E|CS|TAMS 0x00000000cc400000| PB 0x00000000cc400000| Complete 
|1221|0x00000000cc500000, 0x00000000cc600000, 0x00000000cc600000|100%| E|CS|TAMS 0x00000000cc500000| PB 0x00000000cc500000| Complete 
|1222|0x00000000cc600000, 0x00000000cc700000, 0x00000000cc700000|100%| E|CS|TAMS 0x00000000cc600000| PB 0x00000000cc600000| Complete 
|1223|0x00000000cc700000, 0x00000000cc800000, 0x00000000cc800000|100%| E|CS|TAMS 0x00000000cc700000| PB 0x00000000cc700000| Complete 
|1224|0x00000000cc800000, 0x00000000cc900000, 0x00000000cc900000|100%| E|CS|TAMS 0x00000000cc800000| PB 0x00000000cc800000| Complete 
|1225|0x00000000cc900000, 0x00000000cca00000, 0x00000000cca00000|100%| E|CS|TAMS 0x00000000cc900000| PB 0x00000000cc900000| Complete 
|1226|0x00000000cca00000, 0x00000000ccb00000, 0x00000000ccb00000|100%| E|CS|TAMS 0x00000000cca00000| PB 0x00000000cca00000| Complete 
|1227|0x00000000ccb00000, 0x00000000ccc00000, 0x00000000ccc00000|100%| E|CS|TAMS 0x00000000ccb00000| PB 0x00000000ccb00000| Complete 
|1228|0x00000000ccc00000, 0x00000000ccd00000, 0x00000000ccd00000|100%| E|CS|TAMS 0x00000000ccc00000| PB 0x00000000ccc00000| Complete 
|1229|0x00000000ccd00000, 0x00000000cce00000, 0x00000000cce00000|100%| E|CS|TAMS 0x00000000ccd00000| PB 0x00000000ccd00000| Complete 
|1230|0x00000000cce00000, 0x00000000ccf00000, 0x00000000ccf00000|100%| E|CS|TAMS 0x00000000cce00000| PB 0x00000000cce00000| Complete 
|1231|0x00000000ccf00000, 0x00000000cd000000, 0x00000000cd000000|100%| E|CS|TAMS 0x00000000ccf00000| PB 0x00000000ccf00000| Complete 
|1232|0x00000000cd000000, 0x00000000cd100000, 0x00000000cd100000|100%| E|CS|TAMS 0x00000000cd000000| PB 0x00000000cd000000| Complete 
|1233|0x00000000cd100000, 0x00000000cd200000, 0x00000000cd200000|100%| E|CS|TAMS 0x00000000cd100000| PB 0x00000000cd100000| Complete 
|1234|0x00000000cd200000, 0x00000000cd300000, 0x00000000cd300000|100%| E|CS|TAMS 0x00000000cd200000| PB 0x00000000cd200000| Complete 
|1235|0x00000000cd300000, 0x00000000cd400000, 0x00000000cd400000|100%| E|CS|TAMS 0x00000000cd300000| PB 0x00000000cd300000| Complete 
|1236|0x00000000cd400000, 0x00000000cd500000, 0x00000000cd500000|100%| E|CS|TAMS 0x00000000cd400000| PB 0x00000000cd400000| Complete 
|1237|0x00000000cd500000, 0x00000000cd600000, 0x00000000cd600000|100%| E|CS|TAMS 0x00000000cd500000| PB 0x00000000cd500000| Complete 
|1238|0x00000000cd600000, 0x00000000cd700000, 0x00000000cd700000|100%| E|CS|TAMS 0x00000000cd600000| PB 0x00000000cd600000| Complete 
|1239|0x00000000cd700000, 0x00000000cd800000, 0x00000000cd800000|100%| E|CS|TAMS 0x00000000cd700000| PB 0x00000000cd700000| Complete 
|1240|0x00000000cd800000, 0x00000000cd900000, 0x00000000cd900000|100%| E|CS|TAMS 0x00000000cd800000| PB 0x00000000cd800000| Complete 
|1241|0x00000000cd900000, 0x00000000cda00000, 0x00000000cda00000|100%| E|CS|TAMS 0x00000000cd900000| PB 0x00000000cd900000| Complete 
|1242|0x00000000cda00000, 0x00000000cdb00000, 0x00000000cdb00000|100%| E|CS|TAMS 0x00000000cda00000| PB 0x00000000cda00000| Complete 
|1243|0x00000000cdb00000, 0x00000000cdc00000, 0x00000000cdc00000|100%| E|CS|TAMS 0x00000000cdb00000| PB 0x00000000cdb00000| Complete 
|1244|0x00000000cdc00000, 0x00000000cdd00000, 0x00000000cdd00000|100%| E|CS|TAMS 0x00000000cdc00000| PB 0x00000000cdc00000| Complete 
|1245|0x00000000cdd00000, 0x00000000cde00000, 0x00000000cde00000|100%| E|CS|TAMS 0x00000000cdd00000| PB 0x00000000cdd00000| Complete 
|1246|0x00000000cde00000, 0x00000000cdf00000, 0x00000000cdf00000|100%| E|CS|TAMS 0x00000000cde00000| PB 0x00000000cde00000| Complete 
|1247|0x00000000cdf00000, 0x00000000ce000000, 0x00000000ce000000|100%| E|CS|TAMS 0x00000000cdf00000| PB 0x00000000cdf00000| Complete 
|1248|0x00000000ce000000, 0x00000000ce100000, 0x00000000ce100000|100%| E|CS|TAMS 0x00000000ce000000| PB 0x00000000ce000000| Complete 
|1249|0x00000000ce100000, 0x00000000ce200000, 0x00000000ce200000|100%| E|CS|TAMS 0x00000000ce100000| PB 0x00000000ce100000| Complete 
|1250|0x00000000ce200000, 0x00000000ce300000, 0x00000000ce300000|100%| E|CS|TAMS 0x00000000ce200000| PB 0x00000000ce200000| Complete 
|1251|0x00000000ce300000, 0x00000000ce400000, 0x00000000ce400000|100%| E|CS|TAMS 0x00000000ce300000| PB 0x00000000ce300000| Complete 
|1252|0x00000000ce400000, 0x00000000ce500000, 0x00000000ce500000|100%| E|CS|TAMS 0x00000000ce400000| PB 0x00000000ce400000| Complete 
|1253|0x00000000ce500000, 0x00000000ce600000, 0x00000000ce600000|100%| E|CS|TAMS 0x00000000ce500000| PB 0x00000000ce500000| Complete 
|1254|0x00000000ce600000, 0x00000000ce700000, 0x00000000ce700000|100%| E|CS|TAMS 0x00000000ce600000| PB 0x00000000ce600000| Complete 
|1255|0x00000000ce700000, 0x00000000ce800000, 0x00000000ce800000|100%| E|CS|TAMS 0x00000000ce700000| PB 0x00000000ce700000| Complete 
|1256|0x00000000ce800000, 0x00000000ce900000, 0x00000000ce900000|100%| E|CS|TAMS 0x00000000ce800000| PB 0x00000000ce800000| Complete 
|1257|0x00000000ce900000, 0x00000000cea00000, 0x00000000cea00000|100%| E|CS|TAMS 0x00000000ce900000| PB 0x00000000ce900000| Complete 
|1258|0x00000000cea00000, 0x00000000ceb00000, 0x00000000ceb00000|100%| E|CS|TAMS 0x00000000cea00000| PB 0x00000000cea00000| Complete 
|1259|0x00000000ceb00000, 0x00000000cec00000, 0x00000000cec00000|100%| E|CS|TAMS 0x00000000ceb00000| PB 0x00000000ceb00000| Complete 
|1260|0x00000000cec00000, 0x00000000ced00000, 0x00000000ced00000|100%| E|CS|TAMS 0x00000000cec00000| PB 0x00000000cec00000| Complete 
|1261|0x00000000ced00000, 0x00000000cee00000, 0x00000000cee00000|100%| E|CS|TAMS 0x00000000ced00000| PB 0x00000000ced00000| Complete 
|1262|0x00000000cee00000, 0x00000000cef00000, 0x00000000cef00000|100%| E|CS|TAMS 0x00000000cee00000| PB 0x00000000cee00000| Complete 
|1263|0x00000000cef00000, 0x00000000cf000000, 0x00000000cf000000|100%| E|CS|TAMS 0x00000000cef00000| PB 0x00000000cef00000| Complete 
|1264|0x00000000cf000000, 0x00000000cf100000, 0x00000000cf100000|100%| E|CS|TAMS 0x00000000cf000000| PB 0x00000000cf000000| Complete 
|1265|0x00000000cf100000, 0x00000000cf200000, 0x00000000cf200000|100%| E|CS|TAMS 0x00000000cf100000| PB 0x00000000cf100000| Complete 
|1266|0x00000000cf200000, 0x00000000cf300000, 0x00000000cf300000|100%| E|CS|TAMS 0x00000000cf200000| PB 0x00000000cf200000| Complete 
|1267|0x00000000cf300000, 0x00000000cf400000, 0x00000000cf400000|100%| E|CS|TAMS 0x00000000cf300000| PB 0x00000000cf300000| Complete 
|1268|0x00000000cf400000, 0x00000000cf500000, 0x00000000cf500000|100%| E|CS|TAMS 0x00000000cf400000| PB 0x00000000cf400000| Complete 
|1269|0x00000000cf500000, 0x00000000cf600000, 0x00000000cf600000|100%| E|CS|TAMS 0x00000000cf500000| PB 0x00000000cf500000| Complete 
|1270|0x00000000cf600000, 0x00000000cf700000, 0x00000000cf700000|100%| E|CS|TAMS 0x00000000cf600000| PB 0x00000000cf600000| Complete 
|1271|0x00000000cf700000, 0x00000000cf800000, 0x00000000cf800000|100%| E|CS|TAMS 0x00000000cf700000| PB 0x00000000cf700000| Complete 
|1272|0x00000000cf800000, 0x00000000cf900000, 0x00000000cf900000|100%| E|CS|TAMS 0x00000000cf800000| PB 0x00000000cf800000| Complete 
|1273|0x00000000cf900000, 0x00000000cfa00000, 0x00000000cfa00000|100%| E|CS|TAMS 0x00000000cf900000| PB 0x00000000cf900000| Complete 
|1274|0x00000000cfa00000, 0x00000000cfb00000, 0x00000000cfb00000|100%| E|CS|TAMS 0x00000000cfa00000| PB 0x00000000cfa00000| Complete 
|1275|0x00000000cfb00000, 0x00000000cfc00000, 0x00000000cfc00000|100%| E|CS|TAMS 0x00000000cfb00000| PB 0x00000000cfb00000| Complete 
|1276|0x00000000cfc00000, 0x00000000cfd00000, 0x00000000cfd00000|100%| E|CS|TAMS 0x00000000cfc00000| PB 0x00000000cfc00000| Complete 
|1277|0x00000000cfd00000, 0x00000000cfe00000, 0x00000000cfe00000|100%| E|CS|TAMS 0x00000000cfd00000| PB 0x00000000cfd00000| Complete 
|1278|0x00000000cfe00000, 0x00000000cff00000, 0x00000000cff00000|100%| E|CS|TAMS 0x00000000cfe00000| PB 0x00000000cfe00000| Complete 
|1279|0x00000000cff00000, 0x00000000d0000000, 0x00000000d0000000|100%| E|CS|TAMS 0x00000000cff00000| PB 0x00000000cff00000| Complete 
|1280|0x00000000d0000000, 0x00000000d0100000, 0x00000000d0100000|100%| E|CS|TAMS 0x00000000d0000000| PB 0x00000000d0000000| Complete 
|1281|0x00000000d0100000, 0x00000000d0200000, 0x00000000d0200000|100%| E|CS|TAMS 0x00000000d0100000| PB 0x00000000d0100000| Complete 
|1282|0x00000000d0200000, 0x00000000d0300000, 0x00000000d0300000|100%| E|CS|TAMS 0x00000000d0200000| PB 0x00000000d0200000| Complete 
|1283|0x00000000d0300000, 0x00000000d0400000, 0x00000000d0400000|100%| E|CS|TAMS 0x00000000d0300000| PB 0x00000000d0300000| Complete 
|1284|0x00000000d0400000, 0x00000000d0500000, 0x00000000d0500000|100%| E|CS|TAMS 0x00000000d0400000| PB 0x00000000d0400000| Complete 
|1285|0x00000000d0500000, 0x00000000d0600000, 0x00000000d0600000|100%| E|CS|TAMS 0x00000000d0500000| PB 0x00000000d0500000| Complete 
|1286|0x00000000d0600000, 0x00000000d0700000, 0x00000000d0700000|100%| E|CS|TAMS 0x00000000d0600000| PB 0x00000000d0600000| Complete 
|1287|0x00000000d0700000, 0x00000000d0800000, 0x00000000d0800000|100%| E|CS|TAMS 0x00000000d0700000| PB 0x00000000d0700000| Complete 
|1288|0x00000000d0800000, 0x00000000d0900000, 0x00000000d0900000|100%| E|CS|TAMS 0x00000000d0800000| PB 0x00000000d0800000| Complete 
|1289|0x00000000d0900000, 0x00000000d0a00000, 0x00000000d0a00000|100%| E|CS|TAMS 0x00000000d0900000| PB 0x00000000d0900000| Complete 
|1290|0x00000000d0a00000, 0x00000000d0b00000, 0x00000000d0b00000|100%| E|CS|TAMS 0x00000000d0a00000| PB 0x00000000d0a00000| Complete 
|1291|0x00000000d0b00000, 0x00000000d0c00000, 0x00000000d0c00000|100%| E|CS|TAMS 0x00000000d0b00000| PB 0x00000000d0b00000| Complete 
|1292|0x00000000d0c00000, 0x00000000d0d00000, 0x00000000d0d00000|100%| E|CS|TAMS 0x00000000d0c00000| PB 0x00000000d0c00000| Complete 
|1293|0x00000000d0d00000, 0x00000000d0e00000, 0x00000000d0e00000|100%| E|CS|TAMS 0x00000000d0d00000| PB 0x00000000d0d00000| Complete 
|1294|0x00000000d0e00000, 0x00000000d0f00000, 0x00000000d0f00000|100%| E|CS|TAMS 0x00000000d0e00000| PB 0x00000000d0e00000| Complete 
|1295|0x00000000d0f00000, 0x00000000d1000000, 0x00000000d1000000|100%| E|CS|TAMS 0x00000000d0f00000| PB 0x00000000d0f00000| Complete 
|1296|0x00000000d1000000, 0x00000000d1100000, 0x00000000d1100000|100%| E|CS|TAMS 0x00000000d1000000| PB 0x00000000d1000000| Complete 
|1297|0x00000000d1100000, 0x00000000d1200000, 0x00000000d1200000|100%| E|CS|TAMS 0x00000000d1100000| PB 0x00000000d1100000| Complete 
|1298|0x00000000d1200000, 0x00000000d1300000, 0x00000000d1300000|100%| E|CS|TAMS 0x00000000d1200000| PB 0x00000000d1200000| Complete 
|1299|0x00000000d1300000, 0x00000000d1400000, 0x00000000d1400000|100%| E|CS|TAMS 0x00000000d1300000| PB 0x00000000d1300000| Complete 
|1300|0x00000000d1400000, 0x00000000d1500000, 0x00000000d1500000|100%| E|CS|TAMS 0x00000000d1400000| PB 0x00000000d1400000| Complete 
|1301|0x00000000d1500000, 0x00000000d1600000, 0x00000000d1600000|100%| E|CS|TAMS 0x00000000d1500000| PB 0x00000000d1500000| Complete 
|1302|0x00000000d1600000, 0x00000000d1700000, 0x00000000d1700000|100%| E|CS|TAMS 0x00000000d1600000| PB 0x00000000d1600000| Complete 
|1303|0x00000000d1700000, 0x00000000d1800000, 0x00000000d1800000|100%| E|CS|TAMS 0x00000000d1700000| PB 0x00000000d1700000| Complete 
|1304|0x00000000d1800000, 0x00000000d1900000, 0x00000000d1900000|100%| E|CS|TAMS 0x00000000d1800000| PB 0x00000000d1800000| Complete 
|1305|0x00000000d1900000, 0x00000000d1a00000, 0x00000000d1a00000|100%| E|CS|TAMS 0x00000000d1900000| PB 0x00000000d1900000| Complete 
|1306|0x00000000d1a00000, 0x00000000d1b00000, 0x00000000d1b00000|100%| E|CS|TAMS 0x00000000d1a00000| PB 0x00000000d1a00000| Complete 
|1307|0x00000000d1b00000, 0x00000000d1c00000, 0x00000000d1c00000|100%| E|CS|TAMS 0x00000000d1b00000| PB 0x00000000d1b00000| Complete 
|1308|0x00000000d1c00000, 0x00000000d1d00000, 0x00000000d1d00000|100%| E|CS|TAMS 0x00000000d1c00000| PB 0x00000000d1c00000| Complete 
|1309|0x00000000d1d00000, 0x00000000d1e00000, 0x00000000d1e00000|100%| E|CS|TAMS 0x00000000d1d00000| PB 0x00000000d1d00000| Complete 
|1310|0x00000000d1e00000, 0x00000000d1f00000, 0x00000000d1f00000|100%| E|CS|TAMS 0x00000000d1e00000| PB 0x00000000d1e00000| Complete 
|1311|0x00000000d1f00000, 0x00000000d2000000, 0x00000000d2000000|100%| E|CS|TAMS 0x00000000d1f00000| PB 0x00000000d1f00000| Complete 
|1312|0x00000000d2000000, 0x00000000d2100000, 0x00000000d2100000|100%| E|CS|TAMS 0x00000000d2000000| PB 0x00000000d2000000| Complete 
|1313|0x00000000d2100000, 0x00000000d2200000, 0x00000000d2200000|100%| E|CS|TAMS 0x00000000d2100000| PB 0x00000000d2100000| Complete 
|1314|0x00000000d2200000, 0x00000000d2300000, 0x00000000d2300000|100%| E|CS|TAMS 0x00000000d2200000| PB 0x00000000d2200000| Complete 
|1315|0x00000000d2300000, 0x00000000d2400000, 0x00000000d2400000|100%| E|CS|TAMS 0x00000000d2300000| PB 0x00000000d2300000| Complete 
|1316|0x00000000d2400000, 0x00000000d2500000, 0x00000000d2500000|100%| E|CS|TAMS 0x00000000d2400000| PB 0x00000000d2400000| Complete 
|1317|0x00000000d2500000, 0x00000000d2600000, 0x00000000d2600000|100%| E|CS|TAMS 0x00000000d2500000| PB 0x00000000d2500000| Complete 
|1318|0x00000000d2600000, 0x00000000d2700000, 0x00000000d2700000|100%| E|CS|TAMS 0x00000000d2600000| PB 0x00000000d2600000| Complete 
|1319|0x00000000d2700000, 0x00000000d2800000, 0x00000000d2800000|100%| E|CS|TAMS 0x00000000d2700000| PB 0x00000000d2700000| Complete 
|1320|0x00000000d2800000, 0x00000000d2900000, 0x00000000d2900000|100%| E|CS|TAMS 0x00000000d2800000| PB 0x00000000d2800000| Complete 
|1321|0x00000000d2900000, 0x00000000d2a00000, 0x00000000d2a00000|100%| E|CS|TAMS 0x00000000d2900000| PB 0x00000000d2900000| Complete 
|1322|0x00000000d2a00000, 0x00000000d2b00000, 0x00000000d2b00000|100%| E|CS|TAMS 0x00000000d2a00000| PB 0x00000000d2a00000| Complete 
|1323|0x00000000d2b00000, 0x00000000d2c00000, 0x00000000d2c00000|100%| E|CS|TAMS 0x00000000d2b00000| PB 0x00000000d2b00000| Complete 
|1324|0x00000000d2c00000, 0x00000000d2d00000, 0x00000000d2d00000|100%| E|CS|TAMS 0x00000000d2c00000| PB 0x00000000d2c00000| Complete 
|1325|0x00000000d2d00000, 0x00000000d2e00000, 0x00000000d2e00000|100%| E|CS|TAMS 0x00000000d2d00000| PB 0x00000000d2d00000| Complete 
|1326|0x00000000d2e00000, 0x00000000d2f00000, 0x00000000d2f00000|100%| E|CS|TAMS 0x00000000d2e00000| PB 0x00000000d2e00000| Complete 
|1327|0x00000000d2f00000, 0x00000000d3000000, 0x00000000d3000000|100%| E|CS|TAMS 0x00000000d2f00000| PB 0x00000000d2f00000| Complete 
|1328|0x00000000d3000000, 0x00000000d3100000, 0x00000000d3100000|100%| E|CS|TAMS 0x00000000d3000000| PB 0x00000000d3000000| Complete 
|1329|0x00000000d3100000, 0x00000000d3200000, 0x00000000d3200000|100%| E|CS|TAMS 0x00000000d3100000| PB 0x00000000d3100000| Complete 
|1330|0x00000000d3200000, 0x00000000d3300000, 0x00000000d3300000|100%| E|CS|TAMS 0x00000000d3200000| PB 0x00000000d3200000| Complete 
|1331|0x00000000d3300000, 0x00000000d3400000, 0x00000000d3400000|100%| E|CS|TAMS 0x00000000d3300000| PB 0x00000000d3300000| Complete 
|1332|0x00000000d3400000, 0x00000000d3500000, 0x00000000d3500000|100%| E|CS|TAMS 0x00000000d3400000| PB 0x00000000d3400000| Complete 
|1333|0x00000000d3500000, 0x00000000d3600000, 0x00000000d3600000|100%| E|CS|TAMS 0x00000000d3500000| PB 0x00000000d3500000| Complete 
|1334|0x00000000d3600000, 0x00000000d3700000, 0x00000000d3700000|100%| E|CS|TAMS 0x00000000d3600000| PB 0x00000000d3600000| Complete 
|1335|0x00000000d3700000, 0x00000000d3800000, 0x00000000d3800000|100%| E|CS|TAMS 0x00000000d3700000| PB 0x00000000d3700000| Complete 
|1336|0x00000000d3800000, 0x00000000d3900000, 0x00000000d3900000|100%| E|CS|TAMS 0x00000000d3800000| PB 0x00000000d3800000| Complete 
|1337|0x00000000d3900000, 0x00000000d3a00000, 0x00000000d3a00000|100%| E|CS|TAMS 0x00000000d3900000| PB 0x00000000d3900000| Complete 
|1338|0x00000000d3a00000, 0x00000000d3b00000, 0x00000000d3b00000|100%| E|CS|TAMS 0x00000000d3a00000| PB 0x00000000d3a00000| Complete 
|1339|0x00000000d3b00000, 0x00000000d3c00000, 0x00000000d3c00000|100%| E|CS|TAMS 0x00000000d3b00000| PB 0x00000000d3b00000| Complete 
|1340|0x00000000d3c00000, 0x00000000d3d00000, 0x00000000d3d00000|100%| E|CS|TAMS 0x00000000d3c00000| PB 0x00000000d3c00000| Complete 
|1341|0x00000000d3d00000, 0x00000000d3e00000, 0x00000000d3e00000|100%| E|CS|TAMS 0x00000000d3d00000| PB 0x00000000d3d00000| Complete 
|1342|0x00000000d3e00000, 0x00000000d3f00000, 0x00000000d3f00000|100%| E|CS|TAMS 0x00000000d3e00000| PB 0x00000000d3e00000| Complete 
|1343|0x00000000d3f00000, 0x00000000d4000000, 0x00000000d4000000|100%| E|CS|TAMS 0x00000000d3f00000| PB 0x00000000d3f00000| Complete 
|1344|0x00000000d4000000, 0x00000000d4100000, 0x00000000d4100000|100%| E|CS|TAMS 0x00000000d4000000| PB 0x00000000d4000000| Complete 
|1345|0x00000000d4100000, 0x00000000d4200000, 0x00000000d4200000|100%| E|CS|TAMS 0x00000000d4100000| PB 0x00000000d4100000| Complete 
|1346|0x00000000d4200000, 0x00000000d4300000, 0x00000000d4300000|100%| E|CS|TAMS 0x00000000d4200000| PB 0x00000000d4200000| Complete 
|1347|0x00000000d4300000, 0x00000000d4400000, 0x00000000d4400000|100%| E|CS|TAMS 0x00000000d4300000| PB 0x00000000d4300000| Complete 
|1348|0x00000000d4400000, 0x00000000d4500000, 0x00000000d4500000|100%| E|CS|TAMS 0x00000000d4400000| PB 0x00000000d4400000| Complete 
|1349|0x00000000d4500000, 0x00000000d4600000, 0x00000000d4600000|100%| E|CS|TAMS 0x00000000d4500000| PB 0x00000000d4500000| Complete 
|1350|0x00000000d4600000, 0x00000000d4700000, 0x00000000d4700000|100%| E|CS|TAMS 0x00000000d4600000| PB 0x00000000d4600000| Complete 
|1351|0x00000000d4700000, 0x00000000d4800000, 0x00000000d4800000|100%| E|CS|TAMS 0x00000000d4700000| PB 0x00000000d4700000| Complete 
|1352|0x00000000d4800000, 0x00000000d4900000, 0x00000000d4900000|100%| E|CS|TAMS 0x00000000d4800000| PB 0x00000000d4800000| Complete 
|1353|0x00000000d4900000, 0x00000000d4a00000, 0x00000000d4a00000|100%| E|CS|TAMS 0x00000000d4900000| PB 0x00000000d4900000| Complete 
|1354|0x00000000d4a00000, 0x00000000d4b00000, 0x00000000d4b00000|100%| E|CS|TAMS 0x00000000d4a00000| PB 0x00000000d4a00000| Complete 
|1355|0x00000000d4b00000, 0x00000000d4c00000, 0x00000000d4c00000|100%| E|CS|TAMS 0x00000000d4b00000| PB 0x00000000d4b00000| Complete 
|1356|0x00000000d4c00000, 0x00000000d4d00000, 0x00000000d4d00000|100%| E|CS|TAMS 0x00000000d4c00000| PB 0x00000000d4c00000| Complete 
|1357|0x00000000d4d00000, 0x00000000d4e00000, 0x00000000d4e00000|100%| E|CS|TAMS 0x00000000d4d00000| PB 0x00000000d4d00000| Complete 
|1358|0x00000000d4e00000, 0x00000000d4f00000, 0x00000000d4f00000|100%| E|CS|TAMS 0x00000000d4e00000| PB 0x00000000d4e00000| Complete 
|1359|0x00000000d4f00000, 0x00000000d5000000, 0x00000000d5000000|100%| E|CS|TAMS 0x00000000d4f00000| PB 0x00000000d4f00000| Complete 
|1360|0x00000000d5000000, 0x00000000d5100000, 0x00000000d5100000|100%| E|CS|TAMS 0x00000000d5000000| PB 0x00000000d5000000| Complete 
|1361|0x00000000d5100000, 0x00000000d5200000, 0x00000000d5200000|100%| E|CS|TAMS 0x00000000d5100000| PB 0x00000000d5100000| Complete 
|1362|0x00000000d5200000, 0x00000000d5300000, 0x00000000d5300000|100%| E|CS|TAMS 0x00000000d5200000| PB 0x00000000d5200000| Complete 
|1363|0x00000000d5300000, 0x00000000d5400000, 0x00000000d5400000|100%| E|CS|TAMS 0x00000000d5300000| PB 0x00000000d5300000| Complete 
|1364|0x00000000d5400000, 0x00000000d5500000, 0x00000000d5500000|100%| E|CS|TAMS 0x00000000d5400000| PB 0x00000000d5400000| Complete 
|1365|0x00000000d5500000, 0x00000000d5600000, 0x00000000d5600000|100%| E|CS|TAMS 0x00000000d5500000| PB 0x00000000d5500000| Complete 
|1366|0x00000000d5600000, 0x00000000d5700000, 0x00000000d5700000|100%| E|CS|TAMS 0x00000000d5600000| PB 0x00000000d5600000| Complete 
|1367|0x00000000d5700000, 0x00000000d5800000, 0x00000000d5800000|100%| E|CS|TAMS 0x00000000d5700000| PB 0x00000000d5700000| Complete 
|1368|0x00000000d5800000, 0x00000000d5900000, 0x00000000d5900000|100%| E|CS|TAMS 0x00000000d5800000| PB 0x00000000d5800000| Complete 
|1369|0x00000000d5900000, 0x00000000d5a00000, 0x00000000d5a00000|100%| E|CS|TAMS 0x00000000d5900000| PB 0x00000000d5900000| Complete 
|1370|0x00000000d5a00000, 0x00000000d5b00000, 0x00000000d5b00000|100%| E|CS|TAMS 0x00000000d5a00000| PB 0x00000000d5a00000| Complete 
|1371|0x00000000d5b00000, 0x00000000d5c00000, 0x00000000d5c00000|100%| E|CS|TAMS 0x00000000d5b00000| PB 0x00000000d5b00000| Complete 
|1372|0x00000000d5c00000, 0x00000000d5d00000, 0x00000000d5d00000|100%| E|CS|TAMS 0x00000000d5c00000| PB 0x00000000d5c00000| Complete 
|1373|0x00000000d5d00000, 0x00000000d5e00000, 0x00000000d5e00000|100%| E|CS|TAMS 0x00000000d5d00000| PB 0x00000000d5d00000| Complete 
|1374|0x00000000d5e00000, 0x00000000d5f00000, 0x00000000d5f00000|100%| E|CS|TAMS 0x00000000d5e00000| PB 0x00000000d5e00000| Complete 
|1375|0x00000000d5f00000, 0x00000000d6000000, 0x00000000d6000000|100%| E|CS|TAMS 0x00000000d5f00000| PB 0x00000000d5f00000| Complete 
|1376|0x00000000d6000000, 0x00000000d6100000, 0x00000000d6100000|100%| E|CS|TAMS 0x00000000d6000000| PB 0x00000000d6000000| Complete 
|1377|0x00000000d6100000, 0x00000000d6200000, 0x00000000d6200000|100%| E|CS|TAMS 0x00000000d6100000| PB 0x00000000d6100000| Complete 
|1378|0x00000000d6200000, 0x00000000d6300000, 0x00000000d6300000|100%| E|CS|TAMS 0x00000000d6200000| PB 0x00000000d6200000| Complete 
|1379|0x00000000d6300000, 0x00000000d6400000, 0x00000000d6400000|100%| E|CS|TAMS 0x00000000d6300000| PB 0x00000000d6300000| Complete 
|1380|0x00000000d6400000, 0x00000000d6500000, 0x00000000d6500000|100%| E|CS|TAMS 0x00000000d6400000| PB 0x00000000d6400000| Complete 
|1381|0x00000000d6500000, 0x00000000d6600000, 0x00000000d6600000|100%| E|CS|TAMS 0x00000000d6500000| PB 0x00000000d6500000| Complete 
|1382|0x00000000d6600000, 0x00000000d6700000, 0x00000000d6700000|100%| E|CS|TAMS 0x00000000d6600000| PB 0x00000000d6600000| Complete 
|1383|0x00000000d6700000, 0x00000000d6800000, 0x00000000d6800000|100%| E|CS|TAMS 0x00000000d6700000| PB 0x00000000d6700000| Complete 
|1384|0x00000000d6800000, 0x00000000d6900000, 0x00000000d6900000|100%| E|CS|TAMS 0x00000000d6800000| PB 0x00000000d6800000| Complete 
|1385|0x00000000d6900000, 0x00000000d6a00000, 0x00000000d6a00000|100%| E|CS|TAMS 0x00000000d6900000| PB 0x00000000d6900000| Complete 
|1386|0x00000000d6a00000, 0x00000000d6b00000, 0x00000000d6b00000|100%| E|CS|TAMS 0x00000000d6a00000| PB 0x00000000d6a00000| Complete 
|1387|0x00000000d6b00000, 0x00000000d6c00000, 0x00000000d6c00000|100%| E|CS|TAMS 0x00000000d6b00000| PB 0x00000000d6b00000| Complete 
|1388|0x00000000d6c00000, 0x00000000d6d00000, 0x00000000d6d00000|100%| E|CS|TAMS 0x00000000d6c00000| PB 0x00000000d6c00000| Complete 
|1389|0x00000000d6d00000, 0x00000000d6e00000, 0x00000000d6e00000|100%| E|CS|TAMS 0x00000000d6d00000| PB 0x00000000d6d00000| Complete 
|1390|0x00000000d6e00000, 0x00000000d6f00000, 0x00000000d6f00000|100%| E|CS|TAMS 0x00000000d6e00000| PB 0x00000000d6e00000| Complete 
|1391|0x00000000d6f00000, 0x00000000d7000000, 0x00000000d7000000|100%| E|CS|TAMS 0x00000000d6f00000| PB 0x00000000d6f00000| Complete 
|1392|0x00000000d7000000, 0x00000000d7100000, 0x00000000d7100000|100%| E|CS|TAMS 0x00000000d7000000| PB 0x00000000d7000000| Complete 
|1393|0x00000000d7100000, 0x00000000d7200000, 0x00000000d7200000|100%| E|CS|TAMS 0x00000000d7100000| PB 0x00000000d7100000| Complete 
|1394|0x00000000d7200000, 0x00000000d7300000, 0x00000000d7300000|100%| E|CS|TAMS 0x00000000d7200000| PB 0x00000000d7200000| Complete 
|1395|0x00000000d7300000, 0x00000000d7400000, 0x00000000d7400000|100%| E|CS|TAMS 0x00000000d7300000| PB 0x00000000d7300000| Complete 
|1396|0x00000000d7400000, 0x00000000d7500000, 0x00000000d7500000|100%| E|CS|TAMS 0x00000000d7400000| PB 0x00000000d7400000| Complete 
|1397|0x00000000d7500000, 0x00000000d7600000, 0x00000000d7600000|100%| E|CS|TAMS 0x00000000d7500000| PB 0x00000000d7500000| Complete 
|1398|0x00000000d7600000, 0x00000000d7700000, 0x00000000d7700000|100%| E|CS|TAMS 0x00000000d7600000| PB 0x00000000d7600000| Complete 
|1399|0x00000000d7700000, 0x00000000d7800000, 0x00000000d7800000|100%| E|CS|TAMS 0x00000000d7700000| PB 0x00000000d7700000| Complete 
|1400|0x00000000d7800000, 0x00000000d7900000, 0x00000000d7900000|100%| E|CS|TAMS 0x00000000d7800000| PB 0x00000000d7800000| Complete 
|1401|0x00000000d7900000, 0x00000000d7a00000, 0x00000000d7a00000|100%| E|CS|TAMS 0x00000000d7900000| PB 0x00000000d7900000| Complete 
|1402|0x00000000d7a00000, 0x00000000d7b00000, 0x00000000d7b00000|100%| E|CS|TAMS 0x00000000d7a00000| PB 0x00000000d7a00000| Complete 
|1403|0x00000000d7b00000, 0x00000000d7c00000, 0x00000000d7c00000|100%| E|CS|TAMS 0x00000000d7b00000| PB 0x00000000d7b00000| Complete 
|1404|0x00000000d7c00000, 0x00000000d7d00000, 0x00000000d7d00000|100%| E|CS|TAMS 0x00000000d7c00000| PB 0x00000000d7c00000| Complete 
|1405|0x00000000d7d00000, 0x00000000d7e00000, 0x00000000d7e00000|100%| E|CS|TAMS 0x00000000d7d00000| PB 0x00000000d7d00000| Complete 
|1406|0x00000000d7e00000, 0x00000000d7f00000, 0x00000000d7f00000|100%| E|CS|TAMS 0x00000000d7e00000| PB 0x00000000d7e00000| Complete 
|1407|0x00000000d7f00000, 0x00000000d8000000, 0x00000000d8000000|100%| E|CS|TAMS 0x00000000d7f00000| PB 0x00000000d7f00000| Complete 
|1408|0x00000000d8000000, 0x00000000d8100000, 0x00000000d8100000|100%| E|CS|TAMS 0x00000000d8000000| PB 0x00000000d8000000| Complete 
|1409|0x00000000d8100000, 0x00000000d8200000, 0x00000000d8200000|100%| E|CS|TAMS 0x00000000d8100000| PB 0x00000000d8100000| Complete 
|1410|0x00000000d8200000, 0x00000000d8300000, 0x00000000d8300000|100%| E|CS|TAMS 0x00000000d8200000| PB 0x00000000d8200000| Complete 
|1411|0x00000000d8300000, 0x00000000d8400000, 0x00000000d8400000|100%| E|CS|TAMS 0x00000000d8300000| PB 0x00000000d8300000| Complete 
|1412|0x00000000d8400000, 0x00000000d8500000, 0x00000000d8500000|100%| E|CS|TAMS 0x00000000d8400000| PB 0x00000000d8400000| Complete 
|1413|0x00000000d8500000, 0x00000000d8600000, 0x00000000d8600000|100%| E|CS|TAMS 0x00000000d8500000| PB 0x00000000d8500000| Complete 
|1414|0x00000000d8600000, 0x00000000d8700000, 0x00000000d8700000|100%| E|CS|TAMS 0x00000000d8600000| PB 0x00000000d8600000| Complete 
|1415|0x00000000d8700000, 0x00000000d8800000, 0x00000000d8800000|100%| E|CS|TAMS 0x00000000d8700000| PB 0x00000000d8700000| Complete 
|1416|0x00000000d8800000, 0x00000000d8900000, 0x00000000d8900000|100%| E|CS|TAMS 0x00000000d8800000| PB 0x00000000d8800000| Complete 
|1417|0x00000000d8900000, 0x00000000d8a00000, 0x00000000d8a00000|100%| E|CS|TAMS 0x00000000d8900000| PB 0x00000000d8900000| Complete 
|1418|0x00000000d8a00000, 0x00000000d8b00000, 0x00000000d8b00000|100%| E|CS|TAMS 0x00000000d8a00000| PB 0x00000000d8a00000| Complete 
|1419|0x00000000d8b00000, 0x00000000d8c00000, 0x00000000d8c00000|100%| E|CS|TAMS 0x00000000d8b00000| PB 0x00000000d8b00000| Complete 
|1420|0x00000000d8c00000, 0x00000000d8d00000, 0x00000000d8d00000|100%| E|CS|TAMS 0x00000000d8c00000| PB 0x00000000d8c00000| Complete 
|1421|0x00000000d8d00000, 0x00000000d8e00000, 0x00000000d8e00000|100%| E|CS|TAMS 0x00000000d8d00000| PB 0x00000000d8d00000| Complete 
|1422|0x00000000d8e00000, 0x00000000d8f00000, 0x00000000d8f00000|100%| E|CS|TAMS 0x00000000d8e00000| PB 0x00000000d8e00000| Complete 
|1423|0x00000000d8f00000, 0x00000000d9000000, 0x00000000d9000000|100%| E|CS|TAMS 0x00000000d8f00000| PB 0x00000000d8f00000| Complete 
|1424|0x00000000d9000000, 0x00000000d9100000, 0x00000000d9100000|100%| E|CS|TAMS 0x00000000d9000000| PB 0x00000000d9000000| Complete 
|1425|0x00000000d9100000, 0x00000000d9200000, 0x00000000d9200000|100%| E|CS|TAMS 0x00000000d9100000| PB 0x00000000d9100000| Complete 
|1426|0x00000000d9200000, 0x00000000d9300000, 0x00000000d9300000|100%| E|CS|TAMS 0x00000000d9200000| PB 0x00000000d9200000| Complete 
|1427|0x00000000d9300000, 0x00000000d9400000, 0x00000000d9400000|100%| E|CS|TAMS 0x00000000d9300000| PB 0x00000000d9300000| Complete 
|1428|0x00000000d9400000, 0x00000000d9500000, 0x00000000d9500000|100%| E|CS|TAMS 0x00000000d9400000| PB 0x00000000d9400000| Complete 
|1429|0x00000000d9500000, 0x00000000d9600000, 0x00000000d9600000|100%| E|CS|TAMS 0x00000000d9500000| PB 0x00000000d9500000| Complete 
|1430|0x00000000d9600000, 0x00000000d9700000, 0x00000000d9700000|100%| E|CS|TAMS 0x00000000d9600000| PB 0x00000000d9600000| Complete 
|1431|0x00000000d9700000, 0x00000000d9800000, 0x00000000d9800000|100%| E|CS|TAMS 0x00000000d9700000| PB 0x00000000d9700000| Complete 
|1432|0x00000000d9800000, 0x00000000d9900000, 0x00000000d9900000|100%| E|CS|TAMS 0x00000000d9800000| PB 0x00000000d9800000| Complete 
|1433|0x00000000d9900000, 0x00000000d9a00000, 0x00000000d9a00000|100%| E|CS|TAMS 0x00000000d9900000| PB 0x00000000d9900000| Complete 
|1434|0x00000000d9a00000, 0x00000000d9b00000, 0x00000000d9b00000|100%| E|CS|TAMS 0x00000000d9a00000| PB 0x00000000d9a00000| Complete 
|1435|0x00000000d9b00000, 0x00000000d9c00000, 0x00000000d9c00000|100%| E|CS|TAMS 0x00000000d9b00000| PB 0x00000000d9b00000| Complete 
|1436|0x00000000d9c00000, 0x00000000d9d00000, 0x00000000d9d00000|100%| E|CS|TAMS 0x00000000d9c00000| PB 0x00000000d9c00000| Complete 
|1437|0x00000000d9d00000, 0x00000000d9e00000, 0x00000000d9e00000|100%| E|CS|TAMS 0x00000000d9d00000| PB 0x00000000d9d00000| Complete 
|1438|0x00000000d9e00000, 0x00000000d9f00000, 0x00000000d9f00000|100%| E|CS|TAMS 0x00000000d9e00000| PB 0x00000000d9e00000| Complete 
|1439|0x00000000d9f00000, 0x00000000da000000, 0x00000000da000000|100%| E|CS|TAMS 0x00000000d9f00000| PB 0x00000000d9f00000| Complete 
|1440|0x00000000da000000, 0x00000000da100000, 0x00000000da100000|100%| E|CS|TAMS 0x00000000da000000| PB 0x00000000da000000| Complete 
|1441|0x00000000da100000, 0x00000000da200000, 0x00000000da200000|100%| E|CS|TAMS 0x00000000da100000| PB 0x00000000da100000| Complete 
|1442|0x00000000da200000, 0x00000000da300000, 0x00000000da300000|100%| E|CS|TAMS 0x00000000da200000| PB 0x00000000da200000| Complete 
|1443|0x00000000da300000, 0x00000000da400000, 0x00000000da400000|100%| E|CS|TAMS 0x00000000da300000| PB 0x00000000da300000| Complete 
|1444|0x00000000da400000, 0x00000000da500000, 0x00000000da500000|100%| E|CS|TAMS 0x00000000da400000| PB 0x00000000da400000| Complete 
|1445|0x00000000da500000, 0x00000000da600000, 0x00000000da600000|100%| E|CS|TAMS 0x00000000da500000| PB 0x00000000da500000| Complete 
|1446|0x00000000da600000, 0x00000000da700000, 0x00000000da700000|100%| E|CS|TAMS 0x00000000da600000| PB 0x00000000da600000| Complete 
|1447|0x00000000da700000, 0x00000000da800000, 0x00000000da800000|100%| E|CS|TAMS 0x00000000da700000| PB 0x00000000da700000| Complete 
|1448|0x00000000da800000, 0x00000000da900000, 0x00000000da900000|100%| E|CS|TAMS 0x00000000da800000| PB 0x00000000da800000| Complete 
|1449|0x00000000da900000, 0x00000000daa00000, 0x00000000daa00000|100%| E|CS|TAMS 0x00000000da900000| PB 0x00000000da900000| Complete 
|1450|0x00000000daa00000, 0x00000000dab00000, 0x00000000dab00000|100%| E|CS|TAMS 0x00000000daa00000| PB 0x00000000daa00000| Complete 
|1451|0x00000000dab00000, 0x00000000dac00000, 0x00000000dac00000|100%| E|CS|TAMS 0x00000000dab00000| PB 0x00000000dab00000| Complete 
|1452|0x00000000dac00000, 0x00000000dad00000, 0x00000000dad00000|100%| E|CS|TAMS 0x00000000dac00000| PB 0x00000000dac00000| Complete 
|1453|0x00000000dad00000, 0x00000000dae00000, 0x00000000dae00000|100%| E|CS|TAMS 0x00000000dad00000| PB 0x00000000dad00000| Complete 
|1454|0x00000000dae00000, 0x00000000daf00000, 0x00000000daf00000|100%| E|CS|TAMS 0x00000000dae00000| PB 0x00000000dae00000| Complete 
|1455|0x00000000daf00000, 0x00000000db000000, 0x00000000db000000|100%| E|CS|TAMS 0x00000000daf00000| PB 0x00000000daf00000| Complete 
|1456|0x00000000db000000, 0x00000000db100000, 0x00000000db100000|100%| E|CS|TAMS 0x00000000db000000| PB 0x00000000db000000| Complete 
|1457|0x00000000db100000, 0x00000000db200000, 0x00000000db200000|100%| E|CS|TAMS 0x00000000db100000| PB 0x00000000db100000| Complete 
|1458|0x00000000db200000, 0x00000000db300000, 0x00000000db300000|100%| E|CS|TAMS 0x00000000db200000| PB 0x00000000db200000| Complete 
|1459|0x00000000db300000, 0x00000000db400000, 0x00000000db400000|100%| E|CS|TAMS 0x00000000db300000| PB 0x00000000db300000| Complete 
|1460|0x00000000db400000, 0x00000000db500000, 0x00000000db500000|100%| E|CS|TAMS 0x00000000db400000| PB 0x00000000db400000| Complete 
|1461|0x00000000db500000, 0x00000000db600000, 0x00000000db600000|100%| E|CS|TAMS 0x00000000db500000| PB 0x00000000db500000| Complete 
|1462|0x00000000db600000, 0x00000000db700000, 0x00000000db700000|100%| E|CS|TAMS 0x00000000db600000| PB 0x00000000db600000| Complete 
|1463|0x00000000db700000, 0x00000000db800000, 0x00000000db800000|100%| E|CS|TAMS 0x00000000db700000| PB 0x00000000db700000| Complete 
|1464|0x00000000db800000, 0x00000000db900000, 0x00000000db900000|100%| E|CS|TAMS 0x00000000db800000| PB 0x00000000db800000| Complete 
|1465|0x00000000db900000, 0x00000000dba00000, 0x00000000dba00000|100%| E|CS|TAMS 0x00000000db900000| PB 0x00000000db900000| Complete 
|1466|0x00000000dba00000, 0x00000000dbb00000, 0x00000000dbb00000|100%| E|CS|TAMS 0x00000000dba00000| PB 0x00000000dba00000| Complete 
|1467|0x00000000dbb00000, 0x00000000dbc00000, 0x00000000dbc00000|100%| E|CS|TAMS 0x00000000dbb00000| PB 0x00000000dbb00000| Complete 
|1468|0x00000000dbc00000, 0x00000000dbd00000, 0x00000000dbd00000|100%| E|CS|TAMS 0x00000000dbc00000| PB 0x00000000dbc00000| Complete 
|1469|0x00000000dbd00000, 0x00000000dbe00000, 0x00000000dbe00000|100%| E|CS|TAMS 0x00000000dbd00000| PB 0x00000000dbd00000| Complete 
|1470|0x00000000dbe00000, 0x00000000dbf00000, 0x00000000dbf00000|100%| E|CS|TAMS 0x00000000dbe00000| PB 0x00000000dbe00000| Complete 
|1471|0x00000000dbf00000, 0x00000000dc000000, 0x00000000dc000000|100%| E|CS|TAMS 0x00000000dbf00000| PB 0x00000000dbf00000| Complete 
|1472|0x00000000dc000000, 0x00000000dc100000, 0x00000000dc100000|100%| E|CS|TAMS 0x00000000dc000000| PB 0x00000000dc000000| Complete 
|1473|0x00000000dc100000, 0x00000000dc200000, 0x00000000dc200000|100%| E|CS|TAMS 0x00000000dc100000| PB 0x00000000dc100000| Complete 
|1474|0x00000000dc200000, 0x00000000dc300000, 0x00000000dc300000|100%| E|CS|TAMS 0x00000000dc200000| PB 0x00000000dc200000| Complete 
|1475|0x00000000dc300000, 0x00000000dc400000, 0x00000000dc400000|100%| E|CS|TAMS 0x00000000dc300000| PB 0x00000000dc300000| Complete 
|1476|0x00000000dc400000, 0x00000000dc500000, 0x00000000dc500000|100%| E|CS|TAMS 0x00000000dc400000| PB 0x00000000dc400000| Complete 
|1477|0x00000000dc500000, 0x00000000dc600000, 0x00000000dc600000|100%| E|CS|TAMS 0x00000000dc500000| PB 0x00000000dc500000| Complete 
|1478|0x00000000dc600000, 0x00000000dc700000, 0x00000000dc700000|100%| E|CS|TAMS 0x00000000dc600000| PB 0x00000000dc600000| Complete 
|1479|0x00000000dc700000, 0x00000000dc800000, 0x00000000dc800000|100%| E|CS|TAMS 0x00000000dc700000| PB 0x00000000dc700000| Complete 
|1480|0x00000000dc800000, 0x00000000dc900000, 0x00000000dc900000|100%| E|CS|TAMS 0x00000000dc800000| PB 0x00000000dc800000| Complete 
|1481|0x00000000dc900000, 0x00000000dca00000, 0x00000000dca00000|100%| E|CS|TAMS 0x00000000dc900000| PB 0x00000000dc900000| Complete 
|1482|0x00000000dca00000, 0x00000000dcb00000, 0x00000000dcb00000|100%| E|CS|TAMS 0x00000000dca00000| PB 0x00000000dca00000| Complete 
|1483|0x00000000dcb00000, 0x00000000dcc00000, 0x00000000dcc00000|100%| E|CS|TAMS 0x00000000dcb00000| PB 0x00000000dcb00000| Complete 
|1484|0x00000000dcc00000, 0x00000000dcd00000, 0x00000000dcd00000|100%| E|CS|TAMS 0x00000000dcc00000| PB 0x00000000dcc00000| Complete 
|1485|0x00000000dcd00000, 0x00000000dce00000, 0x00000000dce00000|100%| E|CS|TAMS 0x00000000dcd00000| PB 0x00000000dcd00000| Complete 
|1486|0x00000000dce00000, 0x00000000dcf00000, 0x00000000dcf00000|100%| E|CS|TAMS 0x00000000dce00000| PB 0x00000000dce00000| Complete 
|1487|0x00000000dcf00000, 0x00000000dd000000, 0x00000000dd000000|100%| E|CS|TAMS 0x00000000dcf00000| PB 0x00000000dcf00000| Complete 
|1488|0x00000000dd000000, 0x00000000dd100000, 0x00000000dd100000|100%| E|CS|TAMS 0x00000000dd000000| PB 0x00000000dd000000| Complete 
|1489|0x00000000dd100000, 0x00000000dd200000, 0x00000000dd200000|100%| E|CS|TAMS 0x00000000dd100000| PB 0x00000000dd100000| Complete 
|1490|0x00000000dd200000, 0x00000000dd300000, 0x00000000dd300000|100%| E|CS|TAMS 0x00000000dd200000| PB 0x00000000dd200000| Complete 
|1491|0x00000000dd300000, 0x00000000dd400000, 0x00000000dd400000|100%| E|CS|TAMS 0x00000000dd300000| PB 0x00000000dd300000| Complete 
|1492|0x00000000dd400000, 0x00000000dd500000, 0x00000000dd500000|100%| E|CS|TAMS 0x00000000dd400000| PB 0x00000000dd400000| Complete 
|1493|0x00000000dd500000, 0x00000000dd600000, 0x00000000dd600000|100%| E|CS|TAMS 0x00000000dd500000| PB 0x00000000dd500000| Complete 
|1494|0x00000000dd600000, 0x00000000dd700000, 0x00000000dd700000|100%| E|CS|TAMS 0x00000000dd600000| PB 0x00000000dd600000| Complete 
|1495|0x00000000dd700000, 0x00000000dd800000, 0x00000000dd800000|100%| E|CS|TAMS 0x00000000dd700000| PB 0x00000000dd700000| Complete 
|1496|0x00000000dd800000, 0x00000000dd900000, 0x00000000dd900000|100%| E|CS|TAMS 0x00000000dd800000| PB 0x00000000dd800000| Complete 
|1497|0x00000000dd900000, 0x00000000dda00000, 0x00000000dda00000|100%| E|CS|TAMS 0x00000000dd900000| PB 0x00000000dd900000| Complete 
|1498|0x00000000dda00000, 0x00000000ddb00000, 0x00000000ddb00000|100%| E|CS|TAMS 0x00000000dda00000| PB 0x00000000dda00000| Complete 
|1499|0x00000000ddb00000, 0x00000000ddc00000, 0x00000000ddc00000|100%| E|CS|TAMS 0x00000000ddb00000| PB 0x00000000ddb00000| Complete 
|1500|0x00000000ddc00000, 0x00000000ddd00000, 0x00000000ddd00000|100%| E|CS|TAMS 0x00000000ddc00000| PB 0x00000000ddc00000| Complete 
|1501|0x00000000ddd00000, 0x00000000dde00000, 0x00000000dde00000|100%| E|CS|TAMS 0x00000000ddd00000| PB 0x00000000ddd00000| Complete 
|1502|0x00000000dde00000, 0x00000000ddf00000, 0x00000000ddf00000|100%| E|CS|TAMS 0x00000000dde00000| PB 0x00000000dde00000| Complete 
|1503|0x00000000ddf00000, 0x00000000de000000, 0x00000000de000000|100%| E|CS|TAMS 0x00000000ddf00000| PB 0x00000000ddf00000| Complete 
|1504|0x00000000de000000, 0x00000000de100000, 0x00000000de100000|100%| E|CS|TAMS 0x00000000de000000| PB 0x00000000de000000| Complete 
|1505|0x00000000de100000, 0x00000000de200000, 0x00000000de200000|100%| E|CS|TAMS 0x00000000de100000| PB 0x00000000de100000| Complete 
|1506|0x00000000de200000, 0x00000000de300000, 0x00000000de300000|100%| E|CS|TAMS 0x00000000de200000| PB 0x00000000de200000| Complete 
|1507|0x00000000de300000, 0x00000000de400000, 0x00000000de400000|100%| E|CS|TAMS 0x00000000de300000| PB 0x00000000de300000| Complete 
|1508|0x00000000de400000, 0x00000000de500000, 0x00000000de500000|100%| E|CS|TAMS 0x00000000de400000| PB 0x00000000de400000| Complete 
|1509|0x00000000de500000, 0x00000000de600000, 0x00000000de600000|100%| E|CS|TAMS 0x00000000de500000| PB 0x00000000de500000| Complete 
|1510|0x00000000de600000, 0x00000000de700000, 0x00000000de700000|100%| E|CS|TAMS 0x00000000de600000| PB 0x00000000de600000| Complete 
|1511|0x00000000de700000, 0x00000000de800000, 0x00000000de800000|100%| E|CS|TAMS 0x00000000de700000| PB 0x00000000de700000| Complete 
|1512|0x00000000de800000, 0x00000000de900000, 0x00000000de900000|100%| E|CS|TAMS 0x00000000de800000| PB 0x00000000de800000| Complete 
|1513|0x00000000de900000, 0x00000000dea00000, 0x00000000dea00000|100%| E|CS|TAMS 0x00000000de900000| PB 0x00000000de900000| Complete 
|1514|0x00000000dea00000, 0x00000000deb00000, 0x00000000deb00000|100%| E|CS|TAMS 0x00000000dea00000| PB 0x00000000dea00000| Complete 
|1515|0x00000000deb00000, 0x00000000dec00000, 0x00000000dec00000|100%| E|CS|TAMS 0x00000000deb00000| PB 0x00000000deb00000| Complete 
|1516|0x00000000dec00000, 0x00000000ded00000, 0x00000000ded00000|100%| E|CS|TAMS 0x00000000dec00000| PB 0x00000000dec00000| Complete 
|1517|0x00000000ded00000, 0x00000000dee00000, 0x00000000dee00000|100%| E|CS|TAMS 0x00000000ded00000| PB 0x00000000ded00000| Complete 
|1518|0x00000000dee00000, 0x00000000def00000, 0x00000000def00000|100%| E|CS|TAMS 0x00000000dee00000| PB 0x00000000dee00000| Complete 
|1519|0x00000000def00000, 0x00000000df000000, 0x00000000df000000|100%| E|CS|TAMS 0x00000000def00000| PB 0x00000000def00000| Complete 
|1520|0x00000000df000000, 0x00000000df100000, 0x00000000df100000|100%| E|CS|TAMS 0x00000000df000000| PB 0x00000000df000000| Complete 
|1521|0x00000000df100000, 0x00000000df200000, 0x00000000df200000|100%| E|CS|TAMS 0x00000000df100000| PB 0x00000000df100000| Complete 
|1522|0x00000000df200000, 0x00000000df300000, 0x00000000df300000|100%| E|CS|TAMS 0x00000000df200000| PB 0x00000000df200000| Complete 
|1523|0x00000000df300000, 0x00000000df400000, 0x00000000df400000|100%| E|CS|TAMS 0x00000000df300000| PB 0x00000000df300000| Complete 
|1524|0x00000000df400000, 0x00000000df500000, 0x00000000df500000|100%| E|CS|TAMS 0x00000000df400000| PB 0x00000000df400000| Complete 
|1525|0x00000000df500000, 0x00000000df600000, 0x00000000df600000|100%| E|CS|TAMS 0x00000000df500000| PB 0x00000000df500000| Complete 
|1526|0x00000000df600000, 0x00000000df700000, 0x00000000df700000|100%| E|CS|TAMS 0x00000000df600000| PB 0x00000000df600000| Complete 
|1527|0x00000000df700000, 0x00000000df800000, 0x00000000df800000|100%| E|CS|TAMS 0x00000000df700000| PB 0x00000000df700000| Complete 
|1528|0x00000000df800000, 0x00000000df900000, 0x00000000df900000|100%| E|CS|TAMS 0x00000000df800000| PB 0x00000000df800000| Complete 
|1529|0x00000000df900000, 0x00000000dfa00000, 0x00000000dfa00000|100%| E|CS|TAMS 0x00000000df900000| PB 0x00000000df900000| Complete 
|1530|0x00000000dfa00000, 0x00000000dfb00000, 0x00000000dfb00000|100%| E|CS|TAMS 0x00000000dfa00000| PB 0x00000000dfa00000| Complete 
|1531|0x00000000dfb00000, 0x00000000dfc00000, 0x00000000dfc00000|100%| E|CS|TAMS 0x00000000dfb00000| PB 0x00000000dfb00000| Complete 
|1532|0x00000000dfc00000, 0x00000000dfd00000, 0x00000000dfd00000|100%| E|CS|TAMS 0x00000000dfc00000| PB 0x00000000dfc00000| Complete 
|1533|0x00000000dfd00000, 0x00000000dfe00000, 0x00000000dfe00000|100%| E|CS|TAMS 0x00000000dfd00000| PB 0x00000000dfd00000| Complete 
|1534|0x00000000dfe00000, 0x00000000dff00000, 0x00000000dff00000|100%| E|CS|TAMS 0x00000000dfe00000| PB 0x00000000dfe00000| Complete 
|1535|0x00000000dff00000, 0x00000000e0000000, 0x00000000e0000000|100%| E|CS|TAMS 0x00000000dff00000| PB 0x00000000dff00000| Complete 
|1536|0x00000000e0000000, 0x00000000e0100000, 0x00000000e0100000|100%| E|CS|TAMS 0x00000000e0000000| PB 0x00000000e0000000| Complete 
|1537|0x00000000e0100000, 0x00000000e0200000, 0x00000000e0200000|100%| E|CS|TAMS 0x00000000e0100000| PB 0x00000000e0100000| Complete 
|1538|0x00000000e0200000, 0x00000000e0300000, 0x00000000e0300000|100%| E|CS|TAMS 0x00000000e0200000| PB 0x00000000e0200000| Complete 
|1539|0x00000000e0300000, 0x00000000e0400000, 0x00000000e0400000|100%| E|CS|TAMS 0x00000000e0300000| PB 0x00000000e0300000| Complete 
|1540|0x00000000e0400000, 0x00000000e0500000, 0x00000000e0500000|100%| E|CS|TAMS 0x00000000e0400000| PB 0x00000000e0400000| Complete 
|1541|0x00000000e0500000, 0x00000000e0600000, 0x00000000e0600000|100%| E|CS|TAMS 0x00000000e0500000| PB 0x00000000e0500000| Complete 
|1542|0x00000000e0600000, 0x00000000e0700000, 0x00000000e0700000|100%| E|CS|TAMS 0x00000000e0600000| PB 0x00000000e0600000| Complete 
|1543|0x00000000e0700000, 0x00000000e0800000, 0x00000000e0800000|100%| E|CS|TAMS 0x00000000e0700000| PB 0x00000000e0700000| Complete 
|1544|0x00000000e0800000, 0x00000000e0900000, 0x00000000e0900000|100%| E|CS|TAMS 0x00000000e0800000| PB 0x00000000e0800000| Complete 
|1545|0x00000000e0900000, 0x00000000e0a00000, 0x00000000e0a00000|100%| E|CS|TAMS 0x00000000e0900000| PB 0x00000000e0900000| Complete 
|1546|0x00000000e0a00000, 0x00000000e0b00000, 0x00000000e0b00000|100%| E|CS|TAMS 0x00000000e0a00000| PB 0x00000000e0a00000| Complete 
|1547|0x00000000e0b00000, 0x00000000e0c00000, 0x00000000e0c00000|100%| E|CS|TAMS 0x00000000e0b00000| PB 0x00000000e0b00000| Complete 
|1548|0x00000000e0c00000, 0x00000000e0d00000, 0x00000000e0d00000|100%| E|CS|TAMS 0x00000000e0c00000| PB 0x00000000e0c00000| Complete 
|1549|0x00000000e0d00000, 0x00000000e0e00000, 0x00000000e0e00000|100%| E|CS|TAMS 0x00000000e0d00000| PB 0x00000000e0d00000| Complete 
|1550|0x00000000e0e00000, 0x00000000e0f00000, 0x00000000e0f00000|100%| E|CS|TAMS 0x00000000e0e00000| PB 0x00000000e0e00000| Complete 
|1551|0x00000000e0f00000, 0x00000000e1000000, 0x00000000e1000000|100%| E|CS|TAMS 0x00000000e0f00000| PB 0x00000000e0f00000| Complete 
|1552|0x00000000e1000000, 0x00000000e1100000, 0x00000000e1100000|100%| E|CS|TAMS 0x00000000e1000000| PB 0x00000000e1000000| Complete 
|1553|0x00000000e1100000, 0x00000000e1200000, 0x00000000e1200000|100%| E|CS|TAMS 0x00000000e1100000| PB 0x00000000e1100000| Complete 
|1554|0x00000000e1200000, 0x00000000e1300000, 0x00000000e1300000|100%| E|CS|TAMS 0x00000000e1200000| PB 0x00000000e1200000| Complete 
|1555|0x00000000e1300000, 0x00000000e1400000, 0x00000000e1400000|100%| E|CS|TAMS 0x00000000e1300000| PB 0x00000000e1300000| Complete 
|1556|0x00000000e1400000, 0x00000000e1500000, 0x00000000e1500000|100%| E|CS|TAMS 0x00000000e1400000| PB 0x00000000e1400000| Complete 
|1557|0x00000000e1500000, 0x00000000e1600000, 0x00000000e1600000|100%| E|CS|TAMS 0x00000000e1500000| PB 0x00000000e1500000| Complete 
|1558|0x00000000e1600000, 0x00000000e1700000, 0x00000000e1700000|100%| E|CS|TAMS 0x00000000e1600000| PB 0x00000000e1600000| Complete 
|1559|0x00000000e1700000, 0x00000000e1800000, 0x00000000e1800000|100%| E|CS|TAMS 0x00000000e1700000| PB 0x00000000e1700000| Complete 
|1560|0x00000000e1800000, 0x00000000e1900000, 0x00000000e1900000|100%| E|CS|TAMS 0x00000000e1800000| PB 0x00000000e1800000| Complete 
|1561|0x00000000e1900000, 0x00000000e1a00000, 0x00000000e1a00000|100%| E|CS|TAMS 0x00000000e1900000| PB 0x00000000e1900000| Complete 
|1562|0x00000000e1a00000, 0x00000000e1b00000, 0x00000000e1b00000|100%| E|CS|TAMS 0x00000000e1a00000| PB 0x00000000e1a00000| Complete 
|1563|0x00000000e1b00000, 0x00000000e1c00000, 0x00000000e1c00000|100%| S|CS|TAMS 0x00000000e1b00000| PB 0x00000000e1b00000| Complete 
|1564|0x00000000e1c00000, 0x00000000e1d00000, 0x00000000e1d00000|100%| S|CS|TAMS 0x00000000e1c00000| PB 0x00000000e1c00000| Complete 
|1565|0x00000000e1d00000, 0x00000000e1e00000, 0x00000000e1e00000|100%| S|CS|TAMS 0x00000000e1d00000| PB 0x00000000e1d00000| Complete 
|1566|0x00000000e1e00000, 0x00000000e1f00000, 0x00000000e1f00000|100%| S|CS|TAMS 0x00000000e1e00000| PB 0x00000000e1e00000| Complete 
|1567|0x00000000e1f00000, 0x00000000e2000000, 0x00000000e2000000|100%| S|CS|TAMS 0x00000000e1f00000| PB 0x00000000e1f00000| Complete 
|1568|0x00000000e2000000, 0x00000000e2100000, 0x00000000e2100000|100%| S|CS|TAMS 0x00000000e2000000| PB 0x00000000e2000000| Complete 
|1569|0x00000000e2100000, 0x00000000e2200000, 0x00000000e2200000|100%| S|CS|TAMS 0x00000000e2100000| PB 0x00000000e2100000| Complete 
|1570|0x00000000e2200000, 0x00000000e2300000, 0x00000000e2300000|100%| S|CS|TAMS 0x00000000e2200000| PB 0x00000000e2200000| Complete 
|1571|0x00000000e2300000, 0x00000000e2400000, 0x00000000e2400000|100%| E|CS|TAMS 0x00000000e2300000| PB 0x00000000e2300000| Complete 
|1572|0x00000000e2400000, 0x00000000e2500000, 0x00000000e2500000|100%| E|CS|TAMS 0x00000000e2400000| PB 0x00000000e2400000| Complete 
|1573|0x00000000e2500000, 0x00000000e2600000, 0x00000000e2600000|100%| E|CS|TAMS 0x00000000e2500000| PB 0x00000000e2500000| Complete 
|1574|0x00000000e2600000, 0x00000000e2700000, 0x00000000e2700000|100%| E|CS|TAMS 0x00000000e2600000| PB 0x00000000e2600000| Complete 
|1575|0x00000000e2700000, 0x00000000e2800000, 0x00000000e2800000|100%| E|CS|TAMS 0x00000000e2700000| PB 0x00000000e2700000| Complete 
|1576|0x00000000e2800000, 0x00000000e2900000, 0x00000000e2900000|100%| E|CS|TAMS 0x00000000e2800000| PB 0x00000000e2800000| Complete 
|1577|0x00000000e2900000, 0x00000000e2a00000, 0x00000000e2a00000|100%| E|CS|TAMS 0x00000000e2900000| PB 0x00000000e2900000| Complete 
|1578|0x00000000e2a00000, 0x00000000e2b00000, 0x00000000e2b00000|100%| E|CS|TAMS 0x00000000e2a00000| PB 0x00000000e2a00000| Complete 
|1579|0x00000000e2b00000, 0x00000000e2c00000, 0x00000000e2c00000|100%| E|CS|TAMS 0x00000000e2b00000| PB 0x00000000e2b00000| Complete 
|1580|0x00000000e2c00000, 0x00000000e2d00000, 0x00000000e2d00000|100%| E|CS|TAMS 0x00000000e2c00000| PB 0x00000000e2c00000| Complete 
|1581|0x00000000e2d00000, 0x00000000e2e00000, 0x00000000e2e00000|100%| E|CS|TAMS 0x00000000e2d00000| PB 0x00000000e2d00000| Complete 
|1582|0x00000000e2e00000, 0x00000000e2f00000, 0x00000000e2f00000|100%| E|CS|TAMS 0x00000000e2e00000| PB 0x00000000e2e00000| Complete 
|1583|0x00000000e2f00000, 0x00000000e3000000, 0x00000000e3000000|100%| E|CS|TAMS 0x00000000e2f00000| PB 0x00000000e2f00000| Complete 
|1584|0x00000000e3000000, 0x00000000e3100000, 0x00000000e3100000|100%| E|CS|TAMS 0x00000000e3000000| PB 0x00000000e3000000| Complete 
|1585|0x00000000e3100000, 0x00000000e3200000, 0x00000000e3200000|100%| E|CS|TAMS 0x00000000e3100000| PB 0x00000000e3100000| Complete 
|1586|0x00000000e3200000, 0x00000000e3300000, 0x00000000e3300000|100%| E|CS|TAMS 0x00000000e3200000| PB 0x00000000e3200000| Complete 
|1587|0x00000000e3300000, 0x00000000e3400000, 0x00000000e3400000|100%| E|CS|TAMS 0x00000000e3300000| PB 0x00000000e3300000| Complete 
|1588|0x00000000e3400000, 0x00000000e3500000, 0x00000000e3500000|100%| E|CS|TAMS 0x00000000e3400000| PB 0x00000000e3400000| Complete 
|1589|0x00000000e3500000, 0x00000000e3600000, 0x00000000e3600000|100%| E|CS|TAMS 0x00000000e3500000| PB 0x00000000e3500000| Complete 
|1590|0x00000000e3600000, 0x00000000e3700000, 0x00000000e3700000|100%| E|CS|TAMS 0x00000000e3600000| PB 0x00000000e3600000| Complete 
|1591|0x00000000e3700000, 0x00000000e3800000, 0x00000000e3800000|100%| E|CS|TAMS 0x00000000e3700000| PB 0x00000000e3700000| Complete 
|1592|0x00000000e3800000, 0x00000000e3900000, 0x00000000e3900000|100%| E|CS|TAMS 0x00000000e3800000| PB 0x00000000e3800000| Complete 
|1593|0x00000000e3900000, 0x00000000e3a00000, 0x00000000e3a00000|100%| E|CS|TAMS 0x00000000e3900000| PB 0x00000000e3900000| Complete 
|1594|0x00000000e3a00000, 0x00000000e3b00000, 0x00000000e3b00000|100%| E|CS|TAMS 0x00000000e3a00000| PB 0x00000000e3a00000| Complete 
|1595|0x00000000e3b00000, 0x00000000e3c00000, 0x00000000e3c00000|100%| E|CS|TAMS 0x00000000e3b00000| PB 0x00000000e3b00000| Complete 
|1596|0x00000000e3c00000, 0x00000000e3d00000, 0x00000000e3d00000|100%| E|CS|TAMS 0x00000000e3c00000| PB 0x00000000e3c00000| Complete 
|1597|0x00000000e3d00000, 0x00000000e3e00000, 0x00000000e3e00000|100%| E|CS|TAMS 0x00000000e3d00000| PB 0x00000000e3d00000| Complete 
|1598|0x00000000e3e00000, 0x00000000e3f00000, 0x00000000e3f00000|100%| E|CS|TAMS 0x00000000e3e00000| PB 0x00000000e3e00000| Complete 
|1599|0x00000000e3f00000, 0x00000000e4000000, 0x00000000e4000000|100%| E|CS|TAMS 0x00000000e3f00000| PB 0x00000000e3f00000| Complete 
|1600|0x00000000e4000000, 0x00000000e4100000, 0x00000000e4100000|100%| E|CS|TAMS 0x00000000e4000000| PB 0x00000000e4000000| Complete 
|1601|0x00000000e4100000, 0x00000000e4200000, 0x00000000e4200000|100%| E|CS|TAMS 0x00000000e4100000| PB 0x00000000e4100000| Complete 
|1602|0x00000000e4200000, 0x00000000e4300000, 0x00000000e4300000|100%| E|CS|TAMS 0x00000000e4200000| PB 0x00000000e4200000| Complete 
|1603|0x00000000e4300000, 0x00000000e4400000, 0x00000000e4400000|100%| E|CS|TAMS 0x00000000e4300000| PB 0x00000000e4300000| Complete 
|1604|0x00000000e4400000, 0x00000000e4500000, 0x00000000e4500000|100%| E|CS|TAMS 0x00000000e4400000| PB 0x00000000e4400000| Complete 
|1605|0x00000000e4500000, 0x00000000e4600000, 0x00000000e4600000|100%| E|CS|TAMS 0x00000000e4500000| PB 0x00000000e4500000| Complete 
|1606|0x00000000e4600000, 0x00000000e4700000, 0x00000000e4700000|100%| E|CS|TAMS 0x00000000e4600000| PB 0x00000000e4600000| Complete 
|1607|0x00000000e4700000, 0x00000000e4800000, 0x00000000e4800000|100%| E|CS|TAMS 0x00000000e4700000| PB 0x00000000e4700000| Complete 
|1608|0x00000000e4800000, 0x00000000e4900000, 0x00000000e4900000|100%| E|CS|TAMS 0x00000000e4800000| PB 0x00000000e4800000| Complete 
|1609|0x00000000e4900000, 0x00000000e4a00000, 0x00000000e4a00000|100%| E|CS|TAMS 0x00000000e4900000| PB 0x00000000e4900000| Complete 
|1610|0x00000000e4a00000, 0x00000000e4b00000, 0x00000000e4b00000|100%| E|CS|TAMS 0x00000000e4a00000| PB 0x00000000e4a00000| Complete 
|1611|0x00000000e4b00000, 0x00000000e4c00000, 0x00000000e4c00000|100%| E|CS|TAMS 0x00000000e4b00000| PB 0x00000000e4b00000| Complete 
|1612|0x00000000e4c00000, 0x00000000e4d00000, 0x00000000e4d00000|100%| E|CS|TAMS 0x00000000e4c00000| PB 0x00000000e4c00000| Complete 
|1613|0x00000000e4d00000, 0x00000000e4e00000, 0x00000000e4e00000|100%| E|CS|TAMS 0x00000000e4d00000| PB 0x00000000e4d00000| Complete 
|1614|0x00000000e4e00000, 0x00000000e4f00000, 0x00000000e4f00000|100%| E|CS|TAMS 0x00000000e4e00000| PB 0x00000000e4e00000| Complete 
|1615|0x00000000e4f00000, 0x00000000e5000000, 0x00000000e5000000|100%| E|CS|TAMS 0x00000000e4f00000| PB 0x00000000e4f00000| Complete 
|1616|0x00000000e5000000, 0x00000000e5100000, 0x00000000e5100000|100%| E|CS|TAMS 0x00000000e5000000| PB 0x00000000e5000000| Complete 
|1617|0x00000000e5100000, 0x00000000e5200000, 0x00000000e5200000|100%| E|CS|TAMS 0x00000000e5100000| PB 0x00000000e5100000| Complete 
|1618|0x00000000e5200000, 0x00000000e5300000, 0x00000000e5300000|100%| E|CS|TAMS 0x00000000e5200000| PB 0x00000000e5200000| Complete 
|1619|0x00000000e5300000, 0x00000000e5400000, 0x00000000e5400000|100%| E|CS|TAMS 0x00000000e5300000| PB 0x00000000e5300000| Complete 
|1620|0x00000000e5400000, 0x00000000e5500000, 0x00000000e5500000|100%| E|CS|TAMS 0x00000000e5400000| PB 0x00000000e5400000| Complete 
|1621|0x00000000e5500000, 0x00000000e5600000, 0x00000000e5600000|100%| E|CS|TAMS 0x00000000e5500000| PB 0x00000000e5500000| Complete 
|1622|0x00000000e5600000, 0x00000000e5700000, 0x00000000e5700000|100%| E|CS|TAMS 0x00000000e5600000| PB 0x00000000e5600000| Complete 
|1623|0x00000000e5700000, 0x00000000e5800000, 0x00000000e5800000|100%| E|CS|TAMS 0x00000000e5700000| PB 0x00000000e5700000| Complete 
|1624|0x00000000e5800000, 0x00000000e5900000, 0x00000000e5900000|100%| E|CS|TAMS 0x00000000e5800000| PB 0x00000000e5800000| Complete 
|1625|0x00000000e5900000, 0x00000000e5a00000, 0x00000000e5a00000|100%| E|CS|TAMS 0x00000000e5900000| PB 0x00000000e5900000| Complete 
|1626|0x00000000e5a00000, 0x00000000e5b00000, 0x00000000e5b00000|100%| E|CS|TAMS 0x00000000e5a00000| PB 0x00000000e5a00000| Complete 
|1627|0x00000000e5b00000, 0x00000000e5c00000, 0x00000000e5c00000|100%| E|CS|TAMS 0x00000000e5b00000| PB 0x00000000e5b00000| Complete 
|1628|0x00000000e5c00000, 0x00000000e5d00000, 0x00000000e5d00000|100%| E|CS|TAMS 0x00000000e5c00000| PB 0x00000000e5c00000| Complete 
|1629|0x00000000e5d00000, 0x00000000e5e00000, 0x00000000e5e00000|100%| E|CS|TAMS 0x00000000e5d00000| PB 0x00000000e5d00000| Complete 
|1630|0x00000000e5e00000, 0x00000000e5f00000, 0x00000000e5f00000|100%| E|CS|TAMS 0x00000000e5e00000| PB 0x00000000e5e00000| Complete 
|1631|0x00000000e5f00000, 0x00000000e6000000, 0x00000000e6000000|100%| E|CS|TAMS 0x00000000e5f00000| PB 0x00000000e5f00000| Complete 
|1632|0x00000000e6000000, 0x00000000e6100000, 0x00000000e6100000|100%| E|CS|TAMS 0x00000000e6000000| PB 0x00000000e6000000| Complete 
|1633|0x00000000e6100000, 0x00000000e6200000, 0x00000000e6200000|100%| E|CS|TAMS 0x00000000e6100000| PB 0x00000000e6100000| Complete 
|1634|0x00000000e6200000, 0x00000000e6300000, 0x00000000e6300000|100%| E|CS|TAMS 0x00000000e6200000| PB 0x00000000e6200000| Complete 
|1635|0x00000000e6300000, 0x00000000e6400000, 0x00000000e6400000|100%| E|CS|TAMS 0x00000000e6300000| PB 0x00000000e6300000| Complete 
|1636|0x00000000e6400000, 0x00000000e6500000, 0x00000000e6500000|100%| E|CS|TAMS 0x00000000e6400000| PB 0x00000000e6400000| Complete 
|1637|0x00000000e6500000, 0x00000000e6600000, 0x00000000e6600000|100%| E|CS|TAMS 0x00000000e6500000| PB 0x00000000e6500000| Complete 
|1638|0x00000000e6600000, 0x00000000e6700000, 0x00000000e6700000|100%| E|CS|TAMS 0x00000000e6600000| PB 0x00000000e6600000| Complete 
|1639|0x00000000e6700000, 0x00000000e6800000, 0x00000000e6800000|100%| E|CS|TAMS 0x00000000e6700000| PB 0x00000000e6700000| Complete 
|1640|0x00000000e6800000, 0x00000000e6900000, 0x00000000e6900000|100%| E|CS|TAMS 0x00000000e6800000| PB 0x00000000e6800000| Complete 
|1641|0x00000000e6900000, 0x00000000e6a00000, 0x00000000e6a00000|100%| E|CS|TAMS 0x00000000e6900000| PB 0x00000000e6900000| Complete 
|1642|0x00000000e6a00000, 0x00000000e6b00000, 0x00000000e6b00000|100%| E|CS|TAMS 0x00000000e6a00000| PB 0x00000000e6a00000| Complete 
|1643|0x00000000e6b00000, 0x00000000e6c00000, 0x00000000e6c00000|100%| E|CS|TAMS 0x00000000e6b00000| PB 0x00000000e6b00000| Complete 
|1644|0x00000000e6c00000, 0x00000000e6d00000, 0x00000000e6d00000|100%| E|CS|TAMS 0x00000000e6c00000| PB 0x00000000e6c00000| Complete 
|1645|0x00000000e6d00000, 0x00000000e6e00000, 0x00000000e6e00000|100%| E|CS|TAMS 0x00000000e6d00000| PB 0x00000000e6d00000| Complete 
|1646|0x00000000e6e00000, 0x00000000e6f00000, 0x00000000e6f00000|100%| E|CS|TAMS 0x00000000e6e00000| PB 0x00000000e6e00000| Complete 
|1647|0x00000000e6f00000, 0x00000000e7000000, 0x00000000e7000000|100%| E|CS|TAMS 0x00000000e6f00000| PB 0x00000000e6f00000| Complete 
|1648|0x00000000e7000000, 0x00000000e7100000, 0x00000000e7100000|100%| E|CS|TAMS 0x00000000e7000000| PB 0x00000000e7000000| Complete 
|1649|0x00000000e7100000, 0x00000000e7200000, 0x00000000e7200000|100%| E|CS|TAMS 0x00000000e7100000| PB 0x00000000e7100000| Complete 
|1650|0x00000000e7200000, 0x00000000e7300000, 0x00000000e7300000|100%| E|CS|TAMS 0x00000000e7200000| PB 0x00000000e7200000| Complete 
|1651|0x00000000e7300000, 0x00000000e7400000, 0x00000000e7400000|100%| E|CS|TAMS 0x00000000e7300000| PB 0x00000000e7300000| Complete 
|1652|0x00000000e7400000, 0x00000000e7500000, 0x00000000e7500000|100%| E|CS|TAMS 0x00000000e7400000| PB 0x00000000e7400000| Complete 
|1653|0x00000000e7500000, 0x00000000e7600000, 0x00000000e7600000|100%| E|CS|TAMS 0x00000000e7500000| PB 0x00000000e7500000| Complete 
|1654|0x00000000e7600000, 0x00000000e7700000, 0x00000000e7700000|100%| E|CS|TAMS 0x00000000e7600000| PB 0x00000000e7600000| Complete 
|1655|0x00000000e7700000, 0x00000000e7800000, 0x00000000e7800000|100%| E|CS|TAMS 0x00000000e7700000| PB 0x00000000e7700000| Complete 
|1656|0x00000000e7800000, 0x00000000e7900000, 0x00000000e7900000|100%| E|CS|TAMS 0x00000000e7800000| PB 0x00000000e7800000| Complete 
|1657|0x00000000e7900000, 0x00000000e7a00000, 0x00000000e7a00000|100%| E|CS|TAMS 0x00000000e7900000| PB 0x00000000e7900000| Complete 
|1658|0x00000000e7a00000, 0x00000000e7b00000, 0x00000000e7b00000|100%| E|CS|TAMS 0x00000000e7a00000| PB 0x00000000e7a00000| Complete 
|1659|0x00000000e7b00000, 0x00000000e7c00000, 0x00000000e7c00000|100%| E|CS|TAMS 0x00000000e7b00000| PB 0x00000000e7b00000| Complete 
|1660|0x00000000e7c00000, 0x00000000e7d00000, 0x00000000e7d00000|100%| E|CS|TAMS 0x00000000e7c00000| PB 0x00000000e7c00000| Complete 
|1661|0x00000000e7d00000, 0x00000000e7e00000, 0x00000000e7e00000|100%| E|CS|TAMS 0x00000000e7d00000| PB 0x00000000e7d00000| Complete 
|1662|0x00000000e7e00000, 0x00000000e7f00000, 0x00000000e7f00000|100%| E|CS|TAMS 0x00000000e7e00000| PB 0x00000000e7e00000| Complete 
|1663|0x00000000e7f00000, 0x00000000e8000000, 0x00000000e8000000|100%| E|CS|TAMS 0x00000000e7f00000| PB 0x00000000e7f00000| Complete 
|1664|0x00000000e8000000, 0x00000000e8100000, 0x00000000e8100000|100%| E|CS|TAMS 0x00000000e8000000| PB 0x00000000e8000000| Complete 
|1665|0x00000000e8100000, 0x00000000e8200000, 0x00000000e8200000|100%| E|CS|TAMS 0x00000000e8100000| PB 0x00000000e8100000| Complete 
|1666|0x00000000e8200000, 0x00000000e8300000, 0x00000000e8300000|100%| E|CS|TAMS 0x00000000e8200000| PB 0x00000000e8200000| Complete 
|1667|0x00000000e8300000, 0x00000000e8400000, 0x00000000e8400000|100%| E|CS|TAMS 0x00000000e8300000| PB 0x00000000e8300000| Complete 
|1668|0x00000000e8400000, 0x00000000e8500000, 0x00000000e8500000|100%| E|CS|TAMS 0x00000000e8400000| PB 0x00000000e8400000| Complete 
|1669|0x00000000e8500000, 0x00000000e8600000, 0x00000000e8600000|100%| E|CS|TAMS 0x00000000e8500000| PB 0x00000000e8500000| Complete 
|1670|0x00000000e8600000, 0x00000000e8700000, 0x00000000e8700000|100%| E|CS|TAMS 0x00000000e8600000| PB 0x00000000e8600000| Complete 
|1671|0x00000000e8700000, 0x00000000e8800000, 0x00000000e8800000|100%| E|CS|TAMS 0x00000000e8700000| PB 0x00000000e8700000| Complete 
|1672|0x00000000e8800000, 0x00000000e8900000, 0x00000000e8900000|100%| E|CS|TAMS 0x00000000e8800000| PB 0x00000000e8800000| Complete 
|1673|0x00000000e8900000, 0x00000000e8a00000, 0x00000000e8a00000|100%| E|CS|TAMS 0x00000000e8900000| PB 0x00000000e8900000| Complete 
|1674|0x00000000e8a00000, 0x00000000e8b00000, 0x00000000e8b00000|100%| E|CS|TAMS 0x00000000e8a00000| PB 0x00000000e8a00000| Complete 
|1675|0x00000000e8b00000, 0x00000000e8c00000, 0x00000000e8c00000|100%| E|CS|TAMS 0x00000000e8b00000| PB 0x00000000e8b00000| Complete 
|1676|0x00000000e8c00000, 0x00000000e8d00000, 0x00000000e8d00000|100%| E|CS|TAMS 0x00000000e8c00000| PB 0x00000000e8c00000| Complete 
|1677|0x00000000e8d00000, 0x00000000e8e00000, 0x00000000e8e00000|100%| E|CS|TAMS 0x00000000e8d00000| PB 0x00000000e8d00000| Complete 
|1678|0x00000000e8e00000, 0x00000000e8f00000, 0x00000000e8f00000|100%| E|CS|TAMS 0x00000000e8e00000| PB 0x00000000e8e00000| Complete 
|1679|0x00000000e8f00000, 0x00000000e9000000, 0x00000000e9000000|100%| E|CS|TAMS 0x00000000e8f00000| PB 0x00000000e8f00000| Complete 
|1680|0x00000000e9000000, 0x00000000e9100000, 0x00000000e9100000|100%| E|CS|TAMS 0x00000000e9000000| PB 0x00000000e9000000| Complete 
|1681|0x00000000e9100000, 0x00000000e9200000, 0x00000000e9200000|100%| E|CS|TAMS 0x00000000e9100000| PB 0x00000000e9100000| Complete 
|1682|0x00000000e9200000, 0x00000000e9300000, 0x00000000e9300000|100%| E|CS|TAMS 0x00000000e9200000| PB 0x00000000e9200000| Complete 
|1683|0x00000000e9300000, 0x00000000e9400000, 0x00000000e9400000|100%| E|CS|TAMS 0x00000000e9300000| PB 0x00000000e9300000| Complete 
|1684|0x00000000e9400000, 0x00000000e9500000, 0x00000000e9500000|100%| E|CS|TAMS 0x00000000e9400000| PB 0x00000000e9400000| Complete 
|1685|0x00000000e9500000, 0x00000000e9600000, 0x00000000e9600000|100%| E|CS|TAMS 0x00000000e9500000| PB 0x00000000e9500000| Complete 
|1686|0x00000000e9600000, 0x00000000e9700000, 0x00000000e9700000|100%| E|CS|TAMS 0x00000000e9600000| PB 0x00000000e9600000| Complete 
|1687|0x00000000e9700000, 0x00000000e9800000, 0x00000000e9800000|100%| E|CS|TAMS 0x00000000e9700000| PB 0x00000000e9700000| Complete 
|1688|0x00000000e9800000, 0x00000000e9900000, 0x00000000e9900000|100%| E|CS|TAMS 0x00000000e9800000| PB 0x00000000e9800000| Complete 
|1689|0x00000000e9900000, 0x00000000e9a00000, 0x00000000e9a00000|100%| E|CS|TAMS 0x00000000e9900000| PB 0x00000000e9900000| Complete 
|1690|0x00000000e9a00000, 0x00000000e9b00000, 0x00000000e9b00000|100%| E|CS|TAMS 0x00000000e9a00000| PB 0x00000000e9a00000| Complete 
|1691|0x00000000e9b00000, 0x00000000e9c00000, 0x00000000e9c00000|100%| E|CS|TAMS 0x00000000e9b00000| PB 0x00000000e9b00000| Complete 
|1692|0x00000000e9c00000, 0x00000000e9d00000, 0x00000000e9d00000|100%| E|CS|TAMS 0x00000000e9c00000| PB 0x00000000e9c00000| Complete 
|1693|0x00000000e9d00000, 0x00000000e9e00000, 0x00000000e9e00000|100%| E|CS|TAMS 0x00000000e9d00000| PB 0x00000000e9d00000| Complete 
|1694|0x00000000e9e00000, 0x00000000e9f00000, 0x00000000e9f00000|100%| E|CS|TAMS 0x00000000e9e00000| PB 0x00000000e9e00000| Complete 
|1695|0x00000000e9f00000, 0x00000000ea000000, 0x00000000ea000000|100%| E|CS|TAMS 0x00000000e9f00000| PB 0x00000000e9f00000| Complete 
|1696|0x00000000ea000000, 0x00000000ea100000, 0x00000000ea100000|100%| E|CS|TAMS 0x00000000ea000000| PB 0x00000000ea000000| Complete 
|1697|0x00000000ea100000, 0x00000000ea200000, 0x00000000ea200000|100%| E|CS|TAMS 0x00000000ea100000| PB 0x00000000ea100000| Complete 
|1698|0x00000000ea200000, 0x00000000ea300000, 0x00000000ea300000|100%| E|CS|TAMS 0x00000000ea200000| PB 0x00000000ea200000| Complete 
|1699|0x00000000ea300000, 0x00000000ea400000, 0x00000000ea400000|100%| E|CS|TAMS 0x00000000ea300000| PB 0x00000000ea300000| Complete 
|1700|0x00000000ea400000, 0x00000000ea500000, 0x00000000ea500000|100%| E|CS|TAMS 0x00000000ea400000| PB 0x00000000ea400000| Complete 
|1701|0x00000000ea500000, 0x00000000ea600000, 0x00000000ea600000|100%| E|CS|TAMS 0x00000000ea500000| PB 0x00000000ea500000| Complete 
|1702|0x00000000ea600000, 0x00000000ea700000, 0x00000000ea700000|100%| E|CS|TAMS 0x00000000ea600000| PB 0x00000000ea600000| Complete 
|1703|0x00000000ea700000, 0x00000000ea800000, 0x00000000ea800000|100%| E|CS|TAMS 0x00000000ea700000| PB 0x00000000ea700000| Complete 
|1704|0x00000000ea800000, 0x00000000ea900000, 0x00000000ea900000|100%| E|CS|TAMS 0x00000000ea800000| PB 0x00000000ea800000| Complete 
|1705|0x00000000ea900000, 0x00000000eaa00000, 0x00000000eaa00000|100%| E|CS|TAMS 0x00000000ea900000| PB 0x00000000ea900000| Complete 
|1706|0x00000000eaa00000, 0x00000000eab00000, 0x00000000eab00000|100%| E|CS|TAMS 0x00000000eaa00000| PB 0x00000000eaa00000| Complete 
|1707|0x00000000eab00000, 0x00000000eac00000, 0x00000000eac00000|100%| E|CS|TAMS 0x00000000eab00000| PB 0x00000000eab00000| Complete 
|1708|0x00000000eac00000, 0x00000000ead00000, 0x00000000ead00000|100%| E|CS|TAMS 0x00000000eac00000| PB 0x00000000eac00000| Complete 
|1709|0x00000000ead00000, 0x00000000eae00000, 0x00000000eae00000|100%| E|CS|TAMS 0x00000000ead00000| PB 0x00000000ead00000| Complete 
|1710|0x00000000eae00000, 0x00000000eaf00000, 0x00000000eaf00000|100%| E|CS|TAMS 0x00000000eae00000| PB 0x00000000eae00000| Complete 
|1711|0x00000000eaf00000, 0x00000000eb000000, 0x00000000eb000000|100%| E|CS|TAMS 0x00000000eaf00000| PB 0x00000000eaf00000| Complete 
|1712|0x00000000eb000000, 0x00000000eb100000, 0x00000000eb100000|100%| E|CS|TAMS 0x00000000eb000000| PB 0x00000000eb000000| Complete 
|1713|0x00000000eb100000, 0x00000000eb200000, 0x00000000eb200000|100%| E|CS|TAMS 0x00000000eb100000| PB 0x00000000eb100000| Complete 
|1714|0x00000000eb200000, 0x00000000eb300000, 0x00000000eb300000|100%| E|CS|TAMS 0x00000000eb200000| PB 0x00000000eb200000| Complete 
|1715|0x00000000eb300000, 0x00000000eb400000, 0x00000000eb400000|100%| E|CS|TAMS 0x00000000eb300000| PB 0x00000000eb300000| Complete 
|1716|0x00000000eb400000, 0x00000000eb500000, 0x00000000eb500000|100%| E|CS|TAMS 0x00000000eb400000| PB 0x00000000eb400000| Complete 
|1717|0x00000000eb500000, 0x00000000eb600000, 0x00000000eb600000|100%| E|CS|TAMS 0x00000000eb500000| PB 0x00000000eb500000| Complete 
|1718|0x00000000eb600000, 0x00000000eb700000, 0x00000000eb700000|100%| E|CS|TAMS 0x00000000eb600000| PB 0x00000000eb600000| Complete 
|1719|0x00000000eb700000, 0x00000000eb800000, 0x00000000eb800000|100%| E|CS|TAMS 0x00000000eb700000| PB 0x00000000eb700000| Complete 
|1720|0x00000000eb800000, 0x00000000eb900000, 0x00000000eb900000|100%| E|CS|TAMS 0x00000000eb800000| PB 0x00000000eb800000| Complete 
|1721|0x00000000eb900000, 0x00000000eba00000, 0x00000000eba00000|100%| E|CS|TAMS 0x00000000eb900000| PB 0x00000000eb900000| Complete 
|1722|0x00000000eba00000, 0x00000000ebb00000, 0x00000000ebb00000|100%| E|CS|TAMS 0x00000000eba00000| PB 0x00000000eba00000| Complete 
|1723|0x00000000ebb00000, 0x00000000ebc00000, 0x00000000ebc00000|100%| E|CS|TAMS 0x00000000ebb00000| PB 0x00000000ebb00000| Complete 
|1724|0x00000000ebc00000, 0x00000000ebd00000, 0x00000000ebd00000|100%| E|CS|TAMS 0x00000000ebc00000| PB 0x00000000ebc00000| Complete 
|1725|0x00000000ebd00000, 0x00000000ebe00000, 0x00000000ebe00000|100%| E|CS|TAMS 0x00000000ebd00000| PB 0x00000000ebd00000| Complete 
|1726|0x00000000ebe00000, 0x00000000ebf00000, 0x00000000ebf00000|100%| E|CS|TAMS 0x00000000ebe00000| PB 0x00000000ebe00000| Complete 
|1727|0x00000000ebf00000, 0x00000000ec000000, 0x00000000ec000000|100%| E|CS|TAMS 0x00000000ebf00000| PB 0x00000000ebf00000| Complete 
|1728|0x00000000ec000000, 0x00000000ec100000, 0x00000000ec100000|100%| E|CS|TAMS 0x00000000ec000000| PB 0x00000000ec000000| Complete 
|1729|0x00000000ec100000, 0x00000000ec200000, 0x00000000ec200000|100%| E|CS|TAMS 0x00000000ec100000| PB 0x00000000ec100000| Complete 
|1730|0x00000000ec200000, 0x00000000ec300000, 0x00000000ec300000|100%| E|CS|TAMS 0x00000000ec200000| PB 0x00000000ec200000| Complete 
|1731|0x00000000ec300000, 0x00000000ec400000, 0x00000000ec400000|100%| E|CS|TAMS 0x00000000ec300000| PB 0x00000000ec300000| Complete 
|1732|0x00000000ec400000, 0x00000000ec500000, 0x00000000ec500000|100%| E|CS|TAMS 0x00000000ec400000| PB 0x00000000ec400000| Complete 
|1733|0x00000000ec500000, 0x00000000ec600000, 0x00000000ec600000|100%| E|CS|TAMS 0x00000000ec500000| PB 0x00000000ec500000| Complete 
|1734|0x00000000ec600000, 0x00000000ec700000, 0x00000000ec700000|100%| E|CS|TAMS 0x00000000ec600000| PB 0x00000000ec600000| Complete 
|1735|0x00000000ec700000, 0x00000000ec800000, 0x00000000ec800000|100%| E|CS|TAMS 0x00000000ec700000| PB 0x00000000ec700000| Complete 
|1736|0x00000000ec800000, 0x00000000ec900000, 0x00000000ec900000|100%| E|CS|TAMS 0x00000000ec800000| PB 0x00000000ec800000| Complete 
|1737|0x00000000ec900000, 0x00000000eca00000, 0x00000000eca00000|100%| E|CS|TAMS 0x00000000ec900000| PB 0x00000000ec900000| Complete 
|1738|0x00000000eca00000, 0x00000000ecb00000, 0x00000000ecb00000|100%| E|CS|TAMS 0x00000000eca00000| PB 0x00000000eca00000| Complete 
|1739|0x00000000ecb00000, 0x00000000ecc00000, 0x00000000ecc00000|100%| E|CS|TAMS 0x00000000ecb00000| PB 0x00000000ecb00000| Complete 
|1740|0x00000000ecc00000, 0x00000000ecd00000, 0x00000000ecd00000|100%| E|CS|TAMS 0x00000000ecc00000| PB 0x00000000ecc00000| Complete 
|1741|0x00000000ecd00000, 0x00000000ece00000, 0x00000000ece00000|100%| E|CS|TAMS 0x00000000ecd00000| PB 0x00000000ecd00000| Complete 
|1742|0x00000000ece00000, 0x00000000ecf00000, 0x00000000ecf00000|100%| E|CS|TAMS 0x00000000ece00000| PB 0x00000000ece00000| Complete 
|1743|0x00000000ecf00000, 0x00000000ed000000, 0x00000000ed000000|100%| E|CS|TAMS 0x00000000ecf00000| PB 0x00000000ecf00000| Complete 
|1744|0x00000000ed000000, 0x00000000ed100000, 0x00000000ed100000|100%| E|CS|TAMS 0x00000000ed000000| PB 0x00000000ed000000| Complete 
|1745|0x00000000ed100000, 0x00000000ed200000, 0x00000000ed200000|100%| E|CS|TAMS 0x00000000ed100000| PB 0x00000000ed100000| Complete 
|1746|0x00000000ed200000, 0x00000000ed300000, 0x00000000ed300000|100%| E|CS|TAMS 0x00000000ed200000| PB 0x00000000ed200000| Complete 
|1747|0x00000000ed300000, 0x00000000ed400000, 0x00000000ed400000|100%| E|CS|TAMS 0x00000000ed300000| PB 0x00000000ed300000| Complete 
|1748|0x00000000ed400000, 0x00000000ed500000, 0x00000000ed500000|100%| E|CS|TAMS 0x00000000ed400000| PB 0x00000000ed400000| Complete 
|1749|0x00000000ed500000, 0x00000000ed600000, 0x00000000ed600000|100%| E|CS|TAMS 0x00000000ed500000| PB 0x00000000ed500000| Complete 
|1750|0x00000000ed600000, 0x00000000ed700000, 0x00000000ed700000|100%| E|CS|TAMS 0x00000000ed600000| PB 0x00000000ed600000| Complete 
|1751|0x00000000ed700000, 0x00000000ed800000, 0x00000000ed800000|100%| E|CS|TAMS 0x00000000ed700000| PB 0x00000000ed700000| Complete 
|1752|0x00000000ed800000, 0x00000000ed900000, 0x00000000ed900000|100%| E|CS|TAMS 0x00000000ed800000| PB 0x00000000ed800000| Complete 
|1753|0x00000000ed900000, 0x00000000eda00000, 0x00000000eda00000|100%| E|CS|TAMS 0x00000000ed900000| PB 0x00000000ed900000| Complete 
|1754|0x00000000eda00000, 0x00000000edb00000, 0x00000000edb00000|100%| E|CS|TAMS 0x00000000eda00000| PB 0x00000000eda00000| Complete 
|1755|0x00000000edb00000, 0x00000000edc00000, 0x00000000edc00000|100%| E|CS|TAMS 0x00000000edb00000| PB 0x00000000edb00000| Complete 
|1756|0x00000000edc00000, 0x00000000edd00000, 0x00000000edd00000|100%| E|CS|TAMS 0x00000000edc00000| PB 0x00000000edc00000| Complete 
|1757|0x00000000edd00000, 0x00000000ede00000, 0x00000000ede00000|100%| E|CS|TAMS 0x00000000edd00000| PB 0x00000000edd00000| Complete 
|1758|0x00000000ede00000, 0x00000000edf00000, 0x00000000edf00000|100%| E|CS|TAMS 0x00000000ede00000| PB 0x00000000ede00000| Complete 
|1759|0x00000000edf00000, 0x00000000ee000000, 0x00000000ee000000|100%| E|CS|TAMS 0x00000000edf00000| PB 0x00000000edf00000| Complete 
|1760|0x00000000ee000000, 0x00000000ee100000, 0x00000000ee100000|100%| E|CS|TAMS 0x00000000ee000000| PB 0x00000000ee000000| Complete 
|1761|0x00000000ee100000, 0x00000000ee200000, 0x00000000ee200000|100%| E|CS|TAMS 0x00000000ee100000| PB 0x00000000ee100000| Complete 
|1762|0x00000000ee200000, 0x00000000ee300000, 0x00000000ee300000|100%| E|CS|TAMS 0x00000000ee200000| PB 0x00000000ee200000| Complete 
|1763|0x00000000ee300000, 0x00000000ee400000, 0x00000000ee400000|100%| E|CS|TAMS 0x00000000ee300000| PB 0x00000000ee300000| Complete 
|1764|0x00000000ee400000, 0x00000000ee500000, 0x00000000ee500000|100%| E|CS|TAMS 0x00000000ee400000| PB 0x00000000ee400000| Complete 
|1765|0x00000000ee500000, 0x00000000ee600000, 0x00000000ee600000|100%| E|CS|TAMS 0x00000000ee500000| PB 0x00000000ee500000| Complete 
|1766|0x00000000ee600000, 0x00000000ee700000, 0x00000000ee700000|100%| E|CS|TAMS 0x00000000ee600000| PB 0x00000000ee600000| Complete 
|1767|0x00000000ee700000, 0x00000000ee800000, 0x00000000ee800000|100%| E|CS|TAMS 0x00000000ee700000| PB 0x00000000ee700000| Complete 
|1768|0x00000000ee800000, 0x00000000ee900000, 0x00000000ee900000|100%| E|CS|TAMS 0x00000000ee800000| PB 0x00000000ee800000| Complete 
|1769|0x00000000ee900000, 0x00000000eea00000, 0x00000000eea00000|100%| E|CS|TAMS 0x00000000ee900000| PB 0x00000000ee900000| Complete 
|2013|0x00000000fdd00000, 0x00000000fde00000, 0x00000000fde00000|100%| E|CS|TAMS 0x00000000fdd00000| PB 0x00000000fdd00000| Complete 
|2014|0x00000000fde00000, 0x00000000fdf00000, 0x00000000fdf00000|100%| E|CS|TAMS 0x00000000fde00000| PB 0x00000000fde00000| Complete 
|2015|0x00000000fdf00000, 0x00000000fe000000, 0x00000000fe000000|100%| E|CS|TAMS 0x00000000fdf00000| PB 0x00000000fdf00000| Complete 
|2016|0x00000000fe000000, 0x00000000fe100000, 0x00000000fe100000|100%| E|CS|TAMS 0x00000000fe000000| PB 0x00000000fe000000| Complete 
|2017|0x00000000fe100000, 0x00000000fe200000, 0x00000000fe200000|100%| E|CS|TAMS 0x00000000fe100000| PB 0x00000000fe100000| Complete 
|2018|0x00000000fe200000, 0x00000000fe300000, 0x00000000fe300000|100%| E|CS|TAMS 0x00000000fe200000| PB 0x00000000fe200000| Complete 
|2019|0x00000000fe300000, 0x00000000fe400000, 0x00000000fe400000|100%| E|CS|TAMS 0x00000000fe300000| PB 0x00000000fe300000| Complete 
|2020|0x00000000fe400000, 0x00000000fe500000, 0x00000000fe500000|100%| E|CS|TAMS 0x00000000fe400000| PB 0x00000000fe400000| Complete 
|2021|0x00000000fe500000, 0x00000000fe600000, 0x00000000fe600000|100%| E|CS|TAMS 0x00000000fe500000| PB 0x00000000fe500000| Complete 
|2022|0x00000000fe600000, 0x00000000fe700000, 0x00000000fe700000|100%| E|CS|TAMS 0x00000000fe600000| PB 0x00000000fe600000| Complete 
|2023|0x00000000fe700000, 0x00000000fe800000, 0x00000000fe800000|100%| E|CS|TAMS 0x00000000fe700000| PB 0x00000000fe700000| Complete 
|2024|0x00000000fe800000, 0x00000000fe900000, 0x00000000fe900000|100%| E|CS|TAMS 0x00000000fe800000| PB 0x00000000fe800000| Complete 
|2025|0x00000000fe900000, 0x00000000fea00000, 0x00000000fea00000|100%| E|CS|TAMS 0x00000000fe900000| PB 0x00000000fe900000| Complete 
|2026|0x00000000fea00000, 0x00000000feb00000, 0x00000000feb00000|100%| E|CS|TAMS 0x00000000fea00000| PB 0x00000000fea00000| Complete 
|2027|0x00000000feb00000, 0x00000000fec00000, 0x00000000fec00000|100%| E|CS|TAMS 0x00000000feb00000| PB 0x00000000feb00000| Complete 
|2028|0x00000000fec00000, 0x00000000fed00000, 0x00000000fed00000|100%| E|CS|TAMS 0x00000000fec00000| PB 0x00000000fec00000| Complete 
|2029|0x00000000fed00000, 0x00000000fee00000, 0x00000000fee00000|100%| E|CS|TAMS 0x00000000fed00000| PB 0x00000000fed00000| Complete 
|2030|0x00000000fee00000, 0x00000000fef00000, 0x00000000fef00000|100%| E|CS|TAMS 0x00000000fee00000| PB 0x00000000fee00000| Complete 
|2031|0x00000000fef00000, 0x00000000ff000000, 0x00000000ff000000|100%| E|CS|TAMS 0x00000000fef00000| PB 0x00000000fef00000| Complete 
|2032|0x00000000ff000000, 0x00000000ff100000, 0x00000000ff100000|100%| E|CS|TAMS 0x00000000ff000000| PB 0x00000000ff000000| Complete 
|2033|0x00000000ff100000, 0x00000000ff200000, 0x00000000ff200000|100%| E|CS|TAMS 0x00000000ff100000| PB 0x00000000ff100000| Complete 
|2034|0x00000000ff200000, 0x00000000ff300000, 0x00000000ff300000|100%| E|CS|TAMS 0x00000000ff200000| PB 0x00000000ff200000| Complete 
|2035|0x00000000ff300000, 0x00000000ff400000, 0x00000000ff400000|100%| E|CS|TAMS 0x00000000ff300000| PB 0x00000000ff300000| Complete 
|2036|0x00000000ff400000, 0x00000000ff500000, 0x00000000ff500000|100%| E|CS|TAMS 0x00000000ff400000| PB 0x00000000ff400000| Complete 
|2037|0x00000000ff500000, 0x00000000ff600000, 0x00000000ff600000|100%| E|CS|TAMS 0x00000000ff500000| PB 0x00000000ff500000| Complete 
|2038|0x00000000ff600000, 0x00000000ff700000, 0x00000000ff700000|100%| E|CS|TAMS 0x00000000ff600000| PB 0x00000000ff600000| Complete 
|2039|0x00000000ff700000, 0x00000000ff800000, 0x00000000ff800000|100%| E|CS|TAMS 0x00000000ff700000| PB 0x00000000ff700000| Complete 
|2040|0x00000000ff800000, 0x00000000ff900000, 0x00000000ff900000|100%| E|CS|TAMS 0x00000000ff800000| PB 0x00000000ff800000| Complete 
|2041|0x00000000ff900000, 0x00000000ffa00000, 0x00000000ffa00000|100%| E|CS|TAMS 0x00000000ff900000| PB 0x00000000ff900000| Complete 
|2042|0x00000000ffa00000, 0x00000000ffb00000, 0x00000000ffb00000|100%| E|CS|TAMS 0x00000000ffa00000| PB 0x00000000ffa00000| Complete 
|2043|0x00000000ffb00000, 0x00000000ffc00000, 0x00000000ffc00000|100%| E|CS|TAMS 0x00000000ffb00000| PB 0x00000000ffb00000| Complete 
|2044|0x00000000ffc00000, 0x00000000ffd00000, 0x00000000ffd00000|100%| O|  |TAMS 0x00000000ffc00000| PB 0x00000000ffc00000| Untracked 
|2045|0x00000000ffd00000, 0x00000000ffe00000, 0x00000000ffe00000|100%| E|CS|TAMS 0x00000000ffd00000| PB 0x00000000ffd00000| Complete 
|2046|0x00000000ffe00000, 0x00000000fff00000, 0x00000000fff00000|100%| O|  |TAMS 0x00000000ffe00000| PB 0x00000000ffe00000| Untracked 
|2047|0x00000000fff00000, 0x0000000100000000, 0x0000000100000000|100%| E|CS|TAMS 0x00000000fff00000| PB 0x00000000fff00000| Complete 

Card table byte_map: [0x0000025a93f00000,0x0000025a94300000] _byte_map_base: 0x0000025a93b00000

Marking Bits: (CMBitMap*) 0x0000025affb36700
 Bits: [0x0000025a94300000, 0x0000025a96300000)

Polling page: 0x0000025affba0000

Metaspace:

Usage:
  Non-class:    392.21 MB used.
      Class:     53.10 MB used.
       Both:    445.31 MB used.

Virtual space:
  Non-class space:      448.00 MB reserved,     394.12 MB ( 88%) committed,  7 nodes.
      Class space:      416.00 MB reserved,      54.88 MB ( 13%) committed,  1 nodes.
             Both:      864.00 MB reserved,     449.00 MB ( 52%) committed. 

Chunk freelists:
   Non-Class:  5.23 MB
       Class:  9.08 MB
        Both:  14.31 MB

MaxMetaspaceSize: 512.00 MB
CompressedClassSpaceSize: 416.00 MB
Initial GC threshold: 21.00 MB
Current GC threshold: 512.00 MB
CDS: off
 - commit_granule_bytes: 65536.
 - commit_granule_words: 8192.
 - virtual_space_node_default_size: 8388608.
 - enlarge_chunks_in_place: 1.
 - use_allocation_guard: 0.


Internal statistics:

num_allocs_failed_limit: 12.
num_arena_births: 11538.
num_arena_deaths: 5192.
num_vsnodes_births: 8.
num_vsnodes_deaths: 0.
num_space_committed: 7185.
num_space_uncommitted: 10.
num_chunks_returned_to_freelist: 6512.
num_chunks_taken_from_freelist: 34646.
num_chunk_merges: 2234.
num_chunk_splits: 21216.
num_chunks_enlarged: 13287.
num_inconsistent_stats: 0.

CodeHeap 'non-profiled nmethods': size=120000Kb used=38007Kb max_used=43245Kb free=81993Kb
 bounds [0x0000025a8bf70000, 0x0000025a8e9b0000, 0x0000025a934a0000]
CodeHeap 'profiled nmethods': size=120000Kb used=57677Kb max_used=69881Kb free=62322Kb
 bounds [0x0000025a844a0000, 0x0000025a888f0000, 0x0000025a8b9d0000]
CodeHeap 'non-nmethods': size=5760Kb used=4156Kb max_used=4197Kb free=1603Kb
 bounds [0x0000025a8b9d0000, 0x0000025a8be00000, 0x0000025a8bf70000]
 total_blobs=28786 nmethods=27176 adapters=1511
 compilation: enabled
              stopped_count=0, restarted_count=0
 full_count=0

Compilation events (20 events):
Event: 5726.763 Thread 0x0000025a9d0dbe70 nmethod 89214 0x0000025a8d6fa890 code [0x0000025a8d6faa20, 0x0000025a8d6faae8]
Event: 5726.779 Thread 0x0000025a9d0dbe70 89215       3       com.android.tools.r8.internal.K5::hasNext (10 bytes)
Event: 5726.779 Thread 0x0000025a9d0dbe70 nmethod 89215 0x0000025a85153090 code [0x0000025a85153240, 0x0000025a85153410]
Event: 5726.822 Thread 0x0000025a9d0dbe70 89216       3       org.jetbrains.kotlin.fir.resolve.ToSymbolUtilsKt::toSymbol (89 bytes)
Event: 5726.882 Thread 0x0000025a9d0dbe70 nmethod 89216 0x0000025a85628690 code [0x0000025a85628a20, 0x0000025a85629eb0]
Event: 5726.882 Thread 0x0000025a9d0dbe70 89217       3       kotlinx.collections.immutable.implementations.immutableList.SmallPersistentVector::addAll (144 bytes)
Event: 5726.885 Thread 0x0000025a9d0dbe70 nmethod 89217 0x0000025a8589b010 code [0x0000025a8589b380, 0x0000025a8589c6b0]
Event: 5726.920 Thread 0x0000025a9d0dbe70 89218       1       org.jetbrains.kotlin.fir.types.builder.FirUserTypeRefBuilder::getQualifier (5 bytes)
Event: 5726.920 Thread 0x0000025a9d0dbe70 nmethod 89218 0x0000025a8d72ca90 code [0x0000025a8d72cc20, 0x0000025a8d72cce8]
Event: 5726.920 Thread 0x0000025a9d0db2b0 89219       4       com.intellij.psi.impl.source.tree.CompositeElement::findChildByType (52 bytes)
Event: 5726.920 Thread 0x0000025a9d0dbe70 89220       3       org.jetbrains.kotlin.resolve.calls.inference.model.NewConstraintSystemImpl::checkState (35 bytes)
Event: 5726.921 Thread 0x0000025a9d0dbe70 nmethod 89220 0x0000025a8589a610 code [0x0000025a8589a800, 0x0000025a8589ae78]
Event: 5726.923 Thread 0x0000025a9d0db2b0 nmethod 89219 0x0000025a8d72c410 code [0x0000025a8d72c5a0, 0x0000025a8d72c6c8]
Event: 5726.949 Thread 0x0000025a9d0dbe70 89221       3       org.jetbrains.kotlin.fir.FirLookupTrackerComponentKt::getLookupTracker (25 bytes)
Event: 5726.951 Thread 0x0000025a9d0dbe70 nmethod 89221 0x0000025a85c1db90 code [0x0000025a85c1df40, 0x0000025a85c1f3f8]
Event: 5726.955 Thread 0x0000025a9d0db2b0 89222       4       java.lang.invoke.DirectMethodHandle$StaticAccessor::<init> (30 bytes)
Event: 5726.960 Thread 0x0000025a9d0db2b0 nmethod 89222 0x0000025a8d8ef390 code [0x0000025a8d8ef540, 0x0000025a8d8ef858]
Event: 5726.965 Thread 0x0000025a9d0dbe70 89223       1       com.android.tools.r8.internal.F9::I (2 bytes)
Event: 5726.966 Thread 0x0000025a9d0dbe70 nmethod 89223 0x0000025a8d8ef090 code [0x0000025a8d8ef220, 0x0000025a8d8ef2e8]
Event: 5726.966 Thread 0x0000025a9d0dbe70 89224       3       com.android.tools.r8.internal.uZ$$Lambda/0x0000000103643c40::apply (16 bytes)

GC Heap History (20 events):
Event: 5402.735 GC heap before
{Heap before GC invocations=259 (full 0):
 garbage-first heap   total 1734656K, used 1629312K [0x0000000080000000, 0x0000000100000000)
  region size 1024K, 950 young (972800K), 15 survivors (15360K)
 Metaspace       used 329741K, committed 333632K, reserved 753664K
  class space    used 39181K, committed 40896K, reserved 425984K
}
Event: 5402.835 GC heap after
{Heap after GC invocations=260 (full 0):
 garbage-first heap   total 1734656K, used 674711K [0x0000000080000000, 0x0000000100000000)
  region size 1024K, 17 young (17408K), 17 survivors (17408K)
 Metaspace       used 329741K, committed 333632K, reserved 753664K
  class space    used 39181K, committed 40896K, reserved 425984K
}
Event: 5405.371 GC heap before
{Heap before GC invocations=260 (full 0):
 garbage-first heap   total 1734656K, used 1131415K [0x0000000080000000, 0x0000000100000000)
  region size 1024K, 463 young (474112K), 17 survivors (17408K)
 Metaspace       used 329743K, committed 333632K, reserved 753664K
  class space    used 39181K, committed 40896K, reserved 425984K
}
Event: 5405.545 GC heap after
{Heap after GC invocations=261 (full 0):
 garbage-first heap   total 1848320K, used 670956K [0x0000000080000000, 0x0000000100000000)
  region size 1024K, 19 young (19456K), 19 survivors (19456K)
 Metaspace       used 329743K, committed 333632K, reserved 753664K
  class space    used 39181K, committed 40896K, reserved 425984K
}
Event: 5428.954 GC heap before
{Heap before GC invocations=261 (full 0):
 garbage-first heap   total 1848320K, used 1026284K [0x0000000080000000, 0x0000000100000000)
  region size 1024K, 359 young (367616K), 19 survivors (19456K)
 Metaspace       used 331297K, committed 334464K, reserved 753664K
  class space    used 39446K, committed 40960K, reserved 425984K
}
Event: 5429.099 GC heap after
{Heap after GC invocations=262 (full 0):
 garbage-first heap   total 1848320K, used 666934K [0x0000000080000000, 0x0000000100000000)
  region size 1024K, 20 young (20480K), 20 survivors (20480K)
 Metaspace       used 331297K, committed 334464K, reserved 753664K
  class space    used 39446K, committed 40960K, reserved 425984K
}
Event: 5470.262 GC heap before
{Heap before GC invocations=262 (full 0):
 garbage-first heap   total 1848320K, used 934198K [0x0000000080000000, 0x0000000100000000)
  region size 1024K, 278 young (284672K), 20 survivors (20480K)
 Metaspace       used 331416K, committed 334592K, reserved 753664K
  class space    used 39451K, committed 40960K, reserved 425984K
}
Event: 5470.843 GC heap after
{Heap after GC invocations=263 (full 0):
 garbage-first heap   total 1848320K, used 667646K [0x0000000080000000, 0x0000000100000000)
  region size 1024K, 24 young (24576K), 24 survivors (24576K)
 Metaspace       used 331416K, committed 334592K, reserved 753664K
  class space    used 39451K, committed 40960K, reserved 425984K
}
Event: 5481.057 GC heap before
{Heap before GC invocations=263 (full 0):
 garbage-first heap   total 1848320K, used 734206K [0x0000000080000000, 0x0000000100000000)
  region size 1024K, 90 young (92160K), 24 survivors (24576K)
 Metaspace       used 331462K, committed 334592K, reserved 753664K
  class space    used 39452K, committed 40960K, reserved 425984K
}
Event: 5482.066 GC heap after
{Heap after GC invocations=264 (full 0):
 garbage-first heap   total 1848320K, used 665401K [0x0000000080000000, 0x0000000100000000)
  region size 1024K, 4 young (4096K), 4 survivors (4096K)
 Metaspace       used 331462K, committed 334592K, reserved 753664K
  class space    used 39452K, committed 40960K, reserved 425984K
}
Event: 5502.499 GC heap before
{Heap before GC invocations=264 (full 0):
 garbage-first heap   total 1848320K, used 756537K [0x0000000080000000, 0x0000000100000000)
  region size 1024K, 90 young (92160K), 4 survivors (4096K)
 Metaspace       used 331558K, committed 334784K, reserved 753664K
  class space    used 39465K, committed 41024K, reserved 425984K
}
Event: 5502.577 GC heap after
{Heap after GC invocations=265 (full 0):
 garbage-first heap   total 1848320K, used 664914K [0x0000000080000000, 0x0000000100000000)
  region size 1024K, 6 young (6144K), 6 survivors (6144K)
 Metaspace       used 331558K, committed 334784K, reserved 753664K
  class space    used 39465K, committed 41024K, reserved 425984K
}
Event: 5547.941 GC heap before
{Heap before GC invocations=265 (full 0):
 garbage-first heap   total 1848320K, used 768338K [0x0000000080000000, 0x0000000100000000)
  region size 1024K, 90 young (92160K), 6 survivors (6144K)
 Metaspace       used 337304K, committed 340480K, reserved 753664K
  class space    used 39820K, committed 41344K, reserved 425984K
}
Event: 5548.125 GC heap after
{Heap after GC invocations=266 (full 0):
 garbage-first heap   total 1848320K, used 671551K [0x0000000080000000, 0x0000000100000000)
  region size 1024K, 9 young (9216K), 9 survivors (9216K)
 Metaspace       used 337304K, committed 340480K, reserved 753664K
  class space    used 39820K, committed 41344K, reserved 425984K
}
Event: 5552.998 GC heap before
{Heap before GC invocations=266 (full 0):
 garbage-first heap   total 1848320K, used 753471K [0x0000000080000000, 0x0000000100000000)
  region size 1024K, 90 young (92160K), 9 survivors (9216K)
 Metaspace       used 342029K, committed 345280K, reserved 753664K
  class space    used 40302K, committed 41856K, reserved 425984K
}
Event: 5553.144 GC heap after
{Heap after GC invocations=267 (full 0):
 garbage-first heap   total 1848320K, used 672803K [0x0000000080000000, 0x0000000100000000)
  region size 1024K, 8 young (8192K), 8 survivors (8192K)
 Metaspace       used 342029K, committed 345280K, reserved 753664K
  class space    used 40302K, committed 41856K, reserved 425984K
}
Event: 5557.233 GC heap before
{Heap before GC invocations=267 (full 0):
 garbage-first heap   total 1848320K, used 755747K [0x0000000080000000, 0x0000000100000000)
  region size 1024K, 90 young (92160K), 8 survivors (8192K)
 Metaspace       used 345315K, committed 348544K, reserved 753664K
  class space    used 40654K, committed 42240K, reserved 425984K
}
Event: 5557.417 GC heap after
{Heap after GC invocations=268 (full 0):
 garbage-first heap   total 1848320K, used 672768K [0x0000000080000000, 0x0000000100000000)
  region size 1024K, 5 young (5120K), 5 survivors (5120K)
 Metaspace       used 345315K, committed 348544K, reserved 753664K
  class space    used 40654K, committed 42240K, reserved 425984K
}
Event: 5562.816 GC heap before
{Heap before GC invocations=268 (full 0):
 garbage-first heap   total 1848320K, used 903168K [0x0000000080000000, 0x0000000100000000)
  region size 1024K, 232 young (237568K), 5 survivors (5120K)
 Metaspace       used 356983K, committed 360256K, reserved 753664K
  class space    used 41808K, committed 43392K, reserved 425984K
}
Event: 5562.987 GC heap after
{Heap after GC invocations=269 (full 0):
 garbage-first heap   total 1848320K, used 675840K [0x0000000080000000, 0x0000000100000000)
  region size 1024K, 8 young (8192K), 8 survivors (8192K)
 Metaspace       used 356983K, committed 360256K, reserved 753664K
  class space    used 41808K, committed 43392K, reserved 425984K
}

Dll operation events (3 events):
Event: 0.019 Loaded shared library C:\Program Files\Android\Android Studio\jbr\bin\java.dll
Event: 0.031 Loaded shared library C:\Program Files\Android\Android Studio\jbr\bin\zip.dll
Event: 0.666 Loaded shared library C:\Program Files\Android\Android Studio\jbr\bin\verify.dll

Deoptimization events (20 events):
Event: 5725.072 Thread 0x0000025aa54e45d0 DEOPT PACKING pc=0x0000025a84d54ae4 sp=0x0000009d152fb9b0
Event: 5725.072 Thread 0x0000025aa54e45d0 DEOPT UNPACKING pc=0x0000025a8ba288e2 sp=0x0000009d152faf18 mode 0
Event: 5725.072 Thread 0x0000025aa54e45d0 DEOPT PACKING pc=0x0000025a84d550c4 sp=0x0000009d152fbf80
Event: 5725.072 Thread 0x0000025aa54e45d0 DEOPT UNPACKING pc=0x0000025a8ba288e2 sp=0x0000009d152fb558 mode 0
Event: 5725.750 Thread 0x0000025ac3a56e30 Uncommon trap: trap_request=0xffffff45 fr.pc=0x0000025a8ca6f078 relative=0x0000000000000358
Event: 5725.750 Thread 0x0000025ac3a56e30 Uncommon trap: reason=unstable_if action=reinterpret pc=0x0000025a8ca6f078 method=org.jetbrains.kotlin.load.kotlin.FileBasedKotlinClass$3$1.visit(Ljava/lang/String;Ljava/lang/Object;)V @ 12 c2
Event: 5725.750 Thread 0x0000025ac3a56e30 DEOPT PACKING pc=0x0000025a8ca6f078 sp=0x0000009d0aff8060
Event: 5725.750 Thread 0x0000025ac3a56e30 DEOPT UNPACKING pc=0x0000025a8ba27da2 sp=0x0000009d0aff8018 mode 2
Event: 5725.751 Thread 0x0000025ac3a56e30 Uncommon trap: trap_request=0xffffff45 fr.pc=0x0000025a8c7d90a4 relative=0x0000000000004fe4
Event: 5725.751 Thread 0x0000025ac3a56e30 Uncommon trap: reason=unstable_if action=reinterpret pc=0x0000025a8c7d90a4 method=org.jetbrains.org.objectweb.asm.ClassReader.readMethod(Lorg/jetbrains/org/objectweb/asm/ClassVisitor;Lorg/jetbrains/org/objectweb/asm/Context;I)I @ 908 c2
Event: 5725.751 Thread 0x0000025ac3a56e30 DEOPT PACKING pc=0x0000025a8c7d90a4 sp=0x0000009d0aff85a0
Event: 5725.752 Thread 0x0000025ac3a56e30 DEOPT UNPACKING pc=0x0000025a8ba27da2 sp=0x0000009d0aff8578 mode 2
Event: 5726.505 Thread 0x0000025aa54e45d0 Uncommon trap: trap_request=0xffffffc6 fr.pc=0x0000025a8de17678 relative=0x0000000000000538
Event: 5726.505 Thread 0x0000025aa54e45d0 Uncommon trap: reason=bimorphic_or_optimized_type_check action=maybe_recompile pc=0x0000025a8de17678 method=kotlin.jvm.internal.CollectionToArray.toArray(Ljava/util/Collection;)[Ljava/lang/Object; @ 160 c2
Event: 5726.505 Thread 0x0000025aa54e45d0 DEOPT PACKING pc=0x0000025a8de17678 sp=0x0000009d152f9b20
Event: 5726.505 Thread 0x0000025aa54e45d0 DEOPT UNPACKING pc=0x0000025a8ba27da2 sp=0x0000009d152f9ab8 mode 2
Event: 5726.921 Thread 0x0000025aa54e45d0 Uncommon trap: trap_request=0xffffffc6 fr.pc=0x0000025a8de17678 relative=0x0000000000000538
Event: 5726.921 Thread 0x0000025aa54e45d0 Uncommon trap: reason=bimorphic_or_optimized_type_check action=maybe_recompile pc=0x0000025a8de17678 method=kotlin.jvm.internal.CollectionToArray.toArray(Ljava/util/Collection;)[Ljava/lang/Object; @ 160 c2
Event: 5726.921 Thread 0x0000025aa54e45d0 DEOPT PACKING pc=0x0000025a8de17678 sp=0x0000009d152f9b00
Event: 5726.922 Thread 0x0000025aa54e45d0 DEOPT UNPACKING pc=0x0000025a8ba27da2 sp=0x0000009d152f9a98 mode 2

Classes loaded (20 events):
Event: 5602.600 Loading class sun/awt/AppContext$1
Event: 5602.602 Loading class sun/awt/AppContext$1 done
Event: 5602.602 Loading class java/awt/Queue
Event: 5602.603 Loading class java/awt/Queue done
Event: 5602.604 Loading class sun/awt/MostRecentKeyValue
Event: 5602.604 Loading class sun/awt/MostRecentKeyValue done
Event: 5602.604 Loading class sun/awt/PostEventQueue
Event: 5602.604 Loading class sun/awt/PostEventQueue done
Event: 5603.592 Loading class sun/awt/AppContext$PostShutdownEventRunnable
Event: 5603.593 Loading class sun/awt/AppContext$PostShutdownEventRunnable done
Event: 5603.593 Loading class sun/awt/AWTAutoShutdown$1
Event: 5603.594 Loading class sun/awt/AWTAutoShutdown$1 done
Event: 5603.594 Loading class java/awt/AWTEvent$1
Event: 5603.595 Loading class sun/awt/AWTAccessor$AWTEventAccessor
Event: 5603.595 Loading class sun/awt/AWTAccessor$AWTEventAccessor done
Event: 5603.595 Loading class java/awt/AWTEvent$1 done
Event: 5724.529 Loading class java/util/IdentityHashMap$EntrySpliterator
Event: 5724.533 Loading class java/util/IdentityHashMap$IdentityHashMapSpliterator
Event: 5724.534 Loading class java/util/IdentityHashMap$IdentityHashMapSpliterator done
Event: 5724.534 Loading class java/util/IdentityHashMap$EntrySpliterator done

Classes unloaded (20 events):
Event: 5387.133 Thread 0x0000025a9d02d260 Unloading class 0x0000000100760800 'jdk/internal/reflect/GeneratedSerializationConstructorAccessor418'
Event: 5387.134 Thread 0x0000025a9d02d260 Unloading class 0x0000000100823400 'java/lang/invoke/LambdaForm$MH+0x0000000100823400'
Event: 5387.134 Thread 0x0000025a9d02d260 Unloading class 0x000000010134c800 'java/lang/invoke/LambdaForm$MH+0x000000010134c800'
Event: 5387.135 Thread 0x0000025a9d02d260 Unloading class 0x00000001013a8000 'jdk/internal/reflect/GeneratedSerializationConstructorAccessor62'
Event: 5387.135 Thread 0x0000025a9d02d260 Unloading class 0x00000001013a5800 'jdk/internal/reflect/GeneratedSerializationConstructorAccessor61'
Event: 5387.135 Thread 0x0000025a9d02d260 Unloading class 0x00000001013a5400 'jdk/internal/reflect/GeneratedSerializationConstructorAccessor60'
Event: 5387.136 Thread 0x0000025a9d02d260 Unloading class 0x00000001013a4800 'jdk/internal/reflect/GeneratedSerializationConstructorAccessor58'
Event: 5387.136 Thread 0x0000025a9d02d260 Unloading class 0x00000001013a4400 'jdk/internal/reflect/GeneratedSerializationConstructorAccessor57'
Event: 5387.136 Thread 0x0000025a9d02d260 Unloading class 0x00000001013a4000 'jdk/internal/reflect/GeneratedSerializationConstructorAccessor56'
Event: 5571.040 Thread 0x0000025a9d02d260 Unloading class 0x0000000102848400 'java/lang/invoke/LambdaForm$MH+0x0000000102848400'
Event: 5571.040 Thread 0x0000025a9d02d260 Unloading class 0x000000010282ac00 'jdk/internal/reflect/GeneratedSerializationConstructorAccessor822'
Event: 5571.040 Thread 0x0000025a9d02d260 Unloading class 0x000000010282a400 'jdk/internal/reflect/GeneratedSerializationConstructorAccessor820'
Event: 5571.040 Thread 0x0000025a9d02d260 Unloading class 0x0000000102829c00 'jdk/internal/reflect/GeneratedSerializationConstructorAccessor817'
Event: 5571.040 Thread 0x0000025a9d02d260 Unloading class 0x0000000102829000 'jdk/internal/reflect/GeneratedSerializationConstructorAccessor815'
Event: 5571.040 Thread 0x0000025a9d02d260 Unloading class 0x0000000102828800 'jdk/internal/reflect/GeneratedSerializationConstructorAccessor813'
Event: 5571.040 Thread 0x0000025a9d02d260 Unloading class 0x0000000102828400 'jdk/internal/reflect/GeneratedSerializationConstructorAccessor812'
Event: 5571.040 Thread 0x0000025a9d02d260 Unloading class 0x0000000102825c00 'jdk/internal/reflect/GeneratedSerializationConstructorAccessor810'
Event: 5571.040 Thread 0x0000025a9d02d260 Unloading class 0x0000000102825400 'jdk/internal/reflect/GeneratedSerializationConstructorAccessor808'
Event: 5571.040 Thread 0x0000025a9d02d260 Unloading class 0x0000000102824800 'jdk/internal/reflect/GeneratedSerializationConstructorAccessor805'
Event: 5571.040 Thread 0x0000025a9d02d260 Unloading class 0x0000000102824400 'jdk/internal/reflect/GeneratedSerializationConstructorAccessor804'

Classes redefined (0 events):
No events

Internal exceptions (20 events):
Event: 5692.006 Thread 0x0000025aa3120010 Exception <a 'sun/nio/fs/WindowsException'{0x00000000c5896920}> (0x00000000c5896920) 
thrown [s\src\hotspot\share\prims\jni.cpp, line 535]
Event: 5692.279 Thread 0x0000025aa3120010 Exception <a 'sun/nio/fs/WindowsException'{0x00000000c58bdbd0}> (0x00000000c58bdbd0) 
thrown [s\src\hotspot\share\prims\jni.cpp, line 535]
Event: 5692.295 Thread 0x0000025aa3120010 Exception <a 'sun/nio/fs/WindowsException'{0x00000000c58e5608}> (0x00000000c58e5608) 
thrown [s\src\hotspot\share\prims\jni.cpp, line 535]
Event: 5692.371 Thread 0x0000025aa3120010 Exception <a 'sun/nio/fs/WindowsException'{0x00000000c55aa6e0}> (0x00000000c55aa6e0) 
thrown [s\src\hotspot\share\prims\jni.cpp, line 535]
Event: 5692.597 Thread 0x0000025abc1a7040 Exception <a 'sun/nio/fs/WindowsException'{0x00000000c5390f80}> (0x00000000c5390f80) 
thrown [s\src\hotspot\share\prims\jni.cpp, line 535]
Event: 5692.861 Thread 0x0000025abc1a7040 Exception <a 'sun/nio/fs/WindowsException'{0x00000000c539a8a0}> (0x00000000c539a8a0) 
thrown [s\src\hotspot\share\prims\jni.cpp, line 535]
Event: 5695.951 Thread 0x0000025abc1a7040 Exception <a 'sun/nio/fs/WindowsException'{0x00000000c539eff0}> (0x00000000c539eff0) 
thrown [s\src\hotspot\share\prims\jni.cpp, line 535]
Event: 5695.982 Thread 0x0000025abc1a7040 Exception <a 'sun/nio/fs/WindowsException'{0x00000000c53a89b8}> (0x00000000c53a89b8) 
thrown [s\src\hotspot\share\prims\jni.cpp, line 535]
Event: 5697.625 Thread 0x0000025aa3120010 Exception <a 'sun/nio/fs/WindowsException'{0x00000000c4f3baa8}> (0x00000000c4f3baa8) 
thrown [s\src\hotspot\share\prims\jni.cpp, line 535]
Event: 5710.155 Thread 0x0000025aa54e45d0 Exception <a 'java/lang/IncompatibleClassChangeError'{0x00000000c1136c00}: Found class java.lang.Object, but interface was expected> (0x00000000c1136c00) 
thrown [s\src\hotspot\share\interpreter\linkResolver.cpp, line 851]
Event: 5711.151 Thread 0x0000025aa3120010 Exception <a 'java/lang/NoSuchMethodError'{0x00000000c0f180a8}: 'long java.lang.invoke.DirectMethodHandle$Holder.invokeStatic(java.lang.Object, java.lang.Object)'> (0x00000000c0f180a8) 
thrown [s\src\hotspot\share\interpreter\linkResolver.cpp, line 784]
Event: 5711.160 Thread 0x0000025aa3120010 Exception <a 'java/lang/NoSuchMethodError'{0x00000000c0f1be88}: 'long java.lang.invoke.DirectMethodHandle$Holder.invokeStaticInit(java.lang.Object, java.lang.Object)'> (0x00000000c0f1be88) 
thrown [s\src\hotspot\share\interpreter\linkResolver.cpp, line 784]
Event: 5714.634 Thread 0x0000025aa2e72480 Exception <a 'sun/nio/fs/WindowsException'{0x00000000c0c67030}> (0x00000000c0c67030) 
thrown [s\src\hotspot\share\prims\jni.cpp, line 535]
Event: 5714.643 Thread 0x0000025aa2e72480 Exception <a 'sun/nio/fs/WindowsException'{0x00000000c0c69348}> (0x00000000c0c69348) 
thrown [s\src\hotspot\share\prims\jni.cpp, line 535]
Event: 5714.688 Thread 0x0000025aa2e72480 Exception <a 'sun/nio/fs/WindowsException'{0x00000000c0c6b420}> (0x00000000c0c6b420) 
thrown [s\src\hotspot\share\prims\jni.cpp, line 535]
Event: 5722.052 Thread 0x0000025ac3a56e30 Exception <a 'java/lang/NoSuchMethodError'{0x00000000bba2d568}: 'void java.lang.invoke.DirectMethodHandle$Holder.invokeStatic(java.lang.Object, java.lang.Object, java.lang.Object, java.lang.Object, int)'> (0x00000000bba2d568) 
thrown [s\src\hotspot\share\interpreter\linkResolver.cpp, line 784]
Event: 5722.917 Thread 0x0000025aa3120010 Exception <a 'java/lang/IncompatibleClassChangeError'{0x00000000ba29ee90}: Found class java.lang.Object, but interface was expected> (0x00000000ba29ee90) 
thrown [s\src\hotspot\share\interpreter\linkResolver.cpp, line 851]
Event: 5724.340 Thread 0x0000025aa3120010 Exception <a 'java/lang/IncompatibleClassChangeError'{0x00000000b632eed0}: Found class java.lang.Object, but interface was expected> (0x00000000b632eed0) 
thrown [s\src\hotspot\share\interpreter\linkResolver.cpp, line 851]
Event: 5724.350 Thread 0x0000025aa3120010 Exception <a 'java/lang/NoSuchMethodError'{0x00000000b6357c40}: 'java.lang.Object java.lang.invoke.DirectMethodHandle$Holder.invokeSpecial(java.lang.Object, java.lang.Object, int, java.lang.Object, java.lang.Object, java.lang.Object)'> (0x00000000b6357c40) 
thrown [s\src\hotspot\share\interpreter\linkResolver.cpp, line 784]
Event: 5724.425 Thread 0x0000025aa3120010 Exception <a 'java/lang/NoSuchMethodError'{0x00000000b610fd90}: 'void java.lang.invoke.DirectMethodHandle$Holder.invokeStatic(java.lang.Object, java.lang.Object, java.lang.Object, java.lang.Object, java.lang.Object, java.lang.Object, java.lang.Object, java.lang.Object, java.lang.Object, java.lang.Object)'> (0x00000000b610fd90) 
thrown [s\src\hotspot\share\interpreter\linkResolver.cpp, line 784]

ZGC Phase Switch (0 events):
No events

VM Operations (20 events):
Event: 5719.059 Executing VM operation: Cleanup
Event: 5719.088 Executing VM operation: Cleanup done
Event: 5719.357 Executing VM operation: HandshakeAllThreads (Deoptimize)
Event: 5719.392 Executing VM operation: HandshakeAllThreads (Deoptimize) done
Event: 5719.427 Executing VM operation: HandshakeAllThreads (Deoptimize)
Event: 5719.440 Executing VM operation: HandshakeAllThreads (Deoptimize) done
Event: 5720.440 Executing VM operation: Cleanup
Event: 5720.649 Executing VM operation: Cleanup done
Event: 5722.225 Executing VM operation: HandshakeAllThreads (Deoptimize)
Event: 5722.230 Executing VM operation: HandshakeAllThreads (Deoptimize) done
Event: 5722.230 Executing VM operation: Cleanup
Event: 5722.234 Executing VM operation: Cleanup done
Event: 5722.956 Executing VM operation: HandshakeAllThreads (Deoptimize)
Event: 5722.987 Executing VM operation: HandshakeAllThreads (Deoptimize) done
Event: 5723.987 Executing VM operation: Cleanup
Event: 5724.105 Executing VM operation: Cleanup done
Event: 5725.106 Executing VM operation: Cleanup
Event: 5725.191 Executing VM operation: Cleanup done
Event: 5726.191 Executing VM operation: Cleanup
Event: 5726.211 Executing VM operation: Cleanup done

Memory protections (0 events):
No events

Nmethod flushes (20 events):
Event: 5573.042 Thread 0x0000025a9d02d260 flushing  nmethod 0x0000025a88424990
Event: 5573.042 Thread 0x0000025a9d02d260 flushing  nmethod 0x0000025a88425410
Event: 5573.042 Thread 0x0000025a9d02d260 flushing  nmethod 0x0000025a8844d290
Event: 5573.043 Thread 0x0000025a9d02d260 flushing  nmethod 0x0000025a88457190
Event: 5573.043 Thread 0x0000025a9d02d260 flushing  nmethod 0x0000025a88457d90
Event: 5573.043 Thread 0x0000025a9d02d260 flushing  nmethod 0x0000025a88458c90
Event: 5573.043 Thread 0x0000025a9d02d260 flushing  nmethod 0x0000025a8845f390
Event: 5573.044 Thread 0x0000025a9d02d260 flushing  nmethod 0x0000025a884ca490
Event: 5573.044 Thread 0x0000025a9d02d260 flushing  nmethod 0x0000025a884cac90
Event: 5573.044 Thread 0x0000025a9d02d260 flushing  nmethod 0x0000025a884cb410
Event: 5573.044 Thread 0x0000025a9d02d260 flushing  nmethod 0x0000025a884cb990
Event: 5573.044 Thread 0x0000025a9d02d260 flushing  nmethod 0x0000025a884d0190
Event: 5573.044 Thread 0x0000025a9d02d260 flushing  nmethod 0x0000025a884d0590
Event: 5573.044 Thread 0x0000025a9d02d260 flushing  nmethod 0x0000025a884d2810
Event: 5573.044 Thread 0x0000025a9d02d260 flushing  nmethod 0x0000025a884d4590
Event: 5573.044 Thread 0x0000025a9d02d260 flushing  nmethod 0x0000025a884d7690
Event: 5573.044 Thread 0x0000025a9d02d260 flushing  nmethod 0x0000025a885ada10
Event: 5573.044 Thread 0x0000025a9d02d260 flushing  nmethod 0x0000025a885b4b10
Event: 5573.044 Thread 0x0000025a9d02d260 flushing  nmethod 0x0000025a88803290
Event: 5573.044 Thread 0x0000025a9d02d260 flushing  nmethod 0x0000025a8880f810

Events (20 events):
Event: 5674.216 Thread 0x0000025aa33241e0 Thread exited: 0x0000025aa33241e0
Event: 5674.217 Thread 0x0000025ab5807760 Thread exited: 0x0000025ab5807760
Event: 5691.776 Thread 0x0000025aa4d46fe0 Thread added: 0x0000025ab71f1510
Event: 5696.549 Thread 0x0000025aa54e45d0 Thread added: 0x0000025abeb609f0
Event: 5699.300 Thread 0x0000025aa4d46fe0 Thread added: 0x0000025ab7c5d050
Event: 5699.470 Thread 0x0000025aa4d46fe0 Thread added: 0x0000025ab668dd00
Event: 5699.574 Thread 0x0000025aa4d46fe0 Thread added: 0x0000025abe5ba2d0
Event: 5711.050 Thread 0x0000025abeb609f0 Thread exited: 0x0000025abeb609f0
Event: 5722.494 Thread 0x0000025a9d0dbe70 Thread added: 0x0000025ac36eeec0
Event: 5723.976 Thread 0x0000025ac3a56e30 Thread added: 0x0000025accb89f80
Event: 5724.427 Thread 0x0000025aa2e72480 Thread added: 0x0000025abeb64500
Event: 5724.450 Thread 0x0000025aa2e72480 Thread added: 0x0000025ab71f0160
Event: 5724.615 Thread 0x0000025ac36eeec0 Thread exited: 0x0000025ac36eeec0
Event: 5724.647 Thread 0x0000025a9d0db2b0 Thread added: 0x0000025aae9fb760
Event: 5724.884 Thread 0x0000025aae9fb760 Thread exited: 0x0000025aae9fb760
Event: 5724.924 Thread 0x0000025ab71f0160 Thread added: 0x0000025ab668ea20
Event: 5724.926 Thread 0x0000025ab71f0160 Thread added: 0x0000025ab668f0b0
Event: 5724.927 Thread 0x0000025ab71f0160 Thread added: 0x0000025ab6688e40
Event: 5724.927 Thread 0x0000025ab71f0160 Thread added: 0x0000025ab668a1f0
Event: 5724.938 Thread 0x0000025ab668ea20 Thread exited: 0x0000025ab668ea20


Dynamic libraries:
0x00007ff671750000 - 0x00007ff67175a000 	C:\Program Files\Android\Android Studio\jbr\bin\java.exe
0x00007fff95db0000 - 0x00007fff95fc7000 	C:\WINDOWS\SYSTEM32\ntdll.dll
0x00007fff94ae0000 - 0x00007fff94ba4000 	C:\WINDOWS\System32\KERNEL32.DLL
0x00007fff93090000 - 0x00007fff93463000 	C:\WINDOWS\System32\KERNELBASE.dll
0x00007fff935e0000 - 0x00007fff936f1000 	C:\WINDOWS\System32\ucrtbase.dll
0x00007fff7dee0000 - 0x00007fff7defb000 	C:\Program Files\Android\Android Studio\jbr\bin\VCRUNTIME140.dll
0x00007fff625e0000 - 0x00007fff625f8000 	C:\Program Files\Android\Android Studio\jbr\bin\jli.dll
0x00007fff93a70000 - 0x00007fff93c21000 	C:\WINDOWS\System32\USER32.dll
0x00007fff93060000 - 0x00007fff93086000 	C:\WINDOWS\System32\win32u.dll
0x00007fff93a40000 - 0x00007fff93a69000 	C:\WINDOWS\System32\GDI32.dll
0x00007fff93700000 - 0x00007fff93822000 	C:\WINDOWS\System32\gdi32full.dll
0x00007fff93830000 - 0x00007fff938ca000 	C:\WINDOWS\System32\msvcp_win.dll
0x00007fff7b7c0000 - 0x00007fff7ba5b000 	C:\WINDOWS\WinSxS\amd64_microsoft.windows.common-controls_6595b64144ccf1df_6.0.22621.5262_none_2712bde373830908\COMCTL32.dll
0x00007fff95cc0000 - 0x00007fff95d67000 	C:\WINDOWS\System32\msvcrt.dll
0x00007fff951f0000 - 0x00007fff95221000 	C:\WINDOWS\System32\IMM32.DLL
0x00007fff8d490000 - 0x00007fff8d49c000 	C:\Program Files\Android\Android Studio\jbr\bin\vcruntime140_1.dll
0x00007fff41970000 - 0x00007fff419fd000 	C:\Program Files\Android\Android Studio\jbr\bin\msvcp140.dll
0x00007fff06310000 - 0x00007fff06f9b000 	C:\Program Files\Android\Android Studio\jbr\bin\server\jvm.dll
0x00007fff94130000 - 0x00007fff941e1000 	C:\WINDOWS\System32\ADVAPI32.dll
0x00007fff94910000 - 0x00007fff949b7000 	C:\WINDOWS\System32\sechost.dll
0x00007fff935b0000 - 0x00007fff935d8000 	C:\WINDOWS\System32\bcrypt.dll
0x00007fff941f0000 - 0x00007fff94304000 	C:\WINDOWS\System32\RPCRT4.dll
0x00007fff94de0000 - 0x00007fff94e51000 	C:\WINDOWS\System32\WS2_32.dll
0x00007fff92bc0000 - 0x00007fff92c0d000 	C:\WINDOWS\SYSTEM32\POWRPROF.dll
0x00007fff8d010000 - 0x00007fff8d044000 	C:\WINDOWS\SYSTEM32\WINMM.dll
0x00007fff8d390000 - 0x00007fff8d39a000 	C:\WINDOWS\SYSTEM32\VERSION.dll
0x00007fff92ba0000 - 0x00007fff92bb3000 	C:\WINDOWS\SYSTEM32\UMPDC.dll
0x00007fff91eb0000 - 0x00007fff91ec8000 	C:\WINDOWS\SYSTEM32\kernel.appcore.dll
0x00007fff88ce0000 - 0x00007fff88cea000 	C:\Program Files\Android\Android Studio\jbr\bin\jimage.dll
0x00007fff8fe20000 - 0x00007fff90052000 	C:\WINDOWS\SYSTEM32\DBGHELP.DLL
0x00007fff93c30000 - 0x00007fff93fc3000 	C:\WINDOWS\System32\combase.dll
0x00007fff95be0000 - 0x00007fff95cb7000 	C:\WINDOWS\System32\OLEAUT32.dll
0x00007fff785e0000 - 0x00007fff78612000 	C:\WINDOWS\SYSTEM32\dbgcore.DLL
0x00007fff93470000 - 0x00007fff934eb000 	C:\WINDOWS\System32\bcryptPrimitives.dll
0x00007fff69360000 - 0x00007fff6936e000 	C:\Program Files\Android\Android Studio\jbr\bin\instrument.dll
0x00007fff418c0000 - 0x00007fff418e0000 	C:\Program Files\Android\Android Studio\jbr\bin\java.dll
0x00007fff418a0000 - 0x00007fff418b8000 	C:\Program Files\Android\Android Studio\jbr\bin\zip.dll
0x00007fff95320000 - 0x00007fff95bbd000 	C:\WINDOWS\System32\SHELL32.dll
0x00007fff92f20000 - 0x00007fff9305f000 	C:\WINDOWS\System32\wintypes.dll
0x00007fff90d90000 - 0x00007fff916ad000 	C:\WINDOWS\SYSTEM32\windows.storage.dll
0x00007fff94cd0000 - 0x00007fff94ddb000 	C:\WINDOWS\System32\SHCORE.dll
0x00007fff94a70000 - 0x00007fff94ad6000 	C:\WINDOWS\System32\shlwapi.dll
0x00007fff92dd0000 - 0x00007fff92dfb000 	C:\WINDOWS\SYSTEM32\profapi.dll
0x00007fff7ded0000 - 0x00007fff7dee0000 	C:\Program Files\Android\Android Studio\jbr\bin\net.dll
0x00007fff8e9e0000 - 0x00007fff8eb0c000 	C:\WINDOWS\SYSTEM32\WINHTTP.dll
0x00007fff92360000 - 0x00007fff923ca000 	C:\WINDOWS\system32\mswsock.dll
0x00007fff41880000 - 0x00007fff41896000 	C:\Program Files\Android\Android Studio\jbr\bin\nio.dll
0x00007fff6d9a0000 - 0x00007fff6d9b0000 	C:\Program Files\Android\Android Studio\jbr\bin\verify.dll
0x00007fff62660000 - 0x00007fff62687000 	C:\Users\Romil\.gradle\native\1def1411415f61bf3af743bc5b6707747c0891f09f0c88961ee8f79bc544acac\windows-amd64\native-platform.dll
0x00007fff417e0000 - 0x00007fff41858000 	C:\Users\Romil\.gradle\native\0.2.7\x86_64-windows-gnu\gradle-fileevents.dll
0x00007fff72620000 - 0x00007fff72629000 	C:\Program Files\Android\Android Studio\jbr\bin\management.dll
0x00007fff70710000 - 0x00007fff7071b000 	C:\Program Files\Android\Android Studio\jbr\bin\management_ext.dll
0x00007fff94bb0000 - 0x00007fff94bb8000 	C:\WINDOWS\System32\PSAPI.DLL
0x00007fff91910000 - 0x00007fff9193d000 	C:\WINDOWS\SYSTEM32\IPHLPAPI.DLL
0x00007fff94480000 - 0x00007fff94489000 	C:\WINDOWS\System32\NSI.dll
0x00007fff76020000 - 0x00007fff76029000 	C:\Program Files\Android\Android Studio\jbr\bin\extnet.dll
0x00007fff925b0000 - 0x00007fff925cb000 	C:\WINDOWS\SYSTEM32\CRYPTSP.dll
0x00007fff91e10000 - 0x00007fff91e47000 	C:\WINDOWS\system32\rsaenh.dll
0x00007fff92450000 - 0x00007fff92478000 	C:\WINDOWS\SYSTEM32\USERENV.dll
0x00007fff925d0000 - 0x00007fff925dc000 	C:\WINDOWS\SYSTEM32\CRYPTBASE.dll
0x00007fff53f70000 - 0x00007fff53f78000 	C:\WINDOWS\system32\wshunix.dll
0x00007fff91fd0000 - 0x00007fff92004000 	C:\WINDOWS\SYSTEM32\ntmarta.dll
0x00007fff91940000 - 0x00007fff91a38000 	C:\WINDOWS\SYSTEM32\DNSAPI.dll
0x00007fff8ac00000 - 0x00007fff8ac0a000 	C:\Windows\System32\rasadhlp.dll
0x00007fff8a930000 - 0x00007fff8a9b3000 	C:\WINDOWS\System32\fwpuclnt.dll
0x00007fff73ee0000 - 0x00007fff73ef7000 	C:\WINDOWS\system32\napinsp.dll
0x00007fff73ec0000 - 0x00007fff73edb000 	C:\WINDOWS\system32\pnrpnsp.dll
0x00007fff73ea0000 - 0x00007fff73eb1000 	C:\WINDOWS\System32\winrnr.dll
0x00007fff8d3c0000 - 0x00007fff8d3df000 	C:\WINDOWS\system32\wshbth.dll
0x00007fff73e70000 - 0x00007fff73e91000 	C:\WINDOWS\system32\nlansp_c.dll
0x00007fff41cd0000 - 0x00007fff41cee000 	C:\Users\Romil\AppData\Local\Temp\native-platform4163589192331311719dir\native-platform.dll
0x00007fff69b40000 - 0x00007fff69b47000 	C:\Program Files\Android\Android Studio\jbr\bin\rmi.dll
0x00007fff8cf30000 - 0x00007fff8cfc7000 	C:\WINDOWS\system32\apphelp.dll
0x00007fff3e060000 - 0x00007fff3e1f8000 	C:\Program Files\Android\Android Studio\jbr\bin\awt.dll
0x00007fff906f0000 - 0x00007fff9071e000 	C:\WINDOWS\SYSTEM32\dwmapi.dll
0x00007fff40180000 - 0x00007fff401c4000 	C:\Program Files\Android\Android Studio\jbr\bin\nvdaControllerClient64.dll
0x00007fff90460000 - 0x00007fff90513000 	C:\WINDOWS\system32\uxtheme.dll
0x00007fff93fd0000 - 0x00007fff9412e000 	C:\WINDOWS\System32\MSCTF.dll
0x00007fff94e60000 - 0x00007fff95001000 	C:\WINDOWS\System32\ole32.dll

dbghelp: loaded successfully - version: 4.0.5 - missing functions: none
symbol engine: initialized successfully - sym options: 0x614 - pdb path: .;C:\Program Files\Android\Android Studio\jbr\bin;C:\WINDOWS\SYSTEM32;C:\WINDOWS\WinSxS\amd64_microsoft.windows.common-controls_6595b64144ccf1df_6.0.22621.5262_none_2712bde373830908;C:\Program Files\Android\Android Studio\jbr\bin\server;C:\Users\Romil\.gradle\native\1def1411415f61bf3af743bc5b6707747c0891f09f0c88961ee8f79bc544acac\windows-amd64;C:\Users\Romil\.gradle\native\0.2.7\x86_64-windows-gnu;C:\Users\Romil\AppData\Local\Temp\native-platform4163589192331311719dir

VM Arguments:
jvm_args: --add-opens=java.base/java.lang=ALL-UNNAMED --add-opens=java.base/java.lang.invoke=ALL-UNNAMED --add-opens=java.base/java.util=ALL-UNNAMED --add-opens=java.prefs/java.util.prefs=ALL-UNNAMED --add-exports=jdk.compiler/com.sun.tools.javac.api=ALL-UNNAMED --add-exports=jdk.compiler/com.sun.tools.javac.util=ALL-UNNAMED --add-opens=java.base/java.util=ALL-UNNAMED --add-opens=java.prefs/java.util.prefs=ALL-UNNAMED --add-opens=java.base/java.nio.charset=ALL-UNNAMED --add-opens=java.base/java.net=ALL-UNNAMED --add-opens=java.base/java.util.concurrent.atomic=ALL-UNNAMED --add-opens=java.xml/javax.xml.namespace=ALL-UNNAMED -XX:MaxMetaspaceSize=512m -Xmx2048m -Dfile.encoding=UTF-8 -Duser.country=IN -Duser.language=en -Duser.variant -javaagent:C:\Users\Romil\.gradle\wrapper\dists\gradle-8.13-bin\5xuhj0ry160q40clulazy9h7d\gradle-8.13\lib\agents\gradle-instrumentation-agent-8.13.jar 
java_command: org.gradle.launcher.daemon.bootstrap.GradleDaemon 8.13
java_class_path (initial): C:\Users\Romil\.gradle\wrapper\dists\gradle-8.13-bin\5xuhj0ry160q40clulazy9h7d\gradle-8.13\lib\gradle-daemon-main-8.13.jar
Launcher Type: SUN_STANDARD

[Global flags]
     intx CICompilerCount                          = 4                                         {product} {ergonomic}
   size_t CompressedClassSpaceSize                 = 436207616                                 {product} {ergonomic}
     uint ConcGCThreads                            = 2                                         {product} {ergonomic}
     uint G1ConcRefinementThreads                  = 8                                         {product} {ergonomic}
   size_t G1HeapRegionSize                         = 1048576                                   {product} {ergonomic}
    uintx GCDrainStackTargetSize                   = 64                                        {product} {ergonomic}
   size_t InitialHeapSize                          = 132120576                                 {product} {ergonomic}
   size_t MarkStackSize                            = 4194304                                   {product} {ergonomic}
   size_t MaxHeapSize                              = 2147483648                                {product} {command line}
   size_t MaxMetaspaceSize                         = 536870912                                 {product} {command line}
   size_t MaxNewSize                               = 1287651328                                {product} {ergonomic}
   size_t MinHeapDeltaBytes                        = 1048576                                   {product} {ergonomic}
   size_t MinHeapSize                              = 8388608                                   {product} {ergonomic}
    uintx NonNMethodCodeHeapSize                   = 5839372                                {pd product} {ergonomic}
    uintx NonProfiledCodeHeapSize                  = 122909434                              {pd product} {ergonomic}
    uintx ProfiledCodeHeapSize                     = 122909434                              {pd product} {ergonomic}
    uintx ReservedCodeCacheSize                    = 251658240                              {pd product} {ergonomic}
     bool SegmentedCodeCache                       = true                                      {product} {ergonomic}
   size_t SoftMaxHeapSize                          = 2147483648                             {manageable} {ergonomic}
     bool UseCompressedOops                        = true                           {product lp64_product} {ergonomic}
     bool UseG1GC                                  = true                                      {product} {ergonomic}
     bool UseLargePagesIndividualAllocation        = false                                  {pd product} {ergonomic}

Logging:
Log output configuration:
 #0: stdout all=warning uptime,level,tags foldmultilines=false
 #1: stderr all=off uptime,level,tags foldmultilines=false

Environment Variables:
PATH=C:\WINDOWS\system32;C:\WINDOWS;C:\WINDOWS\System32\Wbem;C:\WINDOWS\System32\WindowsPowerShell\v1.0\;C:\WINDOWS\System32\OpenSSH\;C:\Program Files\MySQL\MySQL Server 8.0;C:\Program Files\MySQL\MySQL Server 8.0\bin;C:\Program Files\Git\cmd;C:\Program Files\nodejs\;C:\Program Files\Docker\Docker\resources\bin;C:\Program Files\Java\jdk-17\bin;C:\Users\Romil\AppData\Local\Android\Sdk;C:\Users\Romil\AppData\Local\Android\Sdk\platform-tools;C:\Program Files\MySQL\MySQL Shell 8.0\bin\;C:\Users\Romil\AppData\Local\Microsoft\WindowsApps;C:\Users\Romil\AppData\Local\Programs\Microsoft VS Code Insiders\bin;C:\Program Files\MongoDB\Server\6.0\bin;C:\Users\Romil\AppData\Local\Programs\Microsoft VS Code\bin;C:\Users\Romil\src\flutter_windows_3.3.10-stable\flutter\bin;C:\Users\Romil\AppData\Roaming\npm;D:\AApropelius work\StripeCli;C:\Users\Romil\AppData\Local\Programs\cursor\resources\app\bin;C:\Users\Romil\AppData\Local\Android\Sdk\platform-tools;C:\Users\Romil\AppData\Local\Android\Sdk;C:\Users\Romil\AppData\Local\Android\Sdk\emulator;
USERNAME=Romil
OS=Windows_NT
PROCESSOR_IDENTIFIER=Intel64 Family 6 Model 140 Stepping 1, GenuineIntel
TMP=C:\Users\Romil\AppData\Local\Temp
TEMP=C:\Users\Romil\AppData\Local\Temp




Periodic native trim disabled

JNI global refs:
JNI global refs: 40, weak refs: 1

JNI global refs memory usage: 835, weak refs: 833

Process memory usage:
Resident Set Size: 662596K (8% of 8166712K total physical memory with 358348K free physical memory)

OOME stack traces (most recent first):
Classloader memory used:
